id_with_url,feature_type,score,Variant,ClinVar Phenotype 1,ClinVar Phenotype 2,ClinVar Phenotype 3,ClinVar Phenotype 4,ClinVar Phenotype 5,ClinVar Phenotype 6,ClinVar Phenotype 7,ClinVar Phenotype 8,ClinVar Phenotype 9,ClinVar Phenotype 10,ClinVar Phenotype 11,ClinVar Phenotype 12,ClinVar Phenotype 13
rs1001555,Variant,0.31353796,dbSNP,Neuroblastoma,.,Phenotype ontologies,:,"Diarrhea, Abnormal thorax morphology, Myoclonus, Neuroblastoma, Elevated urinary homovanillic acid, obsolete Heterogeneous, Horner syndrome, Hypertension, Spinal cord compression, Elevated urinary dopamine level, Skin nodule, Typified by incomplete penetrance, Failure to thrive, Weight loss, Sporadic, Anemia, Neoplasm of the nervous system, Bone pain, Ataxia, neuroblastoma, Elevated urinary vanillylmandelic acid, Fever, Abdominal pain, Autosomal dominant inheritance",.,,,,,,,
rs1002076,Variant,0.25321832,dbSNP,Neuroblastoma,.,Phenotype ontologies,:,"Neuroblastoma, Elevated urinary homovanillic acid, obsolete Heterogeneous, Horner syndrome, Spinal cord compression, Hypertension, Elevated urinary dopamine level, Skin nodule, Diarrhea, Abnormal thorax morphology, Myoclonus, Ataxia, Bone pain, neuroblastoma, Elevated urinary vanillylmandelic acid, Fever, Abdominal pain, Autosomal dominant inheritance, Typified by incomplete penetrance, Failure to thrive, Anemia, Sporadic, Weight loss, Neoplasm of the nervous system",.,"HGVS Name(s): c.*2247G>A, c.*432G>A.",,,,,,
rs10035707,Variant,0.27798963,dbSNP,Neuroblastoma,.,Phenotype ontologies,:,"Myoclonus, Abnormal thorax morphology, Diarrhea, Horner syndrome, obsolete Heterogeneous, Spinal cord compression, Hypertension, Elevated urinary dopamine level, Skin nodule, Elevated urinary homovanillic acid, Neuroblastoma, Anemia, Sporadic, Weight loss, Neoplasm of the nervous system, Typified by incomplete penetrance, Failure to thrive, Fever, Abdominal pain, Autosomal dominant inheritance, Ataxia, Bone pain, neuroblastoma, Elevated urinary vanillylmandelic acid",.,"HGVS Name(s): c.334+2631C>G, c.334+2631C>T, c.335-1186C>G, c.335-1186C>T.",,,,,,
rs1005342775,Variant,0.25321832,dbSNP,Neuroblastoma,.,Phenotype ontologies,:,"Bone pain, neuroblastoma, Ataxia, Elevated urinary vanillylmandelic acid, Autosomal dominant inheritance, Abdominal pain, Fever, Failure to thrive, Typified by incomplete penetrance, Sporadic, Anemia, Weight loss, Neoplasm of the nervous system, Elevated urinary homovanillic acid, Neuroblastoma, Elevated urinary dopamine level, Skin nodule, Horner syndrome, obsolete Heterogeneous, Spinal cord compression, Hypertension, Diarrhea, Abnormal thorax morphology, Myoclonus",.,"HGVS Name(s): c.*1666T>C, c.*3481T>C.",,,,,,
rs10089685,Variant,0.32279584,dbSNP,Neuroblastoma,.,Phenotype ontologies,:,"Hypertension, Spinal cord compression, obsolete Heterogeneous, Horner syndrome, Skin nodule, Elevated urinary dopamine level, Neuroblastoma, Elevated urinary homovanillic acid, Myoclonus, Diarrhea, Abnormal thorax morphology, Fever, Abdominal pain, Autosomal dominant inheritance, Elevated urinary vanillylmandelic acid, Bone pain, neuroblastoma, Ataxia, Neoplasm of the nervous system, Sporadic, Weight loss, Anemia, Typified by incomplete penetrance, Failure to thrive",.,,,,,,,
rs10090288,Variant,0.32279584,dbSNP,Depression and alcohol dependence,d,alcohol dependence;G,l,"ucose;Neuroblastoma. Phenotype ontologies: Diarrhea, Abnormal thorax morphology, obsolete_alcohol dependence, obsolete Heterogeneous, Spinal cord compression, Hypertension, Elevated urinary dopamine level, Failure to thrive, Weight loss, Neoplasm of the nervous system, Bone pain, Fever, Abdominal pain, Autosomal dominant inheritance, Myoclonus, Elevated urinary homovanillic acid, Neuroblastoma, Horner syndrome, Skin nodule, Typified by incomplete penetrance, Sporadic",",","Anemia, neuroblastoma, Ataxia, Elevated urinary vanillylmandelic acid, alcohol dependence. HGVS Name(s): c.567+2407A>C.",,,,,,
rs10091852,Variant,0.32279584,dbSNP,Neuroblastoma,.,Phenotype ontologies,:,"Diarrhea, Abnormal thorax morphology, Myoclonus, Elevated urinary homovanillic acid, Neuroblastoma, Elevated urinary dopamine level, Skin nodule, Horner syndrome, obsolete Heterogeneous, Hypertension, Spinal cord compression, Failure to thrive, Typified by incomplete penetrance, Sporadic, Weight loss, Anemia, Neoplasm of the nervous system, neuroblastoma, Bone pain, Ataxia, Elevated urinary vanillylmandelic acid, Autosomal dominant inheritance, Fever, Abdominal pain",.,"HGVS Name(s): n.479-9555G>A, n.479-9555G>C.",,,,,,
rs1010753155,Variant,0.27798963,dbSNP,Haddad syndro,m,e;Hereditary cancer-p,r,"edisposing syndrome;NEUROBLASTOMA, SUSCEPTIBILITY TO, 2 (NBLST2). Phenotype ontologies: Haddad syndrome, neuroblastoma, susceptibility to, 2, central hypoventilation syndrome, congenital, 1, with or without Hirschsprung disease, Aganglionic megacolon, Autosomal dominant inheritance, neuroblastoma. HGVS Name(s): c.793G>A, p.Ala265Thr.",,,,,,,,
rs1012348354,Variant,0.27798963,dbSNP,Haddad syndro,m,e;Hereditary cancer-p,r,"edisposing syndrome;NEUROBLASTOMA, SUSCEPTIBILITY TO, 2 (NBLST2). Phenotype ontologies: Aganglionic megacolon, Autosomal dominant inheritance, neuroblastoma, Haddad syndrome, neuroblastoma, susceptibility to, 2, central hypoventilation syndrome, congenital, 1, with or without Hirschsprung disease. HGVS Name(s): c.153T>C, c.153T>G, n.113A>C, n.113A>G, p.Phe51=, p.Phe51Leu.",,,,,,,,
rs1012646,Variant,0.31848878,dbSNP,Neuroblastoma,.,Phenotype ontologies,:,"neuroblastoma, Bone pain, Ataxia, Elevated urinary vanillylmandelic acid, Autosomal dominant inheritance, Fever, Abdominal pain, Failure to thrive, Typified by incomplete penetrance, Weight loss, Sporadic, Anemia, Neoplasm of the nervous system, Elevated urinary homovanillic acid, Neuroblastoma, Elevated urinary dopamine level, Skin nodule, Horner syndrome, obsolete Heterogeneous, Hypertension, Spinal cord compression, Diarrhea, Abnormal thorax morphology, Myoclonus",.,"HGVS Name(s): c.143-25713C>A, c.143-25713C>T, n.1104+2383G>A, n.1104+2383G>T.",,,,,,
rs1013812,Variant,0.32279584,dbSNP,Neuroblastoma,.,Phenotype ontologies,:,"Autosomal dominant inheritance, Abdominal pain, Fever, Bone pain, neuroblastoma, Ataxia, Elevated urinary vanillylmandelic acid, Sporadic, Weight loss, Anemia, Neoplasm of the nervous system, Failure to thrive, Typified by incomplete penetrance, Elevated urinary dopamine level, Skin nodule, obsolete Heterogeneous, Horner syndrome, Spinal cord compression, Hypertension, Elevated urinary homovanillic acid, Neuroblastoma, Myoclonus, Diarrhea, Abnormal thorax morphology",.,"HGVS Name(s): c.55-67950G>A, c.55-67950G>C.",,,,,,
rs10181051,Variant,0.25321832,dbSNP,Neuroblastoma,.,Phenotype ontologies,:,"Failure to thrive, Typified by incomplete penetrance, Neoplasm of the nervous system, Sporadic, Anemia, Weight loss, Elevated urinary vanillylmandelic acid, neuroblastoma, Bone pain, Ataxia, Autosomal dominant inheritance, Fever, Abdominal pain, Abnormal thorax morphology, Diarrhea, Myoclonus, Elevated urinary homovanillic acid, Neuroblastoma, Skin nodule, Elevated urinary dopamine level, Hypertension, Spinal cord compression, obsolete Heterogeneous, Horner syndrome",.,"HGVS Name(s): c.1A>C, c.1A>G, c.1A>T, c.291+4738A>C, c.291+4738A>G, c.291+4738A>T, p.Met1?.",,,,,,
rs10229203,Variant,0.32279584,dbSNP,Neuroblastoma,.,Phenotype ontologies,:,"Myoclonus, Abnormal thorax morphology, Diarrhea, Elevated urinary dopamine level, Skin nodule, Horner syndrome, obsolete Heterogeneous, Hypertension, Spinal cord compression, Elevated urinary homovanillic acid, Neuroblastoma, Anemia, Sporadic, Weight loss, Neoplasm of the nervous system, Failure to thrive, Typified by incomplete penetrance, Autosomal dominant inheritance, Abdominal pain, Fever, neuroblastoma, Bone pain, Ataxia, Elevated urinary vanillylmandelic acid",.,,,,,,,
rs10248903,Variant,0.32279584,dbSNP,Neuroblastoma,.,Phenotype ontologies,:,"Neoplasm of the nervous system, Weight loss, Sporadic, Anemia, Typified by incomplete penetrance, Failure to thrive, Abdominal pain, Fever, Autosomal dominant inheritance, Elevated urinary vanillylmandelic acid, Bone pain, neuroblastoma, Ataxia, Myoclonus, Abnormal thorax morphology, Diarrhea, Spinal cord compression, Hypertension, obsolete Heterogeneous, Horner syndrome, Skin nodule, Elevated urinary dopamine level, Elevated urinary homovanillic acid, Neuroblastoma",.,"HGVS Name(s): c.329-5932G>A, c.329-5932G>C, c.649+2123G>A, c.649+2123G>C, c.724+2123G>A, c.724+2123G>C, c.850+2123G>A, c.850+2123G>C, n.197-18C>G,",n,.197-1,8C>,T.,,
rs1027702,Variant,0.25321832,dbSNP,Neuroblastoma,.,Phenotype ontologies,:,"Abnormal thorax morphology, Diarrhea, Myoclonus, Neuroblastoma, Elevated urinary homovanillic acid, Horner syndrome, obsolete Heterogeneous, Hypertension, Spinal cord compression, Elevated urinary dopamine level, Skin nodule, Typified by incomplete penetrance, Failure to thrive, Sporadic, Anemia, Weight loss, Neoplasm of the nervous system, neuroblastoma, Bone pain, Ataxia, Elevated urinary vanillylmandelic acid, Abdominal pain, Fever, Autosomal dominant inheritance",.,,,,,,,
rs10456051,Variant,0.27798963,dbSNP,Neuroblastoma,.,Phenotype ontologies,:,"Bone pain, Ataxia, neuroblastoma, Elevated urinary vanillylmandelic acid, Autosomal dominant inheritance, Abdominal pain, Fever, Failure to thrive, Typified by incomplete penetrance, Sporadic, Weight loss, Anemia, Neoplasm of the nervous system, Neuroblastoma, Elevated urinary homovanillic acid, Elevated urinary dopamine level, Skin nodule, obsolete Heterogeneous, Horner syndrome, Hypertension, Spinal cord compression, Diarrhea, Abnormal thorax morphology, Myoclonus",.,"HGVS Name(s): n.218+331A>G, n.280-17739T>C.",,,,,,
rs1047182540,Variant,0.25321832,dbSNP,Not specified,o,type not specified;NE,U,"ROBLASTOMA, SUSCEPTIBILITY TO, 1. Phenotype ontologies: neuroblastoma, susceptibility to, 1, Neuroblastoma, neuroblastoma. HGVS Name(s): c.2387T>C, c.2483T>C, c.2525T>C, p.Leu796Ser, p.Leu828Ser, p.Leu842Ser.",,,,,,,,
rs104893855,Variant,0.27798963,dbSNP,Not specified,o,type not specified;Ha,d,"dad syndrome;Hereditary cancer-predisposing syndrome;NEUROBLASTOMA, SUSCEPTIBILITY TO, 2 (NBLST2). Phenotype ontologies: Autosomal dominant inheritance, Aganglionic megacolon, neuroblastoma, neuroblastoma, susceptibility to, 2, Haddad syndrome, central hypoventilation syndrome, congenital, 1, with or without Hirschsprung disease. HGVS Name(s): c.299G>A, c.299G>T, p.Arg100His, p.Arg100Leu.",,,,,,,,
rs104893856,Variant,0.27798963,dbSNP,Haddad syndro,m,e;Hereditary cancer-p,r,"edisposing syndrome;NEUROBLASTOMA, SUSCEPTIBILITY TO, 2 (NBLST2). Phenotype ontologies: Aganglionic megacolon, Autosomal dominant inheritance, neuroblastoma, neuroblastoma, susceptibility to, 2, Haddad syndrome, central hypoventilation syndrome, congenital, 1, with or without Hirschsprung disease. HGVS Name(s): c.590G>A, c.590G>T, p.Gly197Asp, p.Gly197Val.",,,,,,,,
rs10498025,Variant,0.25321832,dbSNP,Neuroblastoma,.,Phenotype ontologies,:,"Myoclonus, Diarrhea, Abnormal thorax morphology, Skin nodule, Elevated urinary dopamine level, Spinal cord compression, Hypertension, Horner syndrome, obsolete Heterogeneous, Neuroblastoma, Elevated urinary homovanillic acid, Neoplasm of the nervous system, Weight loss, Sporadic, Anemia, Failure to thrive, Typified by incomplete penetrance, Autosomal dominant inheritance, Fever, Abdominal pain, Elevated urinary vanillylmandelic acid, Bone pain, neuroblastoma, Ataxia",.,"HGVS Name(s): n.610+41700A>G, n.610+41700A>T.",,,,,,
rs10498026,Variant,0.25321832,dbSNP,Neuroblastoma,.,Phenotype ontologies,:,"Hypertension, Spinal cord compression, Horner syndrome, obsolete Heterogeneous, Skin nodule, Elevated urinary dopamine level, Elevated urinary homovanillic acid, Neuroblastoma, Myoclonus, Diarrhea, Abnormal thorax morphology, Abdominal pain, Fever, Autosomal dominant inheritance, Elevated urinary vanillylmandelic acid, Ataxia, Bone pain, neuroblastoma, Neoplasm of the nervous system, Weight loss, Sporadic, Anemia, Typified by incomplete penetrance, Failure to thrive",.,"HGVS Name(s): n.610+41794G>A, n.610+41794G>T.",,,,,,
rs10505975,Variant,0.31353796,dbSNP,Neuroblastoma,.,Phenotype ontologies,:,"Elevated urinary vanillylmandelic acid, Bone pain, neuroblastoma, Ataxia, Autosomal dominant inheritance, Abdominal pain, Fever, Failure to thrive, Typified by incomplete penetrance, Neoplasm of the nervous system, Anemia, Sporadic, Weight loss, Elevated urinary homovanillic acid, Neuroblastoma, Skin nodule, Elevated urinary dopamine level, Spinal cord compression, Hypertension, Horner syndrome, obsolete Heterogeneous, Abnormal thorax morphology, Diarrhea, Myoclonus",.,,,,,,,
rs10511979,Variant,0.32279584,dbSNP,Neuroblastoma,.,Phenotype ontologies,:,"Abnormal thorax morphology, Diarrhea, Myoclonus, Neuroblastoma, Elevated urinary homovanillic acid, Elevated urinary dopamine level, Skin nodule, obsolete Heterogeneous, Horner syndrome, Hypertension, Spinal cord compression, Failure to thrive, Typified by incomplete penetrance, Sporadic, Weight loss, Anemia, Neoplasm of the nervous system, neuroblastoma, Bone pain, Ataxia, Elevated urinary vanillylmandelic acid, Autosomal dominant inheritance, Fever, Abdominal pain",.,"HGVS Name(s): c.149-2689G>A, n.112+8233C>T, n.1378+8233C>T.",,,,,,
rs1056927,Variant,0.31353796,dbSNP,Cutaneous mal,i,gnant melanoma;Neurob,l,"astoma;Severe COVID-19 infection. Phenotype ontologies: Elevated urinary vanillylmandelic acid, neuroblastoma, Ataxia, Anemia, Sporadic, cutaneous melanoma, Typified by incomplete penetrance, Skin nodule, Horner syndrome, Elevated urinary homovanillic acid, Neuroblastoma, COVID-19, Myoclonus, Autosomal dominant inheritance, Fever, Abdominal pain, Bone pain, Neoplasm of the nervous system, Weight loss, Failure to thrive, Elevated urinary dopamine level, Spinal cord co",m,"pression, Hypertension, obsolete Heterogeneous, severe acute respiratory syndrome, Abnormal thorax morphology, Diarrhea. HGVS Name(s): c.*5279A>C,",c.,*5279A,">G,",c,.*,5279A>T.
rs1057519697,Variant,0.25321832,dbSNP,ALK-related d,i,sorder;Neuroblastoma.,,"Phenotype ontologies: Myoclonus, Diarrhea, Abnormal thorax morphology, Hypertension, Spinal cord compression, Horner syndrome, obsolete Heterogeneous, Skin nodule, Elevated urinary dopamine level, Neuroblastoma, Elevated urinary homovanillic acid, Neoplasm of the nervous system, Anemia, Sporadic, Weight loss, Typified by incomplete penetrance, Failure to thrive, Fever, Abdominal pain, Autosomal dominant inheritance, Elevated urinary vanillylmandelic acid, Bone pain,",A,"taxia, neuroblastoma. HGVS Name(s): c.3521T>A, c.3521T>C, c.3521T>G, p.Phe1174Cys, p.Phe1174Ser, p.Phe1174Tyr.",,,,,,
rs1057519698,Variant,0.25321832,dbSNP,Neuroblastoma,.,Phenotype ontologies,:,"Autosomal dominant inheritance, Fever, Abdominal pain, Bone pain, neuroblastoma, Ataxia, Elevated urinary vanillylmandelic acid, Anemia, Sporadic, Weight loss, Neoplasm of the nervous system, Failure to thrive, Typified by incomplete penetrance, Elevated urinary dopamine level, Skin nodule, obsolete Heterogeneous, Horner syndrome, Spinal cord compression, Hypertension, Neuroblastoma, Elevated urinary homovanillic acid, Myoclonus, Diarrhea, Abnormal thorax morphology",.,"HGVS Name(s): c.3512T>A, c.3512T>C, c.3512T>G, p.Ile1171Asn, p.Ile1171Ser, p.Ile1171Thr.",,,,,,
rs1057519898,Variant,0.32279584,dbSNP,Astrocytoma;B,r,ainstem glioma;gastri,c,"adenocarcinoma;Medulloblastoma (MDB);Neuroblastoma. Phenotype ontologies: Abdominal pain, Fever, Autosomal dominant inheritance, Bone pain, Neoplasm of the nervous system, astrocytoma, Weight loss, Failure to thrive, Hypertension, Spinal cord compression, obsolete Heterogeneous, Elevated urinary dopamine level, Diarrhea, Abnormal thorax morphology, gastric adenocarcinoma, astrocytoma (excluding glioblastoma), Elevated urinary vanillylmandelic acid, Ataxia, neuroblas",t,"oma, Brain Stem Glioma, medulloblastoma, Anemia, Sporadic, Typified by incomplete penetrance, Horner syndrome, Skin nodule, Elevated urinary homova",ni,llic a,cid,",",Ne,"uroblastoma, Myoclonus. HGVS Name(s): c.1357A>G, c.1369A>G, c.1624A>G, c.1630A>G, c.1636A>G, c.1816A>G, p.Asn453Asp, p.Asn457Asp, p.Asn542Asp, p.Asn544Asp, p.Asn546Asp, p.Asn606Asp."
rs1057519899,Variant,0.32279584,dbSNP,Astrocytoma;B,r,ainstem glioma;gastri,c,"adenocarcinoma;Medulloblastoma (MDB);Neuroblastoma. Phenotype ontologies: Failure to thrive, Weight loss, astrocytoma, Neoplasm of the nervous system, Bone pain, Autosomal dominant inheritance, Fever, Abdominal pain, gastric adenocarcinoma, Diarrhea, Abnormal thorax morphology, Elevated urinary dopamine level, obsolete Heterogeneous, Hypertension, Spinal cord compression, Typified by incomplete penetrance, Anemia, Sporadic, medulloblastoma, Brain Stem Glioma, Ataxia",",","neuroblastoma, Elevated urinary vanillylmandelic acid, astrocytoma (excluding glioblastoma), Myoclonus, Neuroblastoma, Elevated urinary homovanill",ic,"acid,",Sk,in,n,"odule, Horner syndrome. HGVS Name(s): c.1264A>G, c.1264A>T, c.1276A>G, c.1276A>T, c.1531A>G, c.1531A>T, c.1537A>G, c.1537A>T, c.1543A>G, c.1543A>T, c.1723A>G, c.1723A>T, p.Met422Leu, p.Met422Val, p.Met426Leu, p.Met426Val, p.Met511Leu, p.Met511Val, p.Met513Leu, p.Met513Val, p.Met515Leu, p.Met515Val, p.Met575Leu, p.Met575Val."
rs1057519918,Variant,0.32279584,dbSNP,Carcinoma of esophagus,e,sophagus;Lung adenoca,r,"cinoma;Malignant melanoma of skin;Neuroblastoma;Non-Hodgkin lymphoma. Phenotype ontologies: Weight loss, Neoplasm of the nervous system, Failure to thrive, non-Hodgkins lymphoma, Autosomal dominant inheritance, Abdominal pain, esophageal carcinoma, Fever, Bone pain, Abnormal thorax morphology, Diarrhea, Elevated urinary dopamine level, obsolete Heterogeneous, Hypertension, Spinal cord compression, Sporadic, Anemia, cutaneous melanoma, Typified by incomplete penetranc",e,", Ataxia, neuroblastoma, Elevated urinary vanillylmandelic acid, Myoclonus, lung adenocarcinoma, Skin nodule, Horner syndrome, non-small cell lung",ad,enocar,cin,om,"a,","Elevated urinary homovanillic acid, Neuroblastoma. HGVS Name(s): c.-173C>G, c.-173C>T, c.128C>G, c.128C>T, c.170C>G, c.170C>T, c.173C>G, c.173C>T, p.Pro43Arg, p.Pro43Leu, p.Pro57Arg, p.Pro57Leu, p.Pro58Arg, p.Pro58Leu."
rs1057519919,Variant,0.25321832,dbSNP,Glioblastoma;,M,alignant neoplasm of,b,"ody of uterus;Medulloblastoma (MDB);MYCN-related disorder;Neuroblastoma;Pancreatic adenocarcinoma. Phenotype ontologies: Ataxia, neuroblastoma, Elevated urinary vanillylmandelic acid, Typified by incomplete penetrance, Sporadic, glioblastoma, Anemia, medulloblastoma, Elevated urinary homovanillic acid, pancreatic carcinoma, Neuroblastoma, Skin nodule, Horner syndrome, glioma, uterine neoplasm, pancreatic adenocarcinoma, central nervous system cancer, Myoclonus, Bone",p,"ain, Glioblastoma multiforme, Autosomal dominant inheritance, Abdominal pain, Fever, Failure to thrive, Weight loss, Neoplasm of the nervous system",",",gliobl,ast,om,a,"multiforme, uterine corpus cancer, Elevated urinary dopamine level, obsolete Heterogeneous, Hypertension, Spinal cord compression, Abnormal thorax morphology, Diarrhea. HGVS Name(s): c.131C>A, c.131C>T, p.Pro44His, p.Pro44Leu."
rs1057519933,Variant,0.25321832,dbSNP,breast neopla,s,m;COWDEN SYNDROME 5;g,a,"stric adenocarcinoma;Glioblastoma;Lung adenocarcinoma;Malignant neoplasm of body of uterus;Multiple myeloma;Neoplasm of brain;Neoplasm of the large intestine;Neoplasm of uterine cervix;Neuroblastoma;Squamous cell carcinoma of the head and neck. Phenotype ontologies: Failure to thrive, Cowden syndrome 5, Pectus excavatum, Weight loss, High palate, Cataract, head and neck squamous cell carcinoma, Glioblastoma multiforme, Hypothyroidism, gastric adenocarcinoma, Intellec",t,"ual disability, mild, Abnormal thorax morphology, Palmoplantar hyperkeratosis, Diarrhea, Kyphosis, Furrowed tongue, uterine cervix neoplasm, uterin",e,corpus,ca,nc,er,", Elevated urinary dopamine level, Intellectual disability, Goiter, Spinal cord compression, Typified by incomplete penetrance, Skin tags, Neoplasm of the large intestine, Anemia, Sporadic, Gynecomastia, Ataxia, Elevated urinary vanillylmandelic acid, Abnormality of the cardiovascular system, Hydrocele testis, breast carcinoma, glioma, uterine neoplasm, multiple myeloma, central nervous system cancer, Myoclonus, Micrognathia, Elevated urinary homovanillic acid, Neuroblastoma, non-small cell lung adenocarcinoma, Varicocele, Ovarian cyst, Hearing impairment, Fibroadenoma of the breast, Intention tremor, Scoliosis, Neoplasm of the nervous system, glioblastoma multiforme, Bone pain, brain cancer, Autosomal dominant inheritance, breast neoplasm, Abdominal pain, Colonic diverticula, Fever, Myopia, Multiple myeloma, Adult onset, obsolete Heterogeneous, Progressive macrocephaly, Breast carcinoma, Hypertension, Hypoplasia of the maxilla, glioblastoma, Hyperthyroidism, Meningioma, neuroblastoma, Seizure, Hamartomatous polyposis, Transitional cell carcinoma of the bladder, brain neoplasm, Narrow mouth, Angioid streaks of the fundus, Thyroiditis, lung adenocarcinoma, Skin nodule, Horner syndrome. HGVS Name(s): c.331A>G, p.Lys111Glu."
rs1057519934,Variant,0.25321832,dbSNP,breast neopla,s,m;COWDEN SYNDROME;gas,t,"ric adenocarcinoma;Glioblastoma;Lung adenocarcinoma;Malignant neoplasm of body of uterus;Multiple myeloma;Neoplasm of brain;Neoplasm of the large intestine;Neoplasm of uterine cervix;Neuroblastoma;Squamous cell carcinoma of the head and neck. Phenotype ontologies: Macrocephaly, Adenoma sebaceum, Hypertrichosis, non-small cell lung adenocarcinoma, central nervous system cancer, uterine neoplasm, Cafe-au-lait spot, Autism, Gynecomastia, Elevated urinary vanillylmandeli",c,"acid, Dysplastic gangliocytoma of the cerebellum, Anemia, Sporadic, Cowden disease, Typified by incomplete penetrance, Hypopigmented skin patches,",V,erruca,"e,",Go,it,"er, Spinal cord compression, uterine cervix neoplasm, uterine corpus cancer, Furrowed tongue, Diarrhea, head and neck squamous cell carcinoma, lung adenocarcinoma, Skin nodule, Polycystic ovaries, brain neoplasm, Abnormal penis morphology, Abnormal retinal vascular morphology, Melanoma, Meningioma, Aplasia/Hypoplasia of the cerebellum, Multiple myeloma, Neoplasm of the thyroid gland, Renal neoplasm, Cavernous hemangioma, Abdominal pain, Bone pain, Scoliosis, Hypermelanotic macule, Multiple lipomas, Elevated urinary homovanillic acid, Neuroblastoma, multiple myeloma, Myoclonus, glioma, breast carcinoma, Abnormal palate morphology, Short stature, Intestinal polyposis, Increased intracranial pressure, Ataxia, Multiple trichilemmomata, Neoplasm of the large intestine, Elevated urinary dopamine level, Gastrointestinal hemorrhage, Kyphosis, gastric adenocarcinoma, Palmoplantar keratoderma, Abnormal thorax morphology, Dolichocephaly, Cataract, Glioblastoma multiforme, Weight loss, Pectus excavatum, Ovarian neoplasm, Neoplasm of the breast, Failure to thrive, Horner syndrome, Abnormality of the dentition, Melanocytic nevus, Renal cell carcinoma, Gingival overgrowth, neuroblastoma, Seizure, glioblastoma, Brachydactyly, obsolete Heterogeneous, Hypertension, Bone cyst, Myopia, Autosomal dominant inheritance, Uterine neoplasm, breast neoplasm, Fever, brain cancer, Neoplasm of the nervous system, glioblastoma multiforme, Hearing impairment. HGVS Name(s): c.333G>A, c.333G>C, c.333G>T, p.Lys111=, p.Lys111Asn."
rs1057519935,Variant,0.25321832,dbSNP,breast neopla,s,m;gastric adenocarcin,o,"ma;Glioblastoma;Lung adenocarcinoma;Malignant neoplasm of body of uterus;Multiple myeloma;Neoplasm of brain;Neoplasm of the large intestine;Neoplasm of uterine cervix;Neuroblastoma;Squamous cell carcinoma of the head and neck. Phenotype ontologies: breast neoplasm, Abdominal pain, Fever, Autosomal dominant inheritance, Glioblastoma multiforme, head and neck squamous cell carcinoma, Bone pain, brain cancer, glioblastoma multiforme, Neoplasm of the nervous system, Weig",h,"t loss, Failure to thrive, Spinal cord compression, Hypertension, obsolete Heterogeneous, Elevated urinary dopamine level, uterine corpus cancer, u",te,rine c,erv,ix,n,"eoplasm, Multiple myeloma, Abnormal thorax morphology, Diarrhea, gastric adenocarcinoma, Elevated urinary vanillylmandelic acid, neuroblastoma, Ataxia, Anemia, Sporadic, glioblastoma, Neoplasm of the large intestine, Typified by incomplete penetrance, Horner syndrome, non-small cell lung adenocarcinoma, Skin nodule, lung adenocarcinoma, Elevated urinary homovanillic acid, Neuroblastoma, Myoclonus, central nervous system cancer, multiple myeloma, brain neoplasm, uterine neoplasm, breast carcinoma, glioma. HGVS Name(s): c.332A>G, c.332A>T, p.Lys111Arg, p.Lys111Met."
rs1057519984,Variant,0.31848878,dbSNP,B-cell chronic lymphocytic leukemia,c,lymphocytic leukemia,;,breast neoplasm;ClinVar: phenotype not specified;gastric adenocarcinoma;Glioblastoma;Hepatocellular Carcinoma;Hereditary cancer-predisposing syndrome;Li-Fraumeni syndrome;LI-FRAUMENI SYNDROME 1 (LFS1);Lung adenocarcinoma;Malignant melanoma of skin;Malignant neoplasm of body of uterus;Multiple myeloma;Neuroblastoma;Ovarian neoplasm;Ovarian Serous Cystadenocarcinoma;Pancreatic adenocarcinoma;Papillary renal cell carcinoma type 1;Squamous cell carcinoma of the head and,n,eck;Squamous cell carcinoma of the skin;squamous cell lung carcinoma;TP53-related disorder;Transitional cell carcinoma of the bladder;Uterine Carci,no,sarcom,a.,Ph,en,"otype ontologies: squamous cell lung carcinoma, Neuroblastoma, Elevated urinary homovanillic acid, Soft tissue sarcoma, non-small cell lung adenocarcinoma, Leukemia, glioma, breast carcinoma, chronic lymphocytic leukemia, uterine neoplasm, pancreatic adenocarcinoma, central nervous system cancer, multiple myeloma, ovarian serous cystadenocarcinoma, Myoclonus, Elevated urinary vanillylmandelic acid, Ataxia, carcinosarcoma of the corpus uteri, Lymphoma, Typified by incomplete penetrance, Anemia, Sporadic, Hepatocellular carcinoma, Neoplasm of the skin, Osteosarcoma, uterine corpus cancer, Elevated urinary dopamine level, Neoplasm of the central nervous system, Sarcoma, Spinal cord compression, gastric adenocarcinoma, Diarrhea, Abnormal thorax morphology, Acute leukemia, Neoplasm of the skeletal system, Nephroblastoma, Glioblastoma multiforme, head and neck squamous cell carcinoma, Failure to thrive, Squamous cell carcinoma of the skin, Ovarian neoplasm, Neoplasm of the breast, Weight loss, Neoplasm of the adrenal cortex, pancreatic carcinoma, Neoplasm of the pancreas, ovarian neoplasm, Skin nodule, lung adenocarcinoma, Horner syndrome, Transitional cell carcinoma of the bladder, Neoplasm of the colon, Prostate cancer, Adrenocortical carcinoma, neuroblastoma, Melanoma, cutaneous melanoma, Neoplasm of the lung, glioblastoma, skin squamous cell carcinoma, Multiple myeloma, hepatocellular carcinoma, Hypertension, Breast carcinoma, Uterine Carcinosarcoma, obsolete Heterogeneous, Colon cancer, Li-Fraumeni syndrome, Bone pain, Autosomal dominant inheritance, breast neoplasm, Abdominal pain, Fever, ovarian carcinoma, Neoplasm of the nervous system, glioblastoma multiforme. HGVS Name(s): c.782+404C>A, c.782+404C>G, c.782+404C>T, c.822C>A, c.822C>G, c.822C>T, c.843C>A, c.843C>G, c.843C>T, p.Asp274=, p.Asp274Glu, p.Asp281=, p.Asp281Glu."
rs1057520019,Variant,0.25321832,dbSNP,Hereditary cancer-predisposing syndrome,n,cer-predisposing synd,r,"ome;Neuroblastoma;NEUROBLASTOMA, SUSCEPTIBILITY TO, 3 (NBLST3). Phenotype ontologies: Myoclonus, Skin nodule, Horner syndrome, Elevated urinary homovanillic acid, Neuroblastoma, Anemia, Sporadic, Typified by incomplete penetrance, neuroblastoma, Ataxia, Elevated urinary vanillylmandelic acid, Diarrhea, Abnormal thorax morphology, Elevated urinary dopamine level, obsolete Heterogeneous, Hypertension, Spinal cord compression, Weight loss, Neoplasm of the nervous system",",","Failure to thrive, neuroblastoma, susceptibility to, 3, Autosomal dominant inheritance, Abdominal pain, Fever, Bone pain. HGVS Name(s): c.3497T>A,",c,.3497T,">C,",c,0.3,"497T>G, p.Met1166Arg, p.Met1166Lys, p.Met1166Thr."
rs1060501118,Variant,0.27798963,dbSNP,Not specified,o,type not specified;Ha,d,"dad syndrome;Hereditary cancer-predisposing syndrome;NEUROBLASTOMA, SUSCEPTIBILITY TO, 2 (NBLST2). Phenotype ontologies: Aganglionic megacolon, Autosomal dominant inheritance, neuroblastoma, neuroblastoma, susceptibility to, 2, Haddad syndrome, central hypoventilation syndrome, congenital, 1, with or without Hirschsprung disease. HGVS Name(s): c.670C>A, p.Pro224Thr.",,,,,,,,
rs1060501124,Variant,0.27798963,dbSNP,Haddad syndro,m,e;Hereditary cancer-p,r,"edisposing syndrome;NEUROBLASTOMA, SUSCEPTIBILITY TO, 2 (NBLST2). Phenotype ontologies: Haddad syndrome, neuroblastoma, susceptibility to, 2, central hypoventilation syndrome, congenital, 1, with or without Hirschsprung disease, Autosomal dominant inheritance, Aganglionic megacolon, neuroblastoma. HGVS Name(s): c.730G>C, p.Ala244Pro.",,,,,,,,
rs1063178,Variant,0.25321832,dbSNP,Neuroblastoma,.,Phenotype ontologies,:,"Ataxia, Bone pain, neuroblastoma, Elevated urinary vanillylmandelic acid, Autosomal dominant inheritance, Abdominal pain, Fever, Failure to thrive, Typified by incomplete penetrance, Sporadic, Anemia, Weight loss, Neoplasm of the nervous system, Neuroblastoma, Elevated urinary homovanillic acid, Elevated urinary dopamine level, Skin nodule, obsolete Heterogeneous, Horner syndrome, Hypertension, Spinal cord compression, Abnormal thorax morphology, Diarrhea, Myoclonus",.,"HGVS Name(s): c.510C>T, n.373-1550G>A, p.Tyr170=.",,,,,,
rs1063611,Variant,0.27798963,dbSNP,Congenital ce,n,tral hypoventilation;,N,"EUROBLASTOMA, SUSCEPTIBILITY TO, 2 (NBLST2). Phenotype ontologies: neuroblastoma, susceptibility to, 2, Aganglionic megacolon, Autosomal dominant inheritance, central hypoventilation syndrome, congenital, 1, with or without Hirschsprung disease, neuroblastoma. HGVS Name(s): c.*1662A>G, c.*1662A>T.",,,,,,,,
rs10737958,Variant,0.27798963,dbSNP,Neuroblastoma,,pediatric. Phenotype,o,"ntologies: neuroblastoma. HGVS Name(s): c.147-22611C>A, c.147-22611C>G, c.84-22611C>A, c.84-22611C>G.",,,,,,,,
rs10742682,Variant,0.31353796,dbSNP,Sporadic neur,o,blastoma. Phenotype o,n,"tologies: neuroblastoma. HGVS Name(s): n.187-4649G>A, n.281+3273C>T, n.286+3273C>T.",,,,,,,,
rs10753713,Variant,0.25321832,dbSNP,Neuroblastoma,.,Phenotype ontologies,:,"Bone pain, neuroblastoma, Ataxia, Elevated urinary vanillylmandelic acid, Autosomal dominant inheritance, Fever, Abdominal pain, Failure to thrive, Typified by incomplete penetrance, Sporadic, Weight loss, Anemia, Neoplasm of the nervous system, Neuroblastoma, Elevated urinary homovanillic acid, Elevated urinary dopamine level, Skin nodule, obsolete Heterogeneous, Horner syndrome, Hypertension, Spinal cord compression, Diarrhea, Abnormal thorax morphology, Myoclonus",.,"HGVS Name(s): n.220+39563C>G, n.220+39563C>T.",,,,,,
rs10832869,Variant,0.31353796,dbSNP,Neuroblastoma,.,Phenotype ontologies,:,"Elevated urinary vanillylmandelic acid, Bone pain, neuroblastoma, Ataxia, Abdominal pain, Fever, Autosomal dominant inheritance, Typified by incomplete penetrance, Failure to thrive, Neoplasm of the nervous system, Weight loss, Sporadic, Anemia, Elevated urinary homovanillic acid, Neuroblastoma, Spinal cord compression, Hypertension, obsolete Heterogeneous, Horner syndrome, Skin nodule, Elevated urinary dopamine level, Diarrhea, Abnormal thorax morphology, Myoclonus",.,"HGVS Name(s): n.483-756A>G, n.483-756A>T, n.805-756A>G, n.805-756A>T.",,,,,,
rs10840002,Variant,0.31353796,dbSNP,Neuroblastoma,.,Phenotype ontologies,:,"Bone pain, Ataxia, neuroblastoma, Elevated urinary vanillylmandelic acid, Autosomal dominant inheritance, Abdominal pain, Fever, Failure to thrive, Typified by incomplete penetrance, Weight loss, Sporadic, Anemia, Neoplasm of the nervous system, Neuroblastoma, Elevated urinary homovanillic acid, Elevated urinary dopamine level, Skin nodule, Horner syndrome, obsolete Heterogeneous, Spinal cord compression, Hypertension, Abnormal thorax morphology, Diarrhea, Myoclonus",.,"HGVS Name(s): n.229-2225A>G, n.229-2225A>T.",,,,,,
rs10864463,Variant,0.25321832,dbSNP,Neuroblastoma,.,Phenotype ontologies,:,"Diarrhea, Abnormal thorax morphology, Myoclonus, Neuroblastoma, Elevated urinary homovanillic acid, obsolete Heterogeneous, Horner syndrome, Hypertension, Spinal cord compression, Elevated urinary dopamine level, Skin nodule, Typified by incomplete penetrance, Failure to thrive, Anemia, Sporadic, Weight loss, Neoplasm of the nervous system, Bone pain, neuroblastoma, Ataxia, Elevated urinary vanillylmandelic acid, Abdominal pain, Fever, Autosomal dominant inheritance",.,"HGVS Name(s): c.169+17206A>C, c.169+17206A>G.",,,,,,
rs10880089,Variant,0.31353796,dbSNP,Neuroblastoma,.,Phenotype ontologies,:,"Skin nodule, Elevated urinary dopamine level, Hypertension, Spinal cord compression, Horner syndrome, obsolete Heterogeneous, Neuroblastoma, Elevated urinary homovanillic acid, Myoclonus, Diarrhea, Abnormal thorax morphology, Autosomal dominant inheritance, Fever, Abdominal pain, Elevated urinary vanillylmandelic acid, Bone pain, Ataxia, neuroblastoma, Neoplasm of the nervous system, Sporadic, Weight loss, Anemia, Failure to thrive, Typified by incomplete penetrance",.,"HGVS Name(s): c.1203+5529A>C, c.237+5529A>C, c.423+5529A>C, c.429+5529A>C.",,,,,,
rs10886492,Variant,0.32279584,dbSNP,Neuroblastoma,.,Phenotype ontologies,:,"Abnormal thorax morphology, Diarrhea, Myoclonus, Elevated urinary homovanillic acid, Neuroblastoma, Spinal cord compression, Hypertension, Horner syndrome, obsolete Heterogeneous, Skin nodule, Elevated urinary dopamine level, Typified by incomplete penetrance, Failure to thrive, Neoplasm of the nervous system, Anemia, Sporadic, Weight loss, Elevated urinary vanillylmandelic acid, Bone pain, Ataxia, neuroblastoma, Abdominal pain, Fever, Autosomal dominant inheritance",.,,,,,,,
rs10889628,Variant,0.25321832,dbSNP,Neuroblastoma,.,Phenotype ontologies,:,"Myoclonus, Abnormal thorax morphology, Diarrhea, Spinal cord compression, Hypertension, Horner syndrome, obsolete Heterogeneous, Skin nodule, Elevated urinary dopamine level, Neuroblastoma, Elevated urinary homovanillic acid, Neoplasm of the nervous system, Sporadic, Anemia, Weight loss, Typified by incomplete penetrance, Failure to thrive, Abdominal pain, Fever, Autosomal dominant inheritance, Elevated urinary vanillylmandelic acid, Bone pain, Ataxia, neuroblastoma",.,"HGVS Name(s): c.10+25910C>A, c.10+25910C>G, c.10+25910C>T.",,,,,,
rs10895322,Variant,0.31353796,dbSNP,Not specified,o,type not specified;Ne,u,roblastoma (11q deletion). Phenotype ontologies: neuroblastoma. HGVS Name(s): c.954-4768T>C.,,,,,,,,
rs10932572,Variant,0.25321832,dbSNP,Neuroblastoma,.,Phenotype ontologies,:,"Diarrhea, Abnormal thorax morphology, Myoclonus, Elevated urinary homovanillic acid, Neuroblastoma, Hypertension, Spinal cord compression, Horner syndrome, obsolete Heterogeneous, Skin nodule, Elevated urinary dopamine level, Typified by incomplete penetrance, Failure to thrive, Neoplasm of the nervous system, Sporadic, Weight loss, Anemia, Elevated urinary vanillylmandelic acid, Bone pain, Ataxia, neuroblastoma, Fever, Abdominal pain, Autosomal dominant inheritance",.,"HGVS Name(s): c.*234+4809T>A, c.*234+4809T>C, c.1160+4809T>A, c.1160+4809T>C, c.1568+4809T>A, c.1568+4809T>C.",,,,,,
rs10936131,Variant,0.25321832,dbSNP,Neuroblastoma,.,Phenotype ontologies,:,"Myoclonus, Diarrhea, Abnormal thorax morphology, Elevated urinary dopamine level, Skin nodule, Horner syndrome, obsolete Heterogeneous, Spinal cord compression, Hypertension, Elevated urinary homovanillic acid, Neuroblastoma, Sporadic, Weight loss, Anemia, Neoplasm of the nervous system, Failure to thrive, Typified by incomplete penetrance, Autosomal dominant inheritance, Abdominal pain, Fever, Ataxia, Bone pain, neuroblastoma, Elevated urinary vanillylmandelic acid",.,HGVS Name(s): c.532-1788C>T.,,,,,,
rs10936142,Variant,0.25321832,dbSNP,Diastolic blo,o,d pressure;Neuroblast,o,"ma. Phenotype ontologies: Spinal cord compression, Hypertension, obsolete Heterogeneous, Elevated urinary dopamine level, Diarrhea, Abnormal thorax morphology, Fever, Abdominal pain, Autosomal dominant inheritance, Bone pain, Neoplasm of the nervous system, Weight loss, Failure to thrive, Horner syndrome, Skin nodule, Neuroblastoma, Elevated urinary homovanillic acid, Myoclonus, Elevated urinary vanillylmandelic acid, neuroblastoma, Ataxia, diastolic blood pressure,",S,"poradic, Anemia, Typified by incomplete penetrance. HGVS Name(s): c.584-6319T>C.",,,,,,
rs11037575,Variant,0.31353796,dbSNP,Neuroblastoma,.,Phenotype ontologies,:,"Failure to thrive, Typified by incomplete penetrance, Sporadic, Anemia, Weight loss, Neoplasm of the nervous system, Ataxia, Bone pain, neuroblastoma, Elevated urinary vanillylmandelic acid, Autosomal dominant inheritance, Abdominal pain, Fever, Diarrhea, Abnormal thorax morphology, Myoclonus, Neuroblastoma, Elevated urinary homovanillic acid, Elevated urinary dopamine level, Skin nodule, obsolete Heterogeneous, Horner syndrome, Hypertension, Spinal cord compression",.,"HGVS Name(s): c.160+25793T>A, c.160+25793T>C, n.282-44131T>A, n.282-44131T>C.",,,,,,
rs110419,Variant,0.31353796,dbSNP,Diastolic blo,o,d pressure;Height;Neu,r,"oblastoma;Systolic blood pressure. Phenotype ontologies: Sporadic, Anemia, diastolic blood pressure, body height, Typified by incomplete penetrance, systolic blood pressure, Elevated urinary vanillylmandelic acid, neuroblastoma, Ataxia, Myoclonus, Skin nodule, Horner syndrome, Neuroblastoma, Elevated urinary homovanillic acid, Neoplasm of the nervous system, Weight loss, Failure to thrive, Autosomal dominant inheritance, Abdominal pain, Fever, Bone pain, Diarrhea, Ab",n,"ormal thorax morphology, Elevated urinary dopamine level, Spinal cord compression, Hypertension, obsolete Heterogeneous. HGVS Name(s): c.-8-802T>A,",c,.-8-80,2T>,"C,",c,".23-802T>A, c.23-802T>C, c.26-802T>A, c.26-802T>C."
rs11121552,Variant,0.25321832,dbSNP,Charcot-Marie,-,Tooth disease;Charcot,-,"Marie-Tooth disease type 2;Charcot-Marie-Tooth disease type 2A1;ClinVar: phenotype not specified;Neuroblastoma;Pheochromocytoma. Phenotype ontologies: Skeletal muscle atrophy, Pheochromocytoma, EMG abnormality, Hemangioma, Neuroblastoma, Elevated urinary homovanillic acid, Episodic hypertension, Charcot-Marie-Tooth disease, Myoclonus, Abnormality of blood and blood-forming tissues, Tachycardia, Decreased nerve conduction velocity, Cafe-au-lait spot, Abnormality of th",e,"cardiovascular system, Proteinuria, Abnormality of the genitourinary system, Elevated urinary vanillylmandelic acid, Ataxia, Sporadic, Anemia, Hyp",er,calcem,"ia,",T,yp,"ified by incomplete penetrance, Abnormality of the endocrine system, Elevated urinary dopamine level, Spinal cord compression, pheochromocytoma, Hemiplegia/hemiparesis, Kyphosis, Laryngomalacia, Abnormal thorax morphology, Diarrhea, adrenal gland pheochromocytoma, Weight loss, Abnormality of the voice, Failure to thrive, Gait disturbance, Skin nodule, Reduced tendon reflexes, Neoplasm, Horner syndrome, Hyperhidrosis, Abnormality of metabolism/homeostasis, Incoordination, Cerebral hemorrhage, neuroblastoma, Abnormality of the nervous system, Impaired pain sensation, Renal artery stenosis, Abnormality of the eye, Hypertension, obsolete Heterogeneous, Charcot-Marie-Tooth disease type 2, Autosomal dominant inheritance, Fever, Abdominal pain, Bone pain, Neoplasm of the nervous system, Scoliosis, Congestive heart failure, Charcot-Marie-Tooth disease type 2A1. HGVS Name(s): c.5259C>A, c.5301C>A, c.5364C>A, p.Thr1753=, p.Thr1767=, p.Thr1788=."
rs11131168,Variant,0.25321832,dbSNP,Neuroblastoma,.,Phenotype ontologies,:,"Abnormal thorax morphology, Diarrhea, Myoclonus, Neuroblastoma, Elevated urinary homovanillic acid, obsolete Heterogeneous, Horner syndrome, Spinal cord compression, Hypertension, Elevated urinary dopamine level, Skin nodule, Typified by incomplete penetrance, Failure to thrive, Sporadic, Weight loss, Anemia, Neoplasm of the nervous system, Bone pain, Ataxia, neuroblastoma, Elevated urinary vanillylmandelic acid, Abdominal pain, Fever, Autosomal dominant inheritance",.,,,,,,,
rs111663673,Variant,0.25321832,dbSNP,Charcot-Marie,-,Tooth disease type 2;,C,"linVar: phenotype not specified;Neuroblastoma;Pheochromocytoma. Phenotype ontologies: Myoclonus, Abnormality of blood and blood-forming tissues, Tachycardia, Pheochromocytoma, Hemangioma, Episodic hypertension, Neuroblastoma, Elevated urinary homovanillic acid, Sporadic, Anemia, Typified by incomplete penetrance, Hypercalcemia, Abnormality of the cardiovascular system, Cafe-au-lait spot, Proteinuria, Ataxia, Abnormality of the genitourinary system, Elevated urinary v",a,"nillylmandelic acid, Diarrhea, Abnormal thorax morphology, Elevated urinary dopamine level, Abnormality of the endocrine system, pheochromocytoma,",Sp,inal c,ord,c,om,"pression, Weight loss, Failure to thrive, adrenal gland pheochromocytoma, Hyperhidrosis, Abnormality of metabolism/homeostasis, Cerebral hemorrhage, Skin nodule, Horner syndrome, Neoplasm, Abnormality of the nervous system, neuroblastoma, Charcot-Marie-Tooth disease type 2, Abnormality of the eye, Renal artery stenosis, obsolete Heterogeneous, Hypertension, Neoplasm of the nervous system, Congestive heart failure, Autosomal dominant inheritance, Abdominal pain, Fever, Bone pain. HGVS Name(s): c.*265_*280del, c.*267_*280del, c.*269_*280del, c.*271_*280del, c.*273_*280del, c.*275_*280del, c.*277_*280del, c.*279_*280del, c.*281_*280insCA, c.*281_*280insCACA, c.*281_*280insCACACA, c.*281_*280insCACACACA, c.*281_*280insCACACACACA, c.*281_*280insCACACACACACA, c.*281_*280insCACACACACACACA, c.*281_*280insCACACACACACACACA, c.*281_*280insCACACACACACACACACA, c.*281_*280insCACACACACACACACACACA, c.*281_*280insCACACACACACACACACACACACACA, c.5366+1479_5367-1472del, c.5366+1481_5367-1472del, c.5366+1483_5367-1472del, c.5367-1472_5367-1471insCA, c.5367-1472_5367-1471insCACA, c.5367-1472_5367-1471insCACACA, c.5367-1472_5367-1471insCACACACA, c.5367-1472_5367-1471insCACACACACA, c.5367-1472_5367-1471insCACACACACACA, c.5367-1472_5367-1471insCACACACACACACA, c.5367-1472_5367-1471insCACACACACACACACA, c.5367-1472_5367-1471insCACACACACACACACACA, c.5367-1472_5367-1471insCACACACACACACACACACA, c.5367-1472_5367-1471insCACACACACACACACACACACACACA, c.5367-1473_5367-1472del, c.5367-1475_5367-1472del, c.5367-1477_5367-1472del, c.5367-1479_5367-1472del, c.5367-1481_5367-1472del."
rs111767224,Variant,0.32279584,dbSNP,Neuroblastoma,.,Phenotype ontologies,:,"Elevated urinary homovanillic acid, Neuroblastoma, Spinal cord compression, Hypertension, Horner syndrome, obsolete Heterogeneous, Skin nodule, Elevated urinary dopamine level, Abnormal thorax morphology, Diarrhea, Myoclonus, Elevated urinary vanillylmandelic acid, Bone pain, neuroblastoma, Ataxia, Fever, Abdominal pain, Autosomal dominant inheritance, Typified by incomplete penetrance, Failure to thrive, Neoplasm of the nervous system, Weight loss, Sporadic, Anemia",.,,,,,,,
rs1117751,Variant,0.25321832,dbSNP,Neuroblastoma,.,Phenotype ontologies,:,"Myoclonus, Diarrhea, Abnormal thorax morphology, Elevated urinary dopamine level, Skin nodule, obsolete Heterogeneous, Horner syndrome, Spinal cord compression, Hypertension, Elevated urinary homovanillic acid, Neuroblastoma, Sporadic, Anemia, Weight loss, Neoplasm of the nervous system, Failure to thrive, Typified by incomplete penetrance, Autosomal dominant inheritance, Abdominal pain, Fever, Bone pain, neuroblastoma, Ataxia, Elevated urinary vanillylmandelic acid",.,"HGVS Name(s): n.391+33775G>A, n.391+33775G>C, n.391+33775G>T, n.399-3297C>A, n.399-3297C>G, n.399-3297C>T.",,,,,,
rs11185668,Variant,0.32279584,dbSNP,Neuroblastoma,.,Phenotype ontologies,:,"Neoplasm of the nervous system, Sporadic, Weight loss, Anemia, Typified by incomplete penetrance, Failure to thrive, Abdominal pain, Fever, Autosomal dominant inheritance, Elevated urinary vanillylmandelic acid, Bone pain, neuroblastoma, Ataxia, Myoclonus, Diarrhea, Abnormal thorax morphology, Spinal cord compression, Hypertension, Horner syndrome, obsolete Heterogeneous, Skin nodule, Elevated urinary dopamine level, Neuroblastoma, Elevated urinary homovanillic acid",.,"HGVS Name(s): n.223-2121T>A, n.223-2121T>C, n.223-2121T>G.",,,,,,
rs111982937,Variant,0.000562459,dbSNP,Neuroblastoma,",","SUSCEPTIBILITY TO, 3",,"(NBLST3). Phenotype ontologies: neuroblastoma, susceptibility to, 3. HGVS Name(s): c.3515+15A>G, c.3515+15A>T.",,,,,,,,
rs112022466,Variant,0.000562459,dbSNP,Hereditary cancer-predisposing syndrome,n,cer-predisposing synd,r,"ome;NEUROBLASTOMA, SUSCEPTIBILITY TO, 3 (NBLST3). Phenotype ontologies: neuroblastoma, susceptibility to, 3. HGVS Name(s): c.2817C>T, p.Gly939=.",,,,,,,,
rs11204752,Variant,0.25321832,dbSNP,Chronic disea,s,es of tonsils or aden,o,"ids MTAG;Neuroblastoma or malignant cutaneous melanoma;Thyroid stimulating hormone levels. Phenotype ontologies: neuroblastoma, thyroid stimulating hormone measurement, cutaneous melanoma, tonsillitis. HGVS Name(s): c.473-679T>C, c.473-679T>G.",,,,,,,,
rs11225292,Variant,0.31353796,dbSNP,Neuroblastoma,.,Phenotype ontologies,:,"Abdominal pain, Fever, Autosomal dominant inheritance, neuroblastoma, Bone pain, Ataxia, Elevated urinary vanillylmandelic acid, Weight loss, Sporadic, Anemia, Neoplasm of the nervous system, Typified by incomplete penetrance, Failure to thrive, Horner syndrome, obsolete Heterogeneous, Hypertension, Spinal cord compression, Elevated urinary dopamine level, Skin nodule, Elevated urinary homovanillic acid, Neuroblastoma, Myoclonus, Abnormal thorax morphology, Diarrhea",.,,,,,,,
rs1123848,Variant,0.25321832,dbSNP,Neuroblastoma,.,Phenotype ontologies,:,"Typified by incomplete penetrance, Failure to thrive, Sporadic, Weight loss, Anemia, Neoplasm of the nervous system, Bone pain, neuroblastoma, Ataxia, Elevated urinary vanillylmandelic acid, Abdominal pain, Fever, Autosomal dominant inheritance, Abnormal thorax morphology, Diarrhea, Myoclonus, Elevated urinary homovanillic acid, Neuroblastoma, obsolete Heterogeneous, Horner syndrome, Spinal cord compression, Hypertension, Elevated urinary dopamine level, Skin nodule",.,"HGVS Name(s): n.686-41516C>A, n.686-41516C>T.",,,,,,
rs11243436,Variant,0.000593944,dbSNP,Germline telo,m,ere length in neurobl,a,stoma.,,,,,,,,
rs112555777,Variant,0.32279584,dbSNP,Neuroblastoma,.,Phenotype ontologies,:,"Bone pain, Ataxia, neuroblastoma, Elevated urinary vanillylmandelic acid, Abdominal pain, Fever, Autosomal dominant inheritance, Typified by incomplete penetrance, Failure to thrive, Sporadic, Weight loss, Anemia, Neoplasm of the nervous system, Elevated urinary homovanillic acid, Neuroblastoma, obsolete Heterogeneous, Horner syndrome, Hypertension, Spinal cord compression, Elevated urinary dopamine level, Skin nodule, Abnormal thorax morphology, Diarrhea, Myoclonus",.,HGVS Name(s): c.235+6005G>A.,,,,,,
rs112736234,Variant,0.000562459,dbSNP,Not specified,o,type not specified;NE,U,"ROBLASTOMA, SUSCEPTIBILITY TO, 3 (NBLST3). Phenotype ontologies: neuroblastoma, susceptibility to, 3. HGVS Name(s): c.952+16C>G, c.952+16C>T.",,,,,,,,
rs112782816,Variant,0.000562459,dbSNP,Neuroblastoma,",","SUSCEPTIBILITY TO, 3",,"(NBLST3). Phenotype ontologies: neuroblastoma, susceptibility to, 3. HGVS Name(s): c.866C>G, c.866C>T, p.Ser289Cys, p.Ser289Phe.",,,,,,,,
rs112828378,Variant,0.000562459,dbSNP,Hereditary cancer-predisposing syndrome,n,cer-predisposing synd,r,"ome;NEUROBLASTOMA, SUSCEPTIBILITY TO, 3 (NBLST3). Phenotype ontologies: neuroblastoma, susceptibility to, 3. HGVS Name(s): c.2904A>G, p.Pro968=.",,,,,,,,
rs113159747,Variant,0.31353796,dbSNP,Neuroblastoma,.,Phenotype ontologies,:,"Diarrhea, Abnormal thorax morphology, Myoclonus, Elevated urinary homovanillic acid, Neuroblastoma, Hypertension, Spinal cord compression, obsolete Heterogeneous, Horner syndrome, Skin nodule, Elevated urinary dopamine level, Typified by incomplete penetrance, Failure to thrive, Neoplasm of the nervous system, Anemia, Sporadic, Weight loss, Elevated urinary vanillylmandelic acid, Ataxia, Bone pain, neuroblastoma, Fever, Abdominal pain, Autosomal dominant inheritance",.,,,,,,,
rs113303272,Variant,0.000562459,dbSNP,Neuroblastoma,",","SUSCEPTIBILITY TO, 3",,"(NBLST3). Phenotype ontologies: neuroblastoma, susceptibility to, 3. HGVS Name(s): c.2898C>A, c.2898C>T, p.Tyr966=, p.Tyr966Ter.",,,,,,,,
rs1138791,Variant,0.25321832,dbSNP,Neuroblastoma,.,Phenotype ontologies,:,"Neoplasm of the nervous system, Sporadic, Anemia, Weight loss, Typified by incomplete penetrance, Failure to thrive, Abdominal pain, Fever, Autosomal dominant inheritance, Elevated urinary vanillylmandelic acid, neuroblastoma, Bone pain, Ataxia, Myoclonus, Diarrhea, Abnormal thorax morphology, Hypertension, Spinal cord compression, obsolete Heterogeneous, Horner syndrome, Skin nodule, Elevated urinary dopamine level, Elevated urinary homovanillic acid, Neuroblastoma",.,"HGVS Name(s): c.*2096A>G, c.*3911A>G.",,,,,,
rs113994087,Variant,0.25321832,dbSNP,breast neopla,s,m;ClinVar: phenotype,n,"ot specified;Hereditary cancer-predisposing syndrome;Neoplasm of brain;Neuroblastoma;NEUROBLASTOMA, SUSCEPTIBILITY TO, 3 (NBLST3). Phenotype ontologies: Typified by incomplete penetrance, Sporadic, Anemia, Ataxia, neuroblastoma, Elevated urinary vanillylmandelic acid, breast carcinoma, brain neoplasm, Myoclonus, Neuroblastoma, Elevated urinary homovanillic acid, Skin nodule, Horner syndrome, Failure to thrive, neuroblastoma, susceptibility to, 3, Weight loss, Neoplas",m,"of the nervous system, brain cancer, Bone pain, Autosomal dominant inheritance, Abdominal pain, breast neoplasm, Fever, Abnormal thorax morphology",",",Diarrh,"ea,",E,le,"vated urinary dopamine level, obsolete Heterogeneous, Hypertension, Spinal cord compression. HGVS Name(s): c.3824G>A, c.3824G>C, c.3824G>T, p.Arg1275Gln, p.Arg1275Leu, p.Arg1275Pro."
rs113994088,Variant,0.25321832,dbSNP,Neoplasm of b,r,ain;Neuroblastoma;NEU,R,"OBLASTOMA, SUSCEPTIBILITY TO, 3 (NBLST3). Phenotype ontologies: Elevated urinary dopamine level, obsolete Heterogeneous, Spinal cord compression, Hypertension, Diarrhea, Abnormal thorax morphology, Bone pain, brain cancer, Autosomal dominant inheritance, Fever, Abdominal pain, Failure to thrive, neuroblastoma, susceptibility to, 3, Weight loss, Neoplasm of the nervous system, Elevated urinary homovanillic acid, Neuroblastoma, Skin nodule, Horner syndrome, brain neopl",a,"sm, Myoclonus, neuroblastoma, Ataxia, Elevated urinary vanillylmandelic acid, Typified by incomplete penetrance, Sporadic, Anemia. HGVS Name(s): c.",33,"83G>C,",p.,Gl,y1,128Ala.
rs113994089,Variant,0.25321832,dbSNP,Hereditary cancer-predisposing syndrome,n,cer-predisposing synd,r,"ome;Neoplasm of brain;Neuroblastoma;NEUROBLASTOMA, SUSCEPTIBILITY TO, 3 (NBLST3). Phenotype ontologies: Failure to thrive, neuroblastoma, susceptibility to, 3, Weight loss, Neoplasm of the nervous system, Bone pain, brain cancer, Autosomal dominant inheritance, Fever, Abdominal pain, Diarrhea, Abnormal thorax morphology, Elevated urinary dopamine level, obsolete Heterogeneous, Spinal cord compression, Hypertension, Typified by incomplete penetrance, Sporadic, Anemia,",,"Ataxia, neuroblastoma, Elevated urinary vanillylmandelic acid, brain neoplasm, Myoclonus, Elevated urinary homovanillic acid, Neuroblastoma, Skin n",od,"ule, H",orn,er,s,"yndrome. HGVS Name(s): c.3575G>A, c.3575G>C, p.Arg1192Gln, p.Arg1192Pro."
rs113994091,Variant,0.25321832,dbSNP,Not specified,o,type not specified;He,r,"editary cancer-predisposing syndrome;Neuroblastoma;NEUROBLASTOMA, SUSCEPTIBILITY TO, 3 (NBLST3). Phenotype ontologies: Typified by incomplete penetrance, Sporadic, Anemia, Elevated urinary vanillylmandelic acid, Ataxia, neuroblastoma, Myoclonus, Neuroblastoma, Elevated urinary homovanillic acid, Skin nodule, Horner syndrome, Failure to thrive, neuroblastoma, susceptibility to, 3, Neoplasm of the nervous system, Weight loss, Bone pain, Autosomal dominant inheritance,",A,"bdominal pain, Fever, Diarrhea, Abnormal thorax morphology, Elevated urinary dopamine level, Spinal cord compression, Hypertension, obsolete Hetero",ge,neous.,HG,VS,N,"ame(s): c.3452C>A, c.3452C>G, c.3452C>T, p.Thr1151Arg, p.Thr1151Lys, p.Thr1151Met."
rs113994092,Variant,0.25321832,dbSNP,Hereditary cancer-predisposing syndrome,n,cer-predisposing synd,r,"ome;Neuroblastoma;NEUROBLASTOMA, SUSCEPTIBILITY TO, 3 (NBLST3). Phenotype ontologies: neuroblastoma, susceptibility to, 3, Failure to thrive, Weight loss, Neoplasm of the nervous system, Bone pain, Abdominal pain, Fever, Autosomal dominant inheritance, Abnormal thorax morphology, Diarrhea, obsolete Heterogeneous, Hypertension, Spinal cord compression, Elevated urinary dopamine level, Typified by incomplete penetrance, Anemia, Sporadic, neuroblastoma, Ataxia, Elevated",,"urinary vanillylmandelic acid, Myoclonus, Neuroblastoma, Elevated urinary homovanillic acid, Horner syndrome, Skin nodule. HGVS Name(s): c.3749T>A,",c,.3749T,">C,",c,0.3,"749T>G, p.Ile1250Asn, p.Ile1250Ser, p.Ile1250Thr."
rs114084418,Variant,0.25321832,dbSNP,Charcot-Marie,-,Tooth disease;Charcot,-,"Marie-Tooth disease type 2;ClinVar: phenotype not specified;KIF1B-related disorder;Neuroblastoma. Phenotype ontologies: Myoclonus, Decreased nerve conduction velocity, Incoordination, Skeletal muscle atrophy, Skin nodule, Horner syndrome, Reduced tendon reflexes, EMG abnormality, Charcot-Marie-Tooth disease, Neuroblastoma, Elevated urinary homovanillic acid, Anemia, Sporadic, Impaired pain sensation, Typified by incomplete penetrance, Ataxia, neuroblastoma, Elevated",u,"rinary vanillylmandelic acid, Charcot-Marie-Tooth disease type 2, Laryngomalacia, Kyphosis, Diarrhea, Abnormal thorax morphology, Elevated urinary",do,pamine,le,ve,"l,","obsolete Heterogeneous, Hypertension, Spinal cord compression, Hemiplegia/hemiparesis, Scoliosis, Weight loss, Neoplasm of the nervous system, Failure to thrive, Abnormality of the voice, Gait disturbance, Autosomal dominant inheritance, Fever, Abdominal pain, Bone pain. HGVS Name(s): c.363+6A>C."
rs114266141,Variant,0.25321832,dbSNP,Charcot-Marie,-,Tooth disease;Charcot,-,"Marie-Tooth disease type 2;ClinVar: phenotype not specified;Neuroblastoma. Phenotype ontologies: Scoliosis, Weight loss, Neoplasm of the nervous system, Gait disturbance, Abnormality of the voice, Failure to thrive, Fever, Abdominal pain, Autosomal dominant inheritance, Bone pain, Laryngomalacia, Kyphosis, Charcot-Marie-Tooth disease type 2, Abnormal thorax morphology, Diarrhea, obsolete Heterogeneous, Hypertension, Spinal cord compression, Elevated urinary dopamine",l,"evel, Hemiplegia/hemiparesis, Impaired pain sensation, Anemia, Sporadic, Typified by incomplete penetrance, Ataxia, neuroblastoma, Elevated urinary",v,anilly,lma,nd,el,"ic acid, Myoclonus, Decreased nerve conduction velocity, Incoordination, Horner syndrome, Reduced tendon reflexes, Skeletal muscle atrophy, Skin nodule, Charcot-Marie-Tooth disease, Elevated urinary homovanillic acid, Neuroblastoma, EMG abnormality. HGVS Name(s): c.3822+6A>C, c.3864+6A>C, c.3927+6A>C."
rs114290493,Variant,0.27798963,dbSNP,Not specified,o,type not specified;Co,n,"genital central hypoventilation;NEUROBLASTOMA, SUSCEPTIBILITY TO, 2 (NBLST2). Phenotype ontologies: central hypoventilation syndrome, congenital, 1, with or without Hirschsprung disease, neuroblastoma, Autosomal dominant inheritance, Aganglionic megacolon, neuroblastoma, susceptibility to, 2. HGVS Name(s): c.*161G>A, c.*161G>C.",,,,,,,,
rs114591848,Variant,0.31353796,dbSNP,Neuroblastoma,,pediatric. Phenotype,o,"ntologies: neuroblastoma. HGVS Name(s): c.3185G>A, p.Arg1062Gln.",,,,,,,,
rs114648606,Variant,0.31353796,dbSNP,Neuroblastoma,.,Phenotype ontologies,:,"Anemia, Sporadic, Weight loss, Neoplasm of the nervous system, Failure to thrive, Typified by incomplete penetrance, Autosomal dominant inheritance, Fever, Abdominal pain, Bone pain, neuroblastoma, Ataxia, Elevated urinary vanillylmandelic acid, Myoclonus, Abnormal thorax morphology, Diarrhea, Elevated urinary dopamine level, Skin nodule, Horner syndrome, obsolete Heterogeneous, Hypertension, Spinal cord compression, Neuroblastoma, Elevated urinary homovanillic acid",.,,,,,,,
rs114655292,Variant,0.32279584,dbSNP,Neuroblastoma,.,Phenotype ontologies,:,"Sporadic, Anemia, Weight loss, Neoplasm of the nervous system, Typified by incomplete penetrance, Failure to thrive, Fever, Abdominal pain, Autosomal dominant inheritance, neuroblastoma, Bone pain, Ataxia, Elevated urinary vanillylmandelic acid, Myoclonus, Diarrhea, Abnormal thorax morphology, Horner syndrome, obsolete Heterogeneous, Hypertension, Spinal cord compression, Elevated urinary dopamine level, Skin nodule, Elevated urinary homovanillic acid, Neuroblastoma",.,"HGVS Name(s): n.1857+12984G>A, n.1857+12984G>C, n.1857+12984G>T.",,,,,,
rs115084399,Variant,0.25321832,dbSNP,Neuroblastoma,.,Phenotype ontologies,:,"Typified by incomplete penetrance, Failure to thrive, Neoplasm of the nervous system, Anemia, Sporadic, Weight loss, Elevated urinary vanillylmandelic acid, Bone pain, neuroblastoma, Ataxia, Fever, Abdominal pain, Autosomal dominant inheritance, Abnormal thorax morphology, Diarrhea, Myoclonus, Elevated urinary homovanillic acid, Neuroblastoma, Spinal cord compression, Hypertension, Horner syndrome, obsolete Heterogeneous, Skin nodule, Elevated urinary dopamine level",.,"HGVS Name(s): c.177-147418A>C, c.177-147418A>G.",,,,,,
rs115172954,Variant,0.25321832,dbSNP,Neuroblastoma,.,Phenotype ontologies,:,"Spinal cord compression, Hypertension, Horner syndrome, obsolete Heterogeneous, Skin nodule, Elevated urinary dopamine level, Elevated urinary homovanillic acid, Neuroblastoma, Myoclonus, Diarrhea, Abnormal thorax morphology, Fever, Abdominal pain, Autosomal dominant inheritance, Elevated urinary vanillylmandelic acid, Bone pain, Ataxia, neuroblastoma, Neoplasm of the nervous system, Sporadic, Weight loss, Anemia, Typified by incomplete penetrance, Failure to thrive",.,"HGVS Name(s): c.*2698G>A, c.*883G>A.",,,,,,
rs115197409,Variant,0.31848878,dbSNP,Neuroblastoma,.,Phenotype ontologies,:,"Elevated urinary vanillylmandelic acid, neuroblastoma, Bone pain, Ataxia, Autosomal dominant inheritance, Abdominal pain, Fever, Failure to thrive, Typified by incomplete penetrance, Neoplasm of the nervous system, Sporadic, Anemia, Weight loss, Elevated urinary homovanillic acid, Neuroblastoma, Skin nodule, Elevated urinary dopamine level, Spinal cord compression, Hypertension, obsolete Heterogeneous, Horner syndrome, Diarrhea, Abnormal thorax morphology, Myoclonus",.,"HGVS Name(s): c.2430+6212C>T, n.44+7210G>A.",,,,,,
rs11562721,Variant,0.32279584,dbSNP,Neuroblastoma,.,Phenotype ontologies,:,"Hypertension, Spinal cord compression, Horner syndrome, obsolete Heterogeneous, Skin nodule, Elevated urinary dopamine level, Elevated urinary homovanillic acid, Neuroblastoma, Myoclonus, Abnormal thorax morphology, Diarrhea, Fever, Abdominal pain, Autosomal dominant inheritance, Elevated urinary vanillylmandelic acid, neuroblastoma, Bone pain, Ataxia, Neoplasm of the nervous system, Weight loss, Sporadic, Anemia, Typified by incomplete penetrance, Failure to thrive",.,HGVS Name(s): c.962+40331A>G.,,,,,,
rs11591710,Variant,0.32279584,dbSNP,Clear cell renal cell carcinoma,n,al cell carcinoma;Lun,g,"adenocarcinoma;Neuroblastoma or malignant cutaneous melanoma. Phenotype ontologies: lung adenocarcinoma, non-small cell lung adenocarcinoma, clear cell renal carcinoma, neuroblastoma, Clear cell renal cell carcinoma, nonpapillary renal cell carcinoma, cutaneous melanoma. HGVS Name(s): n.274-10218T>G.",,,,,,,,
rs11591988,Variant,0.32279584,dbSNP,Neuroblastoma,.,Phenotype ontologies,:,"Myoclonus, Abnormal thorax morphology, Diarrhea, obsolete Heterogeneous, Horner syndrome, Hypertension, Spinal cord compression, Elevated urinary dopamine level, Skin nodule, Neuroblastoma, Elevated urinary homovanillic acid, Sporadic, Anemia, Weight loss, Neoplasm of the nervous system, Typified by incomplete penetrance, Failure to thrive, Fever, Abdominal pain, Autosomal dominant inheritance, Bone pain, neuroblastoma, Ataxia, Elevated urinary vanillylmandelic acid",.,,,,,,,
rs11601325,Variant,0.31353796,dbSNP,CONE-ROD SYNA,P,"TIC DISORDER, CONGENI",T,"AL NONPROGRESSIVE;Neuroblastoma. Phenotype ontologies: Undetectable electroretinogram, Elevated urinary vanillylmandelic acid, Ataxia, neuroblastoma, Anemia, Sporadic, Typified by incomplete penetrance, Skin nodule, Horner syndrome, Color vision defect, Undetectable light-adapted electroretinogram, Elevated urinary homovanillic acid, Neuroblastoma, Nystagmus, Visual impairment, Nonprogressive visual loss, Myoclonus, Congenital stationary night blindness, Autosomal do",m,"inant inheritance, Abdominal pain, Fever, Bone pain, Neoplasm of the nervous system, Weight loss, Failure to thrive, Autosomal recessive inheritanc","e,",Eleva,ted,u,ri,"nary dopamine level, Spinal cord compression, Hypertension, Abnormal light-adapted electroretinogram, obsolete Heterogeneous, Hypermetropia, Strabismus, Photophobia, Abnormal thorax morphology, Electronegative electroretinogram, Diarrhea. HGVS Name(s): c.*876G>A."
rs11606658,Variant,0.31353796,dbSNP,Diastolic blo,o,d pressure;Neuroblast,o,"ma or malignant cutaneous melanoma;Systolic blood pressure. Phenotype ontologies: cutaneous melanoma, neuroblastoma, systolic blood pressure, diastolic blood pressure. HGVS Name(s): c.283+19749T>C, n.404+19749T>C.",,,,,,,,
rs116089798,Variant,0.25321832,dbSNP,Charcot-Marie,-,Tooth disease;Charcot,-,"Marie-Tooth disease type 2;ClinVar: phenotype not specified;Neuroblastoma. Phenotype ontologies: Diarrhea, Abnormal thorax morphology, Laryngomalacia, Kyphosis, Charcot-Marie-Tooth disease type 2, Hemiplegia/hemiparesis, obsolete Heterogeneous, Hypertension, Spinal cord compression, Elevated urinary dopamine level, Gait disturbance, Abnormality of the voice, Failure to thrive, Scoliosis, Weight loss, Neoplasm of the nervous system, Bone pain, Abdominal pain, Fever, A",u,"tosomal dominant inheritance, Decreased nerve conduction velocity, Incoordination, Myoclonus, Charcot-Marie-Tooth disease, Neuroblastoma, Elevated",ur,inary,hom,ov,an,"illic acid, EMG abnormality, Horner syndrome, Reduced tendon reflexes, Skeletal muscle atrophy, Skin nodule, Typified by incomplete penetrance, Impaired pain sensation, Sporadic, Anemia, Ataxia, neuroblastoma, Elevated urinary vanillylmandelic acid. HGVS Name(s): c.4044T>C, c.4086T>C, c.4149T>C, p.Asp1348=, p.Asp1362=, p.Asp1383=."
rs11611238,Variant,0.31353796,dbSNP,Not specified,o,type not specified;Ne,u,"roblastoma. Phenotype ontologies: Failure to thrive, Typified by incomplete penetrance, Anemia, Sporadic, Weight loss, Neoplasm of the nervous system, Bone pain, neuroblastoma, Ataxia, Elevated urinary vanillylmandelic acid, Autosomal dominant inheritance, Fever, Abdominal pain, Diarrhea, Abnormal thorax morphology, Myoclonus, Elevated urinary homovanillic acid, Neuroblastoma, Elevated urinary dopamine level, Skin nodule, Horner syndrome, obsolete Heterogeneous, Hype",r,"tension, Spinal cord compression. HGVS Name(s): c.626-27A>C, c.626-27A>G, c.626-27A>T.",,,,,,
rs11616409,Variant,0.31353796,dbSNP,Neuroblastoma,.,Phenotype ontologies,:,"Elevated urinary dopamine level, Skin nodule, obsolete Heterogeneous, Horner syndrome, Spinal cord compression, Hypertension, Neuroblastoma, Elevated urinary homovanillic acid, Myoclonus, Abnormal thorax morphology, Diarrhea, Autosomal dominant inheritance, Fever, Abdominal pain, Ataxia, Bone pain, neuroblastoma, Elevated urinary vanillylmandelic acid, Weight loss, Sporadic, Anemia, Neoplasm of the nervous system, Failure to thrive, Typified by incomplete penetrance",.,HGVS Name(s): n.55+20125C>T.,,,,,,
rs116167243,Variant,0.25321832,dbSNP,Neuroblastoma,.,Phenotype ontologies,:,"Myoclonus, Abnormal thorax morphology, Diarrhea, Skin nodule, Elevated urinary dopamine level, Hypertension, Spinal cord compression, obsolete Heterogeneous, Horner syndrome, Elevated urinary homovanillic acid, Neuroblastoma, Neoplasm of the nervous system, Sporadic, Weight loss, Anemia, Failure to thrive, Typified by incomplete penetrance, Autosomal dominant inheritance, Abdominal pain, Fever, Elevated urinary vanillylmandelic acid, neuroblastoma, Bone pain, Ataxia",.,"HGVS Name(s): c.*1503C>T, c.5367-249C>T.",,,,,,
rs116202066,Variant,0.000562459,dbSNP,Not specified,o,type not specified;He,r,"editary cancer-predisposing syndrome;NEUROBLASTOMA, SUSCEPTIBILITY TO, 3 (NBLST3). Phenotype ontologies: neuroblastoma, susceptibility to, 3. HGVS Name(s): c.1943C>T, p.Thr648Ile.",,,,,,,,
rs11626929,Variant,0.31353796,dbSNP,Low density l,i,poprotein cholesterol,,"levels;Neuroblastoma. Phenotype ontologies: Elevated urinary vanillylmandelic acid, Bone pain, Ataxia, neuroblastoma, Abdominal pain, Fever, Autosomal dominant inheritance, Typified by incomplete penetrance, Failure to thrive, Neoplasm of the nervous system, Anemia, Sporadic, Weight loss, Neuroblastoma, Elevated urinary homovanillic acid, Spinal cord compression, Hypertension, obsolete Heterogeneous, Horner syndrome, Skin nodule, Elevated urinary dopamine level, Abno",r,"mal thorax morphology, Diarrhea, low density lipoprotein cholesterol measurement, Myoclonus. HGVS Name(s): c.199-838C>T.",,,,,,
rs1162776926,Variant,0.27798963,dbSNP,Haddad syndro,m,e;Hereditary cancer-p,r,"edisposing syndrome;NEUROBLASTOMA, SUSCEPTIBILITY TO, 2 (NBLST2). Phenotype ontologies: central hypoventilation syndrome, congenital, 1, with or without Hirschsprung disease, Haddad syndrome, neuroblastoma, susceptibility to, 2, neuroblastoma, Aganglionic megacolon, Autosomal dominant inheritance. HGVS Name(s): c.475G>C, c.475G>T, p.Ala159Pro, p.Ala159Ser.",,,,,,,,
rs116282734,Variant,0.25321832,dbSNP,Neuroblastoma,.,Phenotype ontologies,:,"Fever, Abdominal pain, Autosomal dominant inheritance, Bone pain, neuroblastoma, Ataxia, Elevated urinary vanillylmandelic acid, Sporadic, Weight loss, Anemia, Neoplasm of the nervous system, Typified by incomplete penetrance, Failure to thrive, Horner syndrome, obsolete Heterogeneous, Spinal cord compression, Hypertension, Elevated urinary dopamine level, Skin nodule, Elevated urinary homovanillic acid, Neuroblastoma, Myoclonus, Abnormal thorax morphology, Diarrhea",.,HGVS Name(s): n.120+91517G>C.,,,,,,
rs11648088,Variant,0.31848878,dbSNP,Neuroblastoma,.,Phenotype ontologies,:,"Myoclonus, Abnormal thorax morphology, Diarrhea, Hypertension, Spinal cord compression, obsolete Heterogeneous, Horner syndrome, Skin nodule, Elevated urinary dopamine level, Elevated urinary homovanillic acid, Neuroblastoma, Neoplasm of the nervous system, Sporadic, Anemia, Weight loss, Typified by incomplete penetrance, Failure to thrive, Fever, Abdominal pain, Autosomal dominant inheritance, Elevated urinary vanillylmandelic acid, Ataxia, Bone pain, neuroblastoma",.,HGVS Name(s): c.-1546-49224T>C.,,,,,,
rs11677798,Variant,0.25321832,dbSNP,Neuroblastoma,.,Phenotype ontologies,:,"Fever, Abdominal pain, Autosomal dominant inheritance, Elevated urinary vanillylmandelic acid, Bone pain, Ataxia, neuroblastoma, Neoplasm of the nervous system, Sporadic, Anemia, Weight loss, Typified by incomplete penetrance, Failure to thrive, Spinal cord compression, Hypertension, obsolete Heterogeneous, Horner syndrome, Skin nodule, Elevated urinary dopamine level, Neuroblastoma, Elevated urinary homovanillic acid, Myoclonus, Diarrhea, Abnormal thorax morphology",.,HGVS Name(s): n.610+16994C>T.,,,,,,
rs11681160,Variant,0.25321832,dbSNP,Neuroblastoma,.,Phenotype ontologies,:,"Neoplasm of the nervous system, Weight loss, Sporadic, Anemia, Typified by incomplete penetrance, Failure to thrive, Fever, Abdominal pain, Autosomal dominant inheritance, Elevated urinary vanillylmandelic acid, Bone pain, neuroblastoma, Ataxia, Myoclonus, Abnormal thorax morphology, Diarrhea, Hypertension, Spinal cord compression, Horner syndrome, obsolete Heterogeneous, Skin nodule, Elevated urinary dopamine level, Elevated urinary homovanillic acid, Neuroblastoma",.,HGVS Name(s): c.51+27489C>T.,,,,,,
rs11714239,Variant,0.25321832,dbSNP,Neuroblastoma,.,Phenotype ontologies,:,"Elevated urinary dopamine level, Skin nodule, obsolete Heterogeneous, Horner syndrome, Hypertension, Spinal cord compression, Neuroblastoma, Elevated urinary homovanillic acid, Myoclonus, Diarrhea, Abnormal thorax morphology, Autosomal dominant inheritance, Fever, Abdominal pain, Ataxia, Bone pain, neuroblastoma, Elevated urinary vanillylmandelic acid, Sporadic, Anemia, Weight loss, Neoplasm of the nervous system, Failure to thrive, Typified by incomplete penetrance",.,"HGVS Name(s): n.289+17787G>A, n.289+17787G>C, n.289+17787G>T.",,,,,,
rs11716327,Variant,0.25321832,dbSNP,Neuroblastoma,.,Phenotype ontologies,:,"Abnormal thorax morphology, Diarrhea, Myoclonus, Neuroblastoma, Elevated urinary homovanillic acid, Horner syndrome, obsolete Heterogeneous, Spinal cord compression, Hypertension, Elevated urinary dopamine level, Skin nodule, Typified by incomplete penetrance, Failure to thrive, Sporadic, Weight loss, Anemia, Neoplasm of the nervous system, Bone pain, neuroblastoma, Ataxia, Elevated urinary vanillylmandelic acid, Fever, Abdominal pain, Autosomal dominant inheritance",.,HGVS Name(s): c.583+43218G>T.,,,,,,
rs11723860,Variant,0.27798963,dbSNP,Congenital ce,n,tral hypoventilation;,N,"EUROBLASTOMA, SUSCEPTIBILITY TO, 2 (NBLST2). Phenotype ontologies: neuroblastoma, central hypoventilation syndrome, congenital, 1, with or without Hirschsprung disease, neuroblastoma, susceptibility to, 2, Autosomal dominant inheritance, Aganglionic megacolon. HGVS Name(s): c.*1387C>T.",,,,,,,,
rs117249618,Variant,0.31848878,dbSNP,Neuroblastoma,,pediatric. Phenotype,o,"ntologies: neuroblastoma. HGVS Name(s): c.1484G>A, c.1484G>T, p.Arg495His, p.Arg495Leu.",,,,,,,,
rs11727649,Variant,0.27798963,dbSNP,Neuroblastoma,.,Phenotype ontologies,:,"Weight loss, Sporadic, Anemia, Neoplasm of the nervous system, Typified by incomplete penetrance, Failure to thrive, Fever, Abdominal pain, Autosomal dominant inheritance, neuroblastoma, Bone pain, Ataxia, Elevated urinary vanillylmandelic acid, Myoclonus, Diarrhea, Abnormal thorax morphology, Horner syndrome, obsolete Heterogeneous, Hypertension, Spinal cord compression, Elevated urinary dopamine level, Skin nodule, Elevated urinary homovanillic acid, Neuroblastoma",.,HGVS Name(s): c.152-6289A>G.,,,,,,
rs1174031782,Variant,0.25321832,dbSNP,KIF1B-related,,disorder;Neuroblastom,a,". Phenotype ontologies: Autosomal dominant inheritance, Fever, Abdominal pain, Bone pain, neuroblastoma, Ataxia, Elevated urinary vanillylmandelic acid, Weight loss, Sporadic, Anemia, Neoplasm of the nervous system, Failure to thrive, Typified by incomplete penetrance, Elevated urinary dopamine level, Skin nodule, obsolete Heterogeneous, Horner syndrome, Hypertension, Spinal cord compression, Elevated urinary homovanillic acid, Neuroblastoma, Myoclonus, Diarrhea, Abn",o,"rmal thorax morphology. HGVS Name(s): c.3375+7G>T, c.3471+7G>T, c.3513+7G>T.",,,,,,
rs117525287,Variant,0.25321832,dbSNP,Charcot-Marie,-,Tooth disease;Charcot,-,"Marie-Tooth disease type 2;ClinVar: phenotype not specified;Neuroblastoma. Phenotype ontologies: Ataxia, neuroblastoma, Elevated urinary vanillylmandelic acid, Typified by incomplete penetrance, Impaired pain sensation, Anemia, Sporadic, Charcot-Marie-Tooth disease, Neuroblastoma, Elevated urinary homovanillic acid, EMG abnormality, Horner syndrome, Reduced tendon reflexes, Skeletal muscle atrophy, Skin nodule, Decreased nerve conduction velocity, Incoordination, Myo",c,"lonus, Bone pain, Abdominal pain, Fever, Autosomal dominant inheritance, Gait disturbance, Abnormality of the voice, Failure to thrive, Scoliosis,",We,ight l,oss,",",Ne,"oplasm of the nervous system, Hemiplegia/hemiparesis, obsolete Heterogeneous, Spinal cord compression, Hypertension, Elevated urinary dopamine level, Diarrhea, Abnormal thorax morphology, Laryngomalacia, Kyphosis, Charcot-Marie-Tooth disease type 2. HGVS Name(s): c.2192A>G, c.2288A>G, c.2330A>G, p.Asn731Ser, p.Asn763Ser, p.Asn777Ser."
rs11759745,Variant,0.27798963,dbSNP,Neuroblastoma,.,Phenotype ontologies,:,"Myoclonus, Diarrhea, Abnormal thorax morphology, Skin nodule, Elevated urinary dopamine level, Hypertension, Spinal cord compression, Horner syndrome, obsolete Heterogeneous, Neuroblastoma, Elevated urinary homovanillic acid, Neoplasm of the nervous system, Sporadic, Weight loss, Anemia, Failure to thrive, Typified by incomplete penetrance, Autosomal dominant inheritance, Abdominal pain, Fever, Elevated urinary vanillylmandelic acid, Bone pain, Ataxia, neuroblastoma",.,HGVS Name(s): n.1334+3981A>C.,,,,,,
rs117674897,Variant,0.25321832,dbSNP,Not specified,o,type not specified;Ne,u,"roblastoma pediatric. Phenotype ontologies: neuroblastoma. HGVS Name(s): c.2777A>G, c.2903A>G, p.Asp926Gly, p.Asp968Gly.",,,,,,,,
rs11773271,Variant,0.32279584,dbSNP,Neuroblastoma,.,Phenotype ontologies,:,"Failure to thrive, Typified by incomplete penetrance, Weight loss, Sporadic, Anemia, Neoplasm of the nervous system, Bone pain, neuroblastoma, Ataxia, Elevated urinary vanillylmandelic acid, Autosomal dominant inheritance, Fever, Abdominal pain, Abnormal thorax morphology, Diarrhea, Myoclonus, Neuroblastoma, Elevated urinary homovanillic acid, Elevated urinary dopamine level, Skin nodule, Horner syndrome, obsolete Heterogeneous, Spinal cord compression, Hypertension",.,,,,,,,
rs118046131,Variant,0.27798963,dbSNP,Congenital ce,n,tral hypoventilation;,N,"EUROBLASTOMA, SUSCEPTIBILITY TO, 2 (NBLST2). Phenotype ontologies: neuroblastoma, susceptibility to, 2, Autosomal dominant inheritance, Aganglionic megacolon, central hypoventilation syndrome, congenital, 1, with or without Hirschsprung disease, neuroblastoma. HGVS Name(s): c.*1126C>G, c.*1126C>T.",,,,,,,,
rs11830829,Variant,0.31353796,dbSNP,Neuroblastoma,.,Phenotype ontologies,:,"Elevated urinary vanillylmandelic acid, Bone pain, neuroblastoma, Ataxia, Autosomal dominant inheritance, Abdominal pain, Fever, Failure to thrive, Typified by incomplete penetrance, Neoplasm of the nervous system, Weight loss, Sporadic, Anemia, Elevated urinary homovanillic acid, Neuroblastoma, Skin nodule, Elevated urinary dopamine level, Hypertension, Spinal cord compression, obsolete Heterogeneous, Horner syndrome, Abnormal thorax morphology, Diarrhea, Myoclonus",.,"HGVS Name(s): n.305+10591A>G, n.305+10591A>T.",,,,,,
rs1193510,Variant,0.25321832,dbSNP,Drinks per we,e,k;Neuroblastoma. Phen,o,"type ontologies: Bone pain, neuroblastoma, Ataxia, Elevated urinary vanillylmandelic acid, Fever, Abdominal pain, Autosomal dominant inheritance, Typified by incomplete penetrance, Failure to thrive, Sporadic, Anemia, Weight loss, Neoplasm of the nervous system, Elevated urinary homovanillic acid, Neuroblastoma, Horner syndrome, obsolete Heterogeneous, Spinal cord compression, Hypertension, Elevated urinary dopamine level, Skin nodule, Diarrhea, Abnormal thorax morph",o,"logy, Myoclonus. HGVS Name(s): c.531+14352A>G, c.531+14352A>T.",,,,,,
rs11950562,Variant,0.27798963,dbSNP,Asthma and ca,r,diovascular disease;H,e,"ight;Homostachydrine levels;Isovalerylcarnitine levels;Mean platelet volume;Neuroblastoma;Platelet Count. Phenotype ontologies: Elevated urinary dopamine level, Spinal cord compression, Hypertension, obsolete Heterogeneous, asthma, Abnormal thorax morphology, Diarrhea, Autosomal dominant inheritance, Fever, Abdominal pain, Bone pain, Neoplasm of the nervous system, Weight loss, Failure to thrive, Skin nodule, Horner syndrome, Elevated urinary homovanillic acid, Neuro",b,"lastoma, Myoclonus, platelet count, Elevated urinary vanillylmandelic acid, Ataxia, neuroblastoma, Sporadic, cardiovascular disease, Anemia, body h",ei,"ght, T",ypi,fi,ed,"by incomplete penetrance. HGVS Name(s): c.652+3068A>C, c.652+3068A>T, n.825-4583T>A, n.825-4583T>G."
rs11962123,Variant,0.27798963,dbSNP,Neuroblastoma,.,Phenotype ontologies,:,"Failure to thrive, Typified by incomplete penetrance, Neoplasm of the nervous system, Weight loss, Sporadic, Anemia, Elevated urinary vanillylmandelic acid, Bone pain, Ataxia, neuroblastoma, Autosomal dominant inheritance, Abdominal pain, Fever, Diarrhea, Abnormal thorax morphology, Myoclonus, Neuroblastoma, Elevated urinary homovanillic acid, Skin nodule, Elevated urinary dopamine level, Spinal cord compression, Hypertension, Horner syndrome, obsolete Heterogeneous",.,,,,,,,
rs12029359,Variant,0.25321832,dbSNP,Neuroblastoma,.,Phenotype ontologies,:,"Failure to thrive, Typified by incomplete penetrance, Neoplasm of the nervous system, Sporadic, Anemia, Weight loss, Elevated urinary vanillylmandelic acid, Bone pain, neuroblastoma, Ataxia, Autosomal dominant inheritance, Abdominal pain, Fever, Diarrhea, Abnormal thorax morphology, Myoclonus, Neuroblastoma, Elevated urinary homovanillic acid, Skin nodule, Elevated urinary dopamine level, Spinal cord compression, Hypertension, obsolete Heterogeneous, Horner syndrome",.,"HGVS Name(s): c.1333+9G>A, c.1411+9G>A.",,,,,,
rs12105717,Variant,0.25321832,dbSNP,Neuroblastoma,.,Phenotype ontologies,:,"Autosomal dominant inheritance, Abdominal pain, Fever, Elevated urinary vanillylmandelic acid, neuroblastoma, Bone pain, Ataxia, Neoplasm of the nervous system, Sporadic, Weight loss, Anemia, Failure to thrive, Typified by incomplete penetrance, Skin nodule, Elevated urinary dopamine level, Spinal cord compression, Hypertension, obsolete Heterogeneous, Horner syndrome, Elevated urinary homovanillic acid, Neuroblastoma, Myoclonus, Diarrhea, Abnormal thorax morphology",.,,,,,,,
rs12125492,Variant,0.25321832,dbSNP,Charcot-Marie,-,Tooth disease;Charcot,-,"Marie-Tooth disease type 2;ClinVar: phenotype not specified;Neuroblastoma. Phenotype ontologies: Bone pain, Autosomal dominant inheritance, Abdominal pain, Fever, Abnormality of the voice, Failure to thrive, Gait disturbance, Scoliosis, Weight loss, Neoplasm of the nervous system, Hemiplegia/hemiparesis, Elevated urinary dopamine level, obsolete Heterogeneous, Spinal cord compression, Hypertension, Abnormal thorax morphology, Diarrhea, Charcot-Marie-Tooth disease typ",e,"2, Laryngomalacia, Kyphosis, neuroblastoma, Ataxia, Elevated urinary vanillylmandelic acid, Typified by incomplete penetrance, Sporadic, Anemia, I",mp,aired,pai,n,se,"nsation, EMG abnormality, Charcot-Marie-Tooth disease, Neuroblastoma, Elevated urinary homovanillic acid, Skeletal muscle atrophy, Skin nodule, Horner syndrome, Reduced tendon reflexes, Decreased nerve conduction velocity, Incoordination, Myoclonus. HGVS Name(s): c.4257A>G, c.4299A>G, c.4362A>G, p.Pro1419=, p.Pro1433=, p.Pro1454=."
rs12145940,Variant,0.25321832,dbSNP,Neuroblastoma,.,Phenotype ontologies,:,"Elevated urinary vanillylmandelic acid, Ataxia, Bone pain, neuroblastoma, Autosomal dominant inheritance, Fever, Abdominal pain, Failure to thrive, Typified by incomplete penetrance, Neoplasm of the nervous system, Anemia, Sporadic, Weight loss, Elevated urinary homovanillic acid, Neuroblastoma, Skin nodule, Elevated urinary dopamine level, Hypertension, Spinal cord compression, obsolete Heterogeneous, Horner syndrome, Diarrhea, Abnormal thorax morphology, Myoclonus",.,,,,,,,
rs12151161,Variant,0.31848878,dbSNP,Neuroblastoma,.,Phenotype ontologies,:,"Elevated urinary dopamine level, Skin nodule, Horner syndrome, obsolete Heterogeneous, Hypertension, Spinal cord compression, Elevated urinary homovanillic acid, Neuroblastoma, Myoclonus, Abnormal thorax morphology, Diarrhea, Autosomal dominant inheritance, Abdominal pain, Fever, neuroblastoma, Bone pain, Ataxia, Elevated urinary vanillylmandelic acid, Anemia, Sporadic, Weight loss, Neoplasm of the nervous system, Failure to thrive, Typified by incomplete penetrance",.,"HGVS Name(s): c.1000+2227A>C, c.1000+2227A>G, c.1000+2227A>T, c.1000+2367T>C, c.1000+2367T>G, c.1000+2479T>C, c.1000+2479T>G, c.1000+2489G>C, c.10",0,+2489G,">T,",c,0.1,"000+2490C>G, c.1000+2490C>T, c.1000+2491A>C, c.1000+2491A>G, c.1000+2491A>T, c.1000+2492C>G, c.1000+2492C>T, c.1000+2674T>C, c.1000+2674T>G, c.1000+2732C>G, c.1000+2732C>T, c.1000+2799C>G, c.1000+2799C>T, c.1000+2825G>C, c.1000+2825G>T, c.1000+2850G>C, c.1000+2850G>T, c.655+496A>C, c.655+496A>G, c.655+496A>T."
rs1216426444,Variant,0.31848878,dbSNP,Fanconi anemia,a,;Fanconi anemia compl,e,"mentation group A;Neuroblastoma. Phenotype ontologies: Abnormal carotid artery morphology, Abnormal femur morphology, Ptosis, Hypertrophic cardiomyopathy, Anemic pallor, Diarrhea, Toe syndactyly, Neutropenia, Renal agenesis, Microcephaly, Intellectual disability, Spinal cord compression, Blepharophimosis, Hypopigmented skin patches, Myelodysplasia, Typified by incomplete penetrance, Hypergonadotropic hypogonadism, Sporadic, Anemia, Abnormal aortic morphology, Recurre",n,"t urinary tract infections, Elevated urinary vanillylmandelic acid, Duodenal stenosis, Astigmatism, Intrauterine growth retardation, Cafe-au-lait s",po,"t, Abn",orm,al,p,"reputium morphology, Fanconi anemia, Clinodactyly of the 5th finger, Bone marrow hypocellularity, Ectopic kidney, Tetralogy of Fallot, Cranial nerve paralysis, Duplicated collecting system, Thrombocytopenia, Scoliosis, Microphthalmia, Spina bifida, Bone pain, Proptosis, Abdominal pain, Choanal atresia, Abnormal localization of kidney, Oligohydramnios, Absent thumb, Upslanted palpebral fissure, Clubbing of toes, Frontal bossing, Abnormality of the liver, Facial asymmetry, Ventriculomegaly, Abnormality of skin pigmentation, Complete duplication of thumb phalanx, Pes planus, Atrial septal defect, Skin nodule, Fanconi anemia complementation group A, Failure to thrive, Weight loss, Short thumb, Small for gestational age, Cataract, Aplasia/Hypoplasia of the radius, Dolichocephaly, Abnormal morphology of female internal genitalia, Abnormal thorax morphology, Strabismus, Horseshoe kidney, Reduced bone mineral density, Aplasia/Hypoplasia of the iris, Elevated urinary dopamine level, Abnormal aortic valve morphology, Tracheoesophageal fistula, Pancytopenia, Hyperreflexia, Cognitive impairment, Bruising susceptibility, Renal insufficiency, Ataxia, Renal hypoplasia/aplasia, Short stature, Hypertelorism, Visual impairment, Micrognathia, Myoclonus, Leukopenia, Neuroblastoma, Elevated urinary homovanillic acid, Aplasia/Hypoplasia of the uvula, Leukemia, Triphalangeal thumb, Hearing impairment, Neoplasm of the nervous system, Autosomal dominant inheritance, Fever, Sloping forehead, Cryptorchidism, Aganglionic megacolon, Abnormal hip bone morphology, Hypertension, obsolete Heterogeneous, Finger syndactyly, Displacement of the urethral meatus, Abnormal cardiovascular system morphology, Patent ductus arteriosus, Hydrocephalus, neuroblastoma, Chromosomal breakage induced by crosslinking agents, Epicanthus, Cleft palate, Absent radius, Nystagmus, Umbilical hernia, Horner syndrome. HGVS Name(s): c.2728C>A, c.2728C>G, c.2728C>T, p.Leu910Ile, p.Leu910Phe, p.Leu910Val."
rs1218885,Variant,0.31353796,dbSNP,Neuroblastoma,.,Phenotype ontologies,:,"Elevated urinary homovanillic acid, Neuroblastoma, Elevated urinary dopamine level, Skin nodule, obsolete Heterogeneous, Horner syndrome, Spinal cord compression, Hypertension, Diarrhea, Abnormal thorax morphology, Myoclonus, Bone pain, Ataxia, neuroblastoma, Elevated urinary vanillylmandelic acid, Autosomal dominant inheritance, Abdominal pain, Fever, Failure to thrive, Typified by incomplete penetrance, Sporadic, Anemia, Weight loss, Neoplasm of the nervous system",.,,,,,,,
rs1218897,Variant,0.31353796,dbSNP,Neuroblastoma,.,Phenotype ontologies,:,"Typified by incomplete penetrance, Failure to thrive, Neoplasm of the nervous system, Weight loss, Sporadic, Anemia, Elevated urinary vanillylmandelic acid, neuroblastoma, Bone pain, Ataxia, Abdominal pain, Fever, Autosomal dominant inheritance, Abnormal thorax morphology, Diarrhea, Myoclonus, Neuroblastoma, Elevated urinary homovanillic acid, Hypertension, Spinal cord compression, obsolete Heterogeneous, Horner syndrome, Skin nodule, Elevated urinary dopamine level",.,,,,,,,
rs12189640,Variant,0.27798963,dbSNP,Neuroblastoma,.,Phenotype ontologies,:,"obsolete Heterogeneous, Horner syndrome, Spinal cord compression, Hypertension, Elevated urinary dopamine level, Skin nodule, Neuroblastoma, Elevated urinary homovanillic acid, Myoclonus, Diarrhea, Abnormal thorax morphology, Abdominal pain, Fever, Autosomal dominant inheritance, Bone pain, Ataxia, neuroblastoma, Elevated urinary vanillylmandelic acid, Weight loss, Sporadic, Anemia, Neoplasm of the nervous system, Typified by incomplete penetrance, Failure to thrive",.,"HGVS Name(s): n.107-10779A>G, n.280-6518T>C.",,,,,,
rs121908161,Variant,0.25321832,dbSNP,Neuroblastoma,",","SUSCEPTIBILITY TO, 1",.,"Phenotype ontologies: neuroblastoma, susceptibility to, 1, Neuroblastoma, neuroblastoma. HGVS Name(s): c.1937A>T, c.2033A>T, c.2075A>T, p.Glu646Val, p.Glu678Val, p.Glu692Val.",,,,,,,,
rs121908162,Variant,0.25321832,dbSNP,Charcot-Marie,-,Tooth disease;Charcot,-,"Marie-Tooth disease type 2;ClinVar: phenotype not specified;Malignant tumor of breast;Neuroblastoma;NEUROBLASTOMA, SUSCEPTIBILITY TO, 1. Phenotype ontologies: Elevated urinary dopamine level, Spinal cord compression, Hypertension, obsolete Heterogeneous, Hemiplegia/hemiparesis, neuroblastoma, susceptibility to, 1, Charcot-Marie-Tooth disease type 2, Kyphosis, Laryngomalacia, Abnormal thorax morphology, Diarrhea, Autosomal dominant inheritance, Abdominal pain, Fever,",B,"one pain, Neoplasm of the nervous system, Scoliosis, Weight loss, Failure to thrive, Abnormality of the voice, Gait disturbance, Skin nodule, Skele",ta,l musc,le,at,ro,"phy, Reduced tendon reflexes, Horner syndrome, EMG abnormality, Elevated urinary homovanillic acid, Neuroblastoma, Charcot-Marie-Tooth disease, Myoclonus, breast cancer, Incoordination, Decreased nerve conduction velocity, Elevated urinary vanillylmandelic acid, Ataxia, neuroblastoma, Sporadic, Anemia, Impaired pain sensation, Typified by incomplete penetrance. HGVS Name(s): c.2480C>T, c.2576C>T, c.2618C>T, p.Thr827Ile, p.Thr859Ile, p.Thr873Ile."
rs121908163,Variant,0.25321832,dbSNP,Charcot-Marie,-,Tooth disease type 2;,C,"linVar: phenotype not specified;Neuroblastoma;NEUROBLASTOMA, SUSCEPTIBILITY TO, 1. Phenotype ontologies: Elevated urinary vanillylmandelic acid, neuroblastoma, Bone pain, Ataxia, Autosomal dominant inheritance, Fever, Abdominal pain, Failure to thrive, Typified by incomplete penetrance, Neoplasm of the nervous system, Weight loss, Sporadic, Anemia, neuroblastoma, susceptibility to, 1, Elevated urinary homovanillic acid, Neuroblastoma, Skin nodule, Elevated urinary do",p,"amine level, Hypertension, Spinal cord compression, obsolete Heterogeneous, Horner syndrome, Diarrhea, Abnormal thorax morphology, Charcot-Marie-To",ot,h dise,ase,t,yp,"e 2, Myoclonus. HGVS Name(s): c.3745C>T, c.3787C>T, c.3850C>T, p.Pro1249Ser, p.Pro1263Ser, p.Pro1284Ser."
rs121908164,Variant,0.25321832,dbSNP,Charcot-Marie,-,Tooth disease type 2;,C,"linVar: phenotype not specified;NEUROBLASTOMA, SUSCEPTIBILITY TO, 1, INCLUDED. Phenotype ontologies: Charcot-Marie-Tooth disease type 2, neuroblastoma, Neuroblastoma. HGVS Name(s): c.4538G>A, c.4580G>A, c.4643G>A, p.Ser1513Asn, p.Ser1527Asn, p.Ser1548Asn.",,,,,,,,
rs121913254,Variant,0.25321832,dbSNP,Acute myeloid,,leukemia;adrenal cort,e,x carcinoma;B-cell chronic lymphocytic leukemia;ClinVar: phenotype not specified;gastric adenocarcinoma;Glioblastoma;Hepatocellular Carcinoma;Large congenital melanocytic nevus;Lung adenocarcinoma;Malignant melanoma of skin;Malignant neoplasm of body of uterus;Melanoma;Multiple myeloma;Nasopharyngeal neoplasm;Neoplasm of brain;Neoplasm of the large intestine;Neuroblastoma;Neurocutaneous melanocytosis;non-small cell lung carcinoma;Ovarian Serous Cystadenocarcinoma;Pap,i,llary renal cell carcinoma type 1;RAS Inhibitor response;Rasopathy;Transitional cell carcinoma of the bladder;Vascular Tumors Including Pyogenic Gr,an,uloma.,Ph,en,ot,"ype ontologies: brain cancer, Acute myeloid leukemia, Bone pain, Abdominal pain, Fever, Autosomal dominant inheritance, Non-small cell lung carcinoma, glioblastoma multiforme, Neoplasm of the nervous system, hepatocellular carcinoma, Multiple myeloma, Hypertension, obsolete Heterogeneous, neurocutaneous melanocytosis, acute myeloid leukemia, Neoplasia of the nasopharynx, rasopathy, neuroblastoma, Melanoma, cutaneous melanoma, glioblastoma, Horner syndrome, Skin nodule, lung adenocarcinoma, brain neoplasm, Transitional cell carcinoma of the bladder, Glioblastoma multiforme, adrenal cortex carcinoma, Failure to thrive, melanoma, Weight loss, uterine corpus cancer, nasopharyngeal neoplasm, Spinal cord compression, Elevated urinary dopamine level, Abnormal thorax morphology, Diarrhea, gastric adenocarcinoma, large congenital melanocytic nevus, non-small cell lung carcinoma, Elevated urinary vanillylmandelic acid, Ataxia, Neoplasm of the large intestine, Typified by incomplete penetrance, Sporadic, Hepatocellular carcinoma, Anemia, Elevated urinary homovanillic acid, Neuroblastoma, non-small cell lung adenocarcinoma, chronic lymphocytic leukemia, uterine neoplasm, glioma, ovarian serous cystadenocarcinoma, Myoclonus, central nervous system cancer, multiple myeloma. HGVS Name(s): c.181C>A, c.181C>G, c.181C>T, p.Gln61Glu, p.Gln61Lys, p.Gln61Ter."
rs121918453,Variant,0.31353796,dbSNP,Acute myeloid,,leukemia;B-cell chron,i,"c lymphocytic leukemia;ClinVar: phenotype not specified;Juvenile myelomonocytic leukemia (JMML);Neoplasm of brain;Neuroblastoma;Noonan Syndrome;NOONAN SYNDROME 1 (NS1);Noonan syndrome and Noonan-related syndrome;Noonan syndrome with multiple lentigines;Rasopathy. Phenotype ontologies: acute myeloid leukemia, obsolete Heterogeneous, Hypotonia, Hypertension, Radial deviation of finger, Noonan syndrome, Cryptorchidism, rasopathy, Myopia, Cubitus valgus, Autosomal domina",n,"t inheritance, Fever, Failure to thrive in infancy, Acute myeloid leukemia, brain cancer, Abnormal nipple morphology, Decreased fertility, Neoplasm",o,f the,ner,vo,us,"system, Coronary artery atherosclerosis, Abnormality of the pulmonary artery, Hepatomegaly, Male infertility, Coarctation of aorta, Horner syndrome, High forehead, Nystagmus, Joint hypermobility, Enlarged thorax, Melanocytic nevus, Sprengel anomaly, Abnormal bleeding, Triangular face, Abnormality of thrombocytes, Epicanthus, neuroblastoma, Thickened nuchal skin fold, Patent ductus arteriosus, Displacement of the urethral meatus, Brachydactyly, Elevated urinary dopamine level, Clinodactyly, Radioulnar synostosis, Juvenile myelomonocytic leukemia, Strabismus, Webbed neck, Abnormal thorax morphology, Abnormality of speech or vocalization, Lymphedema, Hypogonadism, Shield chest, Pectus excavatum, Weight loss, Failure to thrive, Short neck, Leukemia, Muscle weakness, Abnormal pulmonary valve morphology, Elevated urinary homovanillic acid, Neuroblastoma, Arrhythmia, Hypertelorism, Myoclonus, Complete atrioventricular canal defect, Micrognathia, Abnormal palate morphology, Short stature, Noonan syndrome with multiple lentigines, Postnatal growth retardation, Abnormal dermatoglyphics, Low posterior hairline, Ataxia, Superior pectus carinatum, Thick lower lip vermilion, Abnormality of coagulation, Freckling, Cognitive impairment, Dental malocclusion, Pectus excavatum of inferior sternum, Neurofibrosarcoma, Abnormal localization of kidney, Abdominal pain, Bone pain, Proptosis, Scoliosis, Low-set, posteriorly rotated ears, Abnormal helix morphology, Abnormality of the spleen, Skin nodule, Abnormal hair quantity, Atrial septal defect, Abnormal endocardium morphology, brain neoplasm, Melanoma, Juvenile Myelomonocytic Leukemia, Hyperextensible skin, Vascular dilatation, Downslanted palpebral fissures, Intellectual disability, Pectus carinatum, Spinal cord compression, Aplasia/Hypoplasia of the abdominal wall musculature, Malar flattening, Hypertrophic cardiomyopathy, Diarrhea, Ptosis, Delayed skeletal maturation, Coarse hair, Cystic hygroma, High palate, Abnormality of the voice, Sensorineural hearing impairment, Clinodactyly of the 5th finger, Abnormality of the nose, chronic lymphocytic leukemia, Reduced factor XII activity, Intrauterine growth retardation, Elevated urinary vanillylmandelic acid, Anemia, Sporadic, Ventricular septal defect, Abnormal mitral valve morphology, Typified by incomplete penetrance, Myelodysplasia, Pulmonic stenosis. HGVS Name(s): c.214G>A, c.214G>C, c.214G>T, p.Ala72Pro, p.Ala72Ser, p.Ala72Thr."
rs121918454,Variant,0.31353796,dbSNP,Acute myeloid,,leukemia;B-cell chron,i,"c lymphocytic leukemia;Cardiovascular phenotype;ClinVar: phenotype not specified;Neoplasm of brain;Neuroblastoma;Noonan Syndrome;NOONAN SYNDROME 1 (NS1);NOONAN SYNDROME 3 (NS3);Noonan syndrome and Noonan-related syndrome;Rasopathy. Phenotype ontologies: Joint hypermobility, Nystagmus, High forehead, Horner syndrome, Coarctation of aorta, Male infertility, Abnormal bleeding, Triangular face, Abnormality of thrombocytes, Melanocytic nevus, Enlarged thorax, Thickened nu",c,"hal skin fold, neuroblastoma, Short nose, Epicanthus, Brachydactyly, Patent ductus arteriosus, Radial deviation of finger, Hypertension, Hypotonia,",o,bsolet,e H,et,er,"ogeneous, acute myeloid leukemia, Myopia, rasopathy, Cryptorchidism, Noonan syndrome, Abnormal nipple morphology, Acute myeloid leukemia, brain cancer, Failure to thrive in infancy, Fever, Cubitus valgus, Autosomal dominant inheritance, Hepatomegaly, Abnormality of the pulmonary artery, Neoplasm of the nervous system, Neuroblastoma, Elevated urinary homovanillic acid, Abnormal pulmonary valve morphology, Muscle weakness, Short stature, Abnormal palate morphology, Micrognathia, Myoclonus, Hypertelorism, Arrhythmia, Low posterior hairline, Ataxia, Abnormal dermatoglyphics, Postnatal growth retardation, Abnormality of the cardiovascular system, Abnormality of coagulation, Thick lower lip vermilion, Superior pectus carinatum, Radioulnar synostosis, Clinodactyly, Elevated urinary dopamine level, Abnormal thorax morphology, Webbed neck, Low-set ears, Strabismus, Juvenile myelomonocytic leukemia, Shield chest, Hypogonadism, Anteverted nares, Lymphedema, Abnormality of speech or vocalization, Short neck, Failure to thrive, Pectus excavatum, Weight loss, Atrial septal defect, Abnormal hair quantity, Skin nodule, brain neoplasm, Downslanted palpebral fissures, Frontal bossing, Dental malocclusion, Bone pain, Proptosis, Abdominal pain, Pectus excavatum of inferior sternum, Neurofibrosarcoma, Abnormality of the spleen, Abnormal helix morphology, Scoliosis, Low-set, posteriorly rotated ears, Sagittal craniosynostosis, Sensorineural hearing impairment, chronic lymphocytic leukemia, Clinodactyly of the 5th finger, Atrial septal dilatation, Elevated urinary vanillylmandelic acid, Reduced factor XII activity, Pulmonic stenosis, Typified by incomplete penetrance, Global developmental delay, Ventricular septal defect, Sporadic, Anemia, Malar flattening, Aplasia/Hypoplasia of the abdominal wall musculature, Spinal cord compression, Pectus carinatum, Intellectual disability, Diarrhea, Hypertrophic cardiomyopathy, Cystic hygroma, Coarse hair, Delayed skeletal maturation, Ptosis, High palate. HGVS Name(s): c.215C>A, c.215C>G, c.215C>T, p.Ala72Asp, p.Ala72Gly, p.Ala72Val."
rs121918464,Variant,0.31353796,dbSNP,Astrocytoma;C,l,inVar: phenotype not,s,"pecified;Juvenile myelomonocytic leukemia (JMML);Malignant neoplastic disease;Multiple myeloma;Neoplasm of the large intestine;Neuroblastoma;Noonan Syndrome;NOONAN SYNDROME 1 (NS1);Noonan syndrome and Noonan-related syndrome;PTPN11-related disorder;Rasopathy;squamous cell lung carcinoma. Phenotype ontologies: Thick lower lip vermilion, Superior pectus carinatum, Abnormality of coagulation, Neoplasm of the large intestine, Postnatal growth retardation, astrocytoma (ex",c,"luding glioblastoma), Abnormal dermatoglyphics, Low posterior hairline, Ataxia, Hypertelorism, multiple myeloma, Arrhythmia, Micrognathia, Myoclonu","s,",Short,st,at,ur,"e, Abnormal palate morphology, Abnormal pulmonary valve morphology, Muscle weakness, squamous cell lung carcinoma, Neuroblastoma, Elevated urinary homovanillic acid, Weight loss, Pectus excavatum, Failure to thrive, Short neck, Abnormality of speech or vocalization, Lymphedema, Hypogonadism, Shield chest, Strabismus, Juvenile myelomonocytic leukemia, Webbed neck, Abnormal thorax morphology, Elevated urinary dopamine level, Radioulnar synostosis, Clinodactyly, Patent ductus arteriosus, Brachydactyly, Epicanthus, Thickened nuchal skin fold, neuroblastoma, Melanocytic nevus, Enlarged thorax, Abnormal bleeding, Triangular face, Abnormality of thrombocytes, Coarctation of aorta, Male infertility, Horner syndrome, High forehead, Joint hypermobility, Nystagmus, Neoplasm of the nervous system, Abnormality of the pulmonary artery, Hepatomegaly, Cubitus valgus, Autosomal dominant inheritance, Fever, Failure to thrive in infancy, Abnormal nipple morphology, Noonan syndrome, rasopathy, Cryptorchidism, obsolete_cancer, Myopia, Hypertension, Hypotonia, obsolete Heterogeneous, Radial deviation of finger, Ventricular septal defect, Sporadic, Anemia, Pulmonic stenosis, Typified by incomplete penetrance, Reduced factor XII activity, Elevated urinary vanillylmandelic acid, Clinodactyly of the 5th finger, Sensorineural hearing impairment, High palate, Ptosis, Delayed skeletal maturation, Coarse hair, Cystic hygroma, cancer, Hypertrophic cardiomyopathy, Diarrhea, Intellectual disability, Pectus carinatum, Spinal cord compression, Aplasia/Hypoplasia of the abdominal wall musculature, Malar flattening, Downslanted palpebral fissures, Juvenile Myelomonocytic Leukemia, Skin nodule, Abnormal hair quantity, Atrial septal defect, Abnormal helix morphology, astrocytoma, Scoliosis, Low-set, posteriorly rotated ears, Abnormality of the spleen, Pectus excavatum of inferior sternum, Neurofibrosarcoma, Abdominal pain, Bone pain, Proptosis, Dental malocclusion, Multiple myeloma. HGVS Name(s): c.226G>A, c.226G>C, p.Glu76Gln, p.Glu76Lys."
rs121918465,Variant,0.31353796,dbSNP,Astrocytoma;C,l,inVar: phenotype not,s,"pecified;Juvenile myelomonocytic leukemia (JMML);Multiple myeloma;Neoplasm of the large intestine;Neuroblastoma;Noonan syndrome and Noonan-related syndrome;Rasopathy;squamous cell lung carcinoma. Phenotype ontologies: Anemia, Sporadic, Neoplasm of the large intestine, Typified by incomplete penetrance, astrocytoma (excluding glioblastoma), Juvenile Myelomonocytic Leukemia, Elevated urinary vanillylmandelic acid, neuroblastoma, Ataxia, multiple myeloma, Myoclonus, Ski",n,"nodule, Horner syndrome, squamous cell lung carcinoma, Elevated urinary homovanillic acid, Neuroblastoma, Neoplasm of the nervous system, astrocyt",om,"a, Wei",ght,l,os,"s, Failure to thrive, Autosomal dominant inheritance, Fever, Abdominal pain, Bone pain, Juvenile myelomonocytic leukemia, rasopathy, Diarrhea, Abnormal thorax morphology, Elevated urinary dopamine level, Hypertension, Spinal cord compression, obsolete Heterogeneous, Multiple myeloma. HGVS Name(s): c.227A>C, c.227A>G, c.227A>T, p.Glu76Ala, p.Glu76Gly, p.Glu76Val."
rs12203592,Variant,0.27798963,dbSNP,Actinic kerat,o,sis;Acute myeloid leu,k,"emia or myelodysplastic syndrome pleiotropy;Age at first sexual intercourse;Aging;Aging traits healthspan, parental lifespan or longevity multivariate analysis;Balding type 1;Basal cell carcinoma;Black vs. blond hair color;Black vs. red hair color;Blond vs. brown/black hair color;Brown vs. black hair color;Cancer;Childhood body mass index;cutaneous squamous cell carcinoma;Drinks per week;Ease of skin tanning;Ease of sunburn;Eye color;Eye color (brightness);Eye color",t,raits;Facial pigmentation;Feeling nervous;Freckles;Freckling;Hair color;Hair greying;Hair morphology traits;Keratinocyte cancer MTAG;Low tan respon,se,;Lung,Can,ce,r;,"Lymphocyte count;Male puberty timing age at voice breaking MTAG;Male puberty timing early vs. average onset facial hair;Male puberty timing late vs. average onset facial hair;Male-pattern baldness;Melanoma;Monobrow;Neuroblastoma;Neuroticism general factor;Nevus count;Non-melanoma skin cancer;Progressive supranuclear palsy;Retinal vascular fractal densi. Phenotype ontologies: Fever, body mass index, Abdominal pain, lung carcinoma, Autosomal dominant inheritance, Bone pain, myeloid white cell count, Basal cell carcinoma, squamous cell carcinoma, obsolete_colorectal cancer, Neoplasm of the nervous system, ovarian carcinoma, obsolete Heterogeneous, Hypertension, alopecia, acute myeloid leukemia, Synophrys, keratinocyte carcinoma, obsolete_cancer, prostate carcinoma, Melanoma, neuroblastoma, obsolete aging, non-melanoma skin carcinoma, skin squamous cell carcinoma, lung cancer, Horner syndrome, lung adenocarcinoma, Skin nodule, Uveal Melanoma, actinic keratosis, cancer, Weight loss, Failure to thrive, skin sensitivity to sun, colorectal cancer, melanoma, Actinic keratosis, Spinal cord compression, skin carcinoma, Elevated urinary dopamine level, freckles, non-small cell lung carcinoma, Squamous cell carcinoma, sunburn, Vitiligo, healthspan, Abnormal thorax morphology, Diarrhea, skin pigmentation, leukocyte count, synophrys measurement, lymphocyte count, estrogen-receptor negative breast cancer, Ataxia, basal cell carcinoma, Elevated urinary vanillylmandelic acid, longevity, myelodysplastic syndrome, Anemia, Sporadic, neutrophil count, Typified by incomplete penetrance, androgenetic alopecia, Freckling, eye color, hair color, Polygenic inheritance, Neuroblastoma, Elevated urinary homovanillic acid, Uveal melanoma, squamous cell lung carcinoma, basophil count, Myoclonus, progressive supranuclear palsy, breast carcinoma. HGVS Name(s): c.492+386C>G, c.492+386C>T."
rs12207718,Variant,0.27798963,dbSNP,Neuroblastoma,.,Phenotype ontologies,:,"Hypertension, Spinal cord compression, Horner syndrome, obsolete Heterogeneous, Skin nodule, Elevated urinary dopamine level, Neuroblastoma, Elevated urinary homovanillic acid, Myoclonus, Abnormal thorax morphology, Diarrhea, Fever, Abdominal pain, Autosomal dominant inheritance, Elevated urinary vanillylmandelic acid, Ataxia, Bone pain, neuroblastoma, Neoplasm of the nervous system, Weight loss, Sporadic, Anemia, Typified by incomplete penetrance, Failure to thrive",.,HGVS Name(s): n.1161-1409T>G.,,,,,,
rs12210008,Variant,0.27798963,dbSNP,Neuroblastoma,.,Phenotype ontologies,:,"Neuroblastoma, Elevated urinary homovanillic acid, Skin nodule, Elevated urinary dopamine level, Spinal cord compression, Hypertension, Horner syndrome, obsolete Heterogeneous, Abnormal thorax morphology, Diarrhea, Myoclonus, Elevated urinary vanillylmandelic acid, Ataxia, Bone pain, neuroblastoma, Autosomal dominant inheritance, Fever, Abdominal pain, Failure to thrive, Typified by incomplete penetrance, Neoplasm of the nervous system, Anemia, Sporadic, Weight loss",.,HGVS Name(s): c.-9-1075T>C.,,,,,,
rs12295951,Variant,0.31353796,dbSNP,Neuroblastoma,.,Phenotype ontologies,:,"Myoclonus, Abnormal thorax morphology, Diarrhea, Skin nodule, Elevated urinary dopamine level, Spinal cord compression, Hypertension, Horner syndrome, obsolete Heterogeneous, Elevated urinary homovanillic acid, Neuroblastoma, Neoplasm of the nervous system, Sporadic, Weight loss, Anemia, Failure to thrive, Typified by incomplete penetrance, Autosomal dominant inheritance, Abdominal pain, Fever, Elevated urinary vanillylmandelic acid, Bone pain, Ataxia, neuroblastoma",.,,,,,,,
rs1230762716,Variant,0.25321832,dbSNP,Neuroblastoma,.,Phenotype ontologies,:,"Elevated urinary vanillylmandelic acid, neuroblastoma, Bone pain, Ataxia, Autosomal dominant inheritance, Abdominal pain, Fever, Failure to thrive, Typified by incomplete penetrance, Neoplasm of the nervous system, Sporadic, Weight loss, Anemia, Neuroblastoma, Elevated urinary homovanillic acid, Skin nodule, Elevated urinary dopamine level, Hypertension, Spinal cord compression, obsolete Heterogeneous, Horner syndrome, Diarrhea, Abnormal thorax morphology, Myoclonus",.,"HGVS Name(s): c.3292C>T, c.3388C>T, c.3430C>T, p.His1098Tyr, p.His1130Tyr, p.His1144Tyr.",,,,,,
rs1233756366,Variant,0.27798963,dbSNP,Haddad syndro,m,e;Hereditary cancer-p,r,"edisposing syndrome;NEUROBLASTOMA, SUSCEPTIBILITY TO, 2 (NBLST2). Phenotype ontologies: neuroblastoma, susceptibility to, 2, Haddad syndrome, central hypoventilation syndrome, congenital, 1, with or without Hirschsprung disease, Autosomal dominant inheritance, Aganglionic megacolon, neuroblastoma. HGVS Name(s): c.649_669del, p.Gly217_Ala223del.",,,,,,,,
rs1236531902,Variant,0.000562459,dbSNP,Neuroblastoma,",","SUSCEPTIBILITY TO, 3",,"(NBLST3). Phenotype ontologies: neuroblastoma, susceptibility to, 3. HGVS Name(s): c.2355+7G>A, c.2355+7G>T.",,,,,,,,
rs1236590521,Variant,0.000562459,dbSNP,Hereditary cancer-predisposing syndrome,n,cer-predisposing synd,r,"ome;NEUROBLASTOMA, SUSCEPTIBILITY TO, 3 (NBLST3). Phenotype ontologies: neuroblastoma, susceptibility to, 3. HGVS Name(s): c.2727C>T, p.Ala909=.",,,,,,,,
rs12402052,Variant,0.25321832,dbSNP,Charcot-Marie,-,Tooth disease;Charcot,-,"Marie-Tooth disease type 2;Charcot-Marie-Tooth disease type 2A1;ClinVar: phenotype not specified;KIF1B-related disorder;Neuroblastoma;Pheochromocytoma. Phenotype ontologies: Congestive heart failure, Neoplasm of the nervous system, Scoliosis, Charcot-Marie-Tooth disease type 2A1, Fever, Abdominal pain, Autosomal dominant inheritance, Bone pain, Charcot-Marie-Tooth disease type 2, Hypertension, obsolete Heterogeneous, Renal artery stenosis, Abnormality of the eye, Imp",a,"ired pain sensation, Abnormality of the nervous system, neuroblastoma, Abnormality of metabolism/homeostasis, Hyperhidrosis, Incoordination, Cerebr",al,hemor,rha,ge,",","Reduced tendon reflexes, Neoplasm, Horner syndrome, Skin nodule, Weight loss, Gait disturbance, Abnormality of the voice, Failure to thrive, adrenal gland pheochromocytoma, Kyphosis, Laryngomalacia, Diarrhea, Abnormal thorax morphology, pheochromocytoma, Spinal cord compression, Abnormality of the endocrine system, Elevated urinary dopamine level, Hemiplegia/hemiparesis, Sporadic, Anemia, Hypercalcemia, Typified by incomplete penetrance, Abnormality of the cardiovascular system, Cafe-au-lait spot, Elevated urinary vanillylmandelic acid, Abnormality of the genitourinary system, Ataxia, Proteinuria, Myoclonus, Tachycardia, Abnormality of blood and blood-forming tissues, Decreased nerve conduction velocity, Skeletal muscle atrophy, Pheochromocytoma, Elevated urinary homovanillic acid, Neuroblastoma, Episodic hypertension, Charcot-Marie-Tooth disease, Hemangioma, EMG abnormality. HGVS Name(s): c.285C>A, c.285C>G, c.285C>T, p.Ala95=."
rs12430409,Variant,0.31353796,dbSNP,Neuroblastoma,,or malignant cutaneou,s,"melanoma. Phenotype ontologies: cutaneous melanoma, neuroblastoma.",,,,,,,,
rs1243305009,Variant,0.000562459,dbSNP,Neuroblastoma,",","SUSCEPTIBILITY TO, 3",,"(NBLST3). Phenotype ontologies: neuroblastoma, susceptibility to, 3. HGVS Name(s): c.1150C>G, c.1150C>T, p.His384Asp, p.His384Tyr.",,,,,,,,
rs12434331,Variant,0.31353796,dbSNP,Neuroblastoma,.,Phenotype ontologies,:,"Neuroblastoma, Elevated urinary homovanillic acid, Horner syndrome, obsolete Heterogeneous, Hypertension, Spinal cord compression, Elevated urinary dopamine level, Skin nodule, Diarrhea, Abnormal thorax morphology, Myoclonus, neuroblastoma, Bone pain, Ataxia, Elevated urinary vanillylmandelic acid, Fever, Abdominal pain, Autosomal dominant inheritance, Typified by incomplete penetrance, Failure to thrive, Weight loss, Sporadic, Anemia, Neoplasm of the nervous system",.,"HGVS Name(s): c.38-30090A>G, c.52+29106A>G.",,,,,,
rs1244099578,Variant,0.000562459,dbSNP,Neuroblastoma,",","SUSCEPTIBILITY TO, 3",,"(NBLST3). Phenotype ontologies: neuroblastoma, susceptibility to, 3. HGVS Name(s): c.2488-8C>G.",,,,,,,,
rs1244270149,Variant,0.000562459,dbSNP,Neuroblastoma,",","SUSCEPTIBILITY TO, 3",,"(NBLST3). Phenotype ontologies: neuroblastoma, susceptibility to, 3. HGVS Name(s): c.3605G>A, c.3605G>T, p.Gly1202Glu, p.Gly1202Val.",,,,,,,,
rs12455846,Variant,0.31848878,dbSNP,Neuroblastoma,.,Phenotype ontologies,:,"Myoclonus, Diarrhea, Abnormal thorax morphology, Elevated urinary dopamine level, Skin nodule, obsolete Heterogeneous, Horner syndrome, Hypertension, Spinal cord compression, Elevated urinary homovanillic acid, Neuroblastoma, Sporadic, Weight loss, Anemia, Neoplasm of the nervous system, Failure to thrive, Typified by incomplete penetrance, Autosomal dominant inheritance, Fever, Abdominal pain, neuroblastoma, Bone pain, Ataxia, Elevated urinary vanillylmandelic acid",.,,,,,,,
rs1246952737,Variant,0.27798963,dbSNP,Not specified,o,type not specified;Ne,u,"roblastoma. Phenotype ontologies: Elevated urinary homovanillic acid, Neuroblastoma, obsolete Heterogeneous, Horner syndrome, Hypertension, Spinal cord compression, Elevated urinary dopamine level, Skin nodule, Diarrhea, Abnormal thorax morphology, Myoclonus, Bone pain, Ataxia, neuroblastoma, Elevated urinary vanillylmandelic acid, Abdominal pain, Fever, Autosomal dominant inheritance, Typified by incomplete penetrance, Failure to thrive, Sporadic, Anemia, Weight los",s,", Neoplasm of the nervous system. HGVS Name(s): c.1082-578T>A, c.1082-578T>C, c.931-1072T>A, c.931-1072T>C, c.979T>A, c.979T>C, c.991T>A, c.991T>C,",p,.Phe32,7Il,"e,",p,".Phe327Leu, p.Phe331Ile, p.Phe331Leu."
rs12488221,Variant,0.25321832,dbSNP,Neuroblastoma,.,Phenotype ontologies,:,"Diarrhea, Abnormal thorax morphology, Myoclonus, Elevated urinary homovanillic acid, Neuroblastoma, Hypertension, Spinal cord compression, Horner syndrome, obsolete Heterogeneous, Skin nodule, Elevated urinary dopamine level, Typified by incomplete penetrance, Failure to thrive, Neoplasm of the nervous system, Sporadic, Weight loss, Anemia, Elevated urinary vanillylmandelic acid, neuroblastoma, Bone pain, Ataxia, Fever, Abdominal pain, Autosomal dominant inheritance",.,"HGVS Name(s): n.207-4578C>A, n.207-4578C>G, n.207-4578C>T, n.381+54564G>A, n.381+54564G>C, n.381+54564G>T.",,,,,,
rs12505133,Variant,0.27798963,dbSNP,Neuroblastoma,.,Phenotype ontologies,:,"Abdominal pain, Fever, Autosomal dominant inheritance, Elevated urinary vanillylmandelic acid, Bone pain, neuroblastoma, Ataxia, Neoplasm of the nervous system, Sporadic, Anemia, Weight loss, Typified by incomplete penetrance, Failure to thrive, Spinal cord compression, Hypertension, obsolete Heterogeneous, Horner syndrome, Skin nodule, Elevated urinary dopamine level, Elevated urinary homovanillic acid, Neuroblastoma, Myoclonus, Abnormal thorax morphology, Diarrhea",.,HGVS Name(s): c.151+20918T>C.,,,,,,
rs1251053412,Variant,0.27798963,dbSNP,Neuroblastoma,",","SUSCEPTIBILITY TO, 2",,"(NBLST2). Phenotype ontologies: neuroblastoma, neuroblastoma, susceptibility to, 2, Aganglionic megacolon, Autosomal dominant inheritance. HGVS Name(s): c.611C>A, c.611C>T, p.Pro204His, p.Pro204Leu.",,,,,,,,
rs1251172414,Variant,0.25321832,dbSNP,Neuroblastoma,.,Phenotype ontologies,:,"Typified by incomplete penetrance, Failure to thrive, Neoplasm of the nervous system, Weight loss, Sporadic, Anemia, Elevated urinary vanillylmandelic acid, Bone pain, Ataxia, neuroblastoma, Fever, Abdominal pain, Autosomal dominant inheritance, Diarrhea, Abnormal thorax morphology, Myoclonus, Neuroblastoma, Elevated urinary homovanillic acid, Hypertension, Spinal cord compression, obsolete Heterogeneous, Horner syndrome, Skin nodule, Elevated urinary dopamine level",.,"HGVS Name(s): c.*1540C>A, c.*3355C>A.",,,,,,
rs12514981,Variant,0.27798963,dbSNP,Neuroblastoma,.,Phenotype ontologies,:,"Myoclonus, Diarrhea, Abnormal thorax morphology, Spinal cord compression, Hypertension, obsolete Heterogeneous, Horner syndrome, Skin nodule, Elevated urinary dopamine level, Elevated urinary homovanillic acid, Neuroblastoma, Neoplasm of the nervous system, Sporadic, Anemia, Weight loss, Typified by incomplete penetrance, Failure to thrive, Abdominal pain, Fever, Autosomal dominant inheritance, Elevated urinary vanillylmandelic acid, Bone pain, Ataxia, neuroblastoma",.,HGVS Name(s): n.657+30599T>C.,,,,,,
rs1252096909,Variant,0.000562459,dbSNP,Neuroblastoma,",","SUSCEPTIBILITY TO, 3",,"(NBLST3). Phenotype ontologies: neuroblastoma, susceptibility to, 3. HGVS Name(s): c.2143G>A, c.2143G>T, p.Gly715Arg, p.Gly715Trp.",,,,,,,,
rs1256405098,Variant,0.000562459,dbSNP,Hereditary ca,n,cer-predisposing synd,r,"ome;NEUROBLASTOMA, SUSCEPTIBILITY TO, 3 (NBLST3). Phenotype ontologies: neuroblastoma, susceptibility to, 3. HGVS Name(s): c.2310G>A, p.Met770Ile.",,,,,,,,
rs1256565008,Variant,0.000562459,dbSNP,Neuroblastoma,",","SUSCEPTIBILITY TO, 3",,"(NBLST3). Phenotype ontologies: neuroblastoma, susceptibility to, 3. HGVS Name(s): c.1912+17C>T.",,,,,,,,
rs1256624924,Variant,0.000562459,dbSNP,Neuroblastoma,",","SUSCEPTIBILITY TO, 3",,"(NBLST3). Phenotype ontologies: neuroblastoma, susceptibility to, 3. HGVS Name(s): c.2641G>A, c.2641G>C, p.Gly881Arg, p.Gly881Ser.",,,,,,,,
rs1260084723,Variant,0.27798963,dbSNP,Not specified,o,type not specified;Ha,d,"dad syndrome;Hereditary cancer-predisposing syndrome;NEUROBLASTOMA, SUSCEPTIBILITY TO, 2 (NBLST2). Phenotype ontologies: central hypoventilation syndrome, congenital, 1, with or without Hirschsprung disease, neuroblastoma, susceptibility to, 2, Haddad syndrome, neuroblastoma, Autosomal dominant inheritance, Aganglionic megacolon. HGVS Name(s): c.796G>A, c.796G>T, p.Ala266Ser, p.Ala266Thr.",,,,,,,,
rs1265123371,Variant,0.000642801,dbSNP,Neuroblastoma,",","SUSCEPTIBILITY TO, 3",,"(NBLST3). Phenotype ontologies: neuroblastoma, susceptibility to, 3. HGVS Name(s): c.3837-14del.",,,,,,,,
rs12660382,Variant,0.27798963,dbSNP,Neuroblastoma,.,Phenotype ontologies,:,"Typified by incomplete penetrance, Failure to thrive, Sporadic, Weight loss, Anemia, Neoplasm of the nervous system, Ataxia, Bone pain, neuroblastoma, Elevated urinary vanillylmandelic acid, Fever, Abdominal pain, Autosomal dominant inheritance, Abnormal thorax morphology, Diarrhea, Myoclonus, Elevated urinary homovanillic acid, Neuroblastoma, obsolete Heterogeneous, Horner syndrome, Hypertension, Spinal cord compression, Elevated urinary dopamine level, Skin nodule",.,HGVS Name(s): n.95+12267C>T.,,,,,,
rs12670706,Variant,0.32279584,dbSNP,Neuroblastoma,.,Phenotype ontologies,:,"Sporadic, Anemia, Weight loss, Neoplasm of the nervous system, Typified by incomplete penetrance, Failure to thrive, Abdominal pain, Fever, Autosomal dominant inheritance, Bone pain, Ataxia, neuroblastoma, Elevated urinary vanillylmandelic acid, Myoclonus, Abnormal thorax morphology, Diarrhea, Horner syndrome, obsolete Heterogeneous, Hypertension, Spinal cord compression, Elevated urinary dopamine level, Skin nodule, Neuroblastoma, Elevated urinary homovanillic acid",.,,,,,,,
rs1268649558,Variant,0.000562459,dbSNP,Hereditary cancer-predisposing syndrome,n,cer-predisposing synd,r,"ome;NEUROBLASTOMA, SUSCEPTIBILITY TO, 3 (NBLST3). Phenotype ontologies: neuroblastoma, susceptibility to, 3. HGVS Name(s): c.1908C>G, p.Leu636=.",,,,,,,,
rs1268853000,Variant,0.000562459,dbSNP,Hereditary cancer-predisposing syndrome,n,cer-predisposing synd,r,"ome;NEUROBLASTOMA, SUSCEPTIBILITY TO, 3 (NBLST3). Phenotype ontologies: neuroblastoma, susceptibility to, 3. HGVS Name(s): c.1419A>G, n.272-601T>C, p.Lys473=.",,,,,,,,
rs1273699854,Variant,0.000562459,dbSNP,Hereditary cancer-predisposing syndrome,n,cer-predisposing synd,r,"ome;NEUROBLASTOMA, SUSCEPTIBILITY TO, 3 (NBLST3). Phenotype ontologies: neuroblastoma, susceptibility to, 3. HGVS Name(s): c.1788G>A, p.Met596Ile.",,,,,,,,
rs12745240,Variant,0.25321832,dbSNP,Neuroblastoma,.,Phenotype ontologies,:,"Failure to thrive, Typified by incomplete penetrance, Sporadic, Anemia, Weight loss, Neoplasm of the nervous system, Bone pain, neuroblastoma, Ataxia, Elevated urinary vanillylmandelic acid, Autosomal dominant inheritance, Abdominal pain, Fever, Abnormal thorax morphology, Diarrhea, Myoclonus, Elevated urinary homovanillic acid, Neuroblastoma, Elevated urinary dopamine level, Skin nodule, Horner syndrome, obsolete Heterogeneous, Spinal cord compression, Hypertension",.,"HGVS Name(s): n.372+7217C>A, n.372+7217C>G, n.372+7217C>T.",,,,,,
rs1275754373,Variant,0.000562459,dbSNP,Hereditary cancer-predisposing syndrome,n,cer-predisposing synd,r,"ome;NEUROBLASTOMA, SUSCEPTIBILITY TO, 3 (NBLST3). Phenotype ontologies: neuroblastoma, susceptibility to, 3. HGVS Name(s): c.1992G>A, p.Leu664=.",,,,,,,,
rs1276685806,Variant,0.27798963,dbSNP,Haddad syndro,m,e;Hereditary cancer-p,r,"edisposing syndrome;NEUROBLASTOMA, SUSCEPTIBILITY TO, 2 (NBLST2). Phenotype ontologies: central hypoventilation syndrome, congenital, 1, with or without Hirschsprung disease, Haddad syndrome, neuroblastoma, susceptibility to, 2, neuroblastoma, Aganglionic megacolon, Autosomal dominant inheritance. HGVS Name(s): c.745G>A, c.745G>T, p.Ala249Ser, p.Ala249Thr.",,,,,,,,
rs1279549141,Variant,0.000562459,dbSNP,Hereditary cancer-predisposing syndrome,n,cer-predisposing synd,r,"ome;NEUROBLASTOMA, SUSCEPTIBILITY TO, 3 (NBLST3). Phenotype ontologies: neuroblastoma, susceptibility to, 3. HGVS Name(s): c.2609T>C, p.Leu870Pro.",,,,,,,,
rs1279941719,Variant,0.000562459,dbSNP,Neuroblastoma,",","SUSCEPTIBILITY TO, 3",,"(NBLST3). Phenotype ontologies: neuroblastoma, susceptibility to, 3. HGVS Name(s): c.1022G>A, p.Ser341Asn.",,,,,,,,
rs1280047183,Variant,0.000562459,dbSNP,Hereditary cancer-predisposing syndrome,n,cer-predisposing synd,r,"ome;NEUROBLASTOMA, SUSCEPTIBILITY TO, 3 (NBLST3). Phenotype ontologies: neuroblastoma, susceptibility to, 3. HGVS Name(s): c.2813T>C, p.Ile938Thr.",,,,,,,,
rs1280277994,Variant,0.000562459,dbSNP,Neuroblastoma,",","SUSCEPTIBILITY TO, 3",,"(NBLST3). Phenotype ontologies: neuroblastoma, susceptibility to, 3. HGVS Name(s): c.2738G>A, c.2738G>C, p.Trp913Ser, p.Trp913Ter.",,,,,,,,
rs12908499,Variant,0.31353796,dbSNP,Neuroblastoma,.,Phenotype ontologies,:,"Elevated urinary vanillylmandelic acid, Ataxia, Bone pain, neuroblastoma, Autosomal dominant inheritance, Abdominal pain, Fever, Failure to thrive, Typified by incomplete penetrance, Neoplasm of the nervous system, Sporadic, Weight loss, Anemia, Elevated urinary homovanillic acid, Neuroblastoma, Skin nodule, Elevated urinary dopamine level, Hypertension, Spinal cord compression, obsolete Heterogeneous, Horner syndrome, Abnormal thorax morphology, Diarrhea, Myoclonus",.,HGVS Name(s): c.106+12530C>G.,,,,,,
rs1292727082,Variant,0.27798963,dbSNP,Not specified,o,type not specified;Ha,d,"dad syndrome;Hereditary cancer-predisposing syndrome;NEUROBLASTOMA, SUSCEPTIBILITY TO, 2 (NBLST2). Phenotype ontologies: central hypoventilation syndrome, congenital, 1, with or without Hirschsprung disease, neuroblastoma, susceptibility to, 2, Haddad syndrome, neuroblastoma, Autosomal dominant inheritance, Aganglionic megacolon. HGVS Name(s): c.610C>A, c.610C>G, c.610C>T, p.Pro204Ala, p.Pro204Ser, p.Pro204Thr.",,,,,,,,
rs12941604,Variant,0.31848878,dbSNP,Neuroblastoma,.,Phenotype ontologies,:,"Abnormal thorax morphology, Diarrhea, Myoclonus, Elevated urinary homovanillic acid, Neuroblastoma, Horner syndrome, obsolete Heterogeneous, Hypertension, Spinal cord compression, Elevated urinary dopamine level, Skin nodule, Typified by incomplete penetrance, Failure to thrive, Sporadic, Anemia, Weight loss, Neoplasm of the nervous system, Ataxia, Bone pain, neuroblastoma, Elevated urinary vanillylmandelic acid, Abdominal pain, Fever, Autosomal dominant inheritance",.,"HGVS Name(s): c.*824C>A, c.*824C>T.",,,,,,
rs13001220,Variant,0.25321832,dbSNP,Neuroblastoma,.,Phenotype ontologies,:,"Elevated urinary vanillylmandelic acid, neuroblastoma, Bone pain, Ataxia, Autosomal dominant inheritance, Fever, Abdominal pain, Failure to thrive, Typified by incomplete penetrance, Neoplasm of the nervous system, Anemia, Sporadic, Weight loss, Neuroblastoma, Elevated urinary homovanillic acid, Skin nodule, Elevated urinary dopamine level, Spinal cord compression, Hypertension, obsolete Heterogeneous, Horner syndrome, Abnormal thorax morphology, Diarrhea, Myoclonus",.,,,,,,,
rs1303150051,Variant,0.27798963,dbSNP,Congenital ce,n,tral hypoventilation;,N,"EUROBLASTOMA, SUSCEPTIBILITY TO, 2 (NBLST2). Phenotype ontologies: central hypoventilation syndrome, congenital, 1, with or without Hirschsprung disease, neuroblastoma, Aganglionic megacolon, Autosomal dominant inheritance, neuroblastoma, susceptibility to, 2. HGVS Name(s): c.*301C>A, c.*301C>G.",,,,,,,,
rs13096817,Variant,0.25321832,dbSNP,Neuroblastoma,.,Phenotype ontologies,:,"Typified by incomplete penetrance, Failure to thrive, Weight loss, Sporadic, Anemia, Neoplasm of the nervous system, Ataxia, Bone pain, neuroblastoma, Elevated urinary vanillylmandelic acid, Fever, Abdominal pain, Autosomal dominant inheritance, Abnormal thorax morphology, Diarrhea, Myoclonus, Neuroblastoma, Elevated urinary homovanillic acid, Horner syndrome, obsolete Heterogeneous, Spinal cord compression, Hypertension, Elevated urinary dopamine level, Skin nodule",.,"HGVS Name(s): c.5177-30588C>T, c.5183-30588C>T, c.85+16926C>T.",,,,,,
rs13150445,Variant,0.27798963,dbSNP,Neuroblastoma,.,Phenotype ontologies,:,"Neuroblastoma, Elevated urinary homovanillic acid, Horner syndrome, obsolete Heterogeneous, Hypertension, Spinal cord compression, Elevated urinary dopamine level, Skin nodule, Abnormal thorax morphology, Diarrhea, Myoclonus, Bone pain, neuroblastoma, Ataxia, Elevated urinary vanillylmandelic acid, Fever, Abdominal pain, Autosomal dominant inheritance, Typified by incomplete penetrance, Failure to thrive, Anemia, Sporadic, Weight loss, Neoplasm of the nervous system",.,"HGVS Name(s): c.1161+143A>C, c.1161+143A>G, c.1161+143A>T, c.540+143A>C, c.540+143A>G, c.540+143A>T.",,,,,,
rs1326880304,Variant,0.25321832,dbSNP,Not specified,o,type not specified;Ne,u,"roblastoma. Phenotype ontologies: Sporadic, Anemia, Weight loss, Neoplasm of the nervous system, Typified by incomplete penetrance, Failure to thrive, Fever, Abdominal pain, Autosomal dominant inheritance, Ataxia, Bone pain, neuroblastoma, Elevated urinary vanillylmandelic acid, Myoclonus, Diarrhea, Abnormal thorax morphology, obsolete Heterogeneous, Horner syndrome, Spinal cord compression, Hypertension, Elevated urinary dopamine level, Skin nodule, Neuroblastoma, E",l,"evated urinary homovanillic acid. HGVS Name(s): c.3698T>C, c.3740T>C, c.3803T>C, p.Met1233Thr, p.Met1247Thr, p.Met1268Thr.",,,,,,
rs1331941619,Variant,0.25321832,dbSNP,Not specified,o,type not specified;Ne,u,"roblastoma. Phenotype ontologies: Elevated urinary homovanillic acid, Neuroblastoma, Elevated urinary dopamine level, Skin nodule, Horner syndrome, obsolete Heterogeneous, Spinal cord compression, Hypertension, Abnormal thorax morphology, Diarrhea, Myoclonus, neuroblastoma, Bone pain, Ataxia, Elevated urinary vanillylmandelic acid, Autosomal dominant inheritance, Fever, Abdominal pain, Failure to thrive, Typified by incomplete penetrance, Weight loss, Sporadic, Anemi",a,", Neoplasm of the nervous system. HGVS Name(s): c.4600C>G, c.4642C>G, c.4705C>G, p.Gln1534Glu, p.Gln1548Glu, p.Gln1569Glu.",,,,,,
rs1335294030,Variant,0.27798963,dbSNP,Not specified,o,type not specified;Ha,d,"dad syndrome;Hereditary cancer-predisposing syndrome;NEUROBLASTOMA, SUSCEPTIBILITY TO, 2 (NBLST2). Phenotype ontologies: neuroblastoma, Aganglionic megacolon, Autosomal dominant inheritance, central hypoventilation syndrome, congenital, 1, with or without Hirschsprung disease, neuroblastoma, susceptibility to, 2, Haddad syndrome. HGVS Name(s): c.683G>T, p.Gly228Val.",,,,,,,,
rs13359418,Variant,0.27798963,dbSNP,Neuroblastoma,.,Phenotype ontologies,:,"Neuroblastoma, Elevated urinary homovanillic acid, Elevated urinary dopamine level, Skin nodule, Horner syndrome, obsolete Heterogeneous, Hypertension, Spinal cord compression, Abnormal thorax morphology, Diarrhea, Myoclonus, Ataxia, Bone pain, neuroblastoma, Elevated urinary vanillylmandelic acid, Autosomal dominant inheritance, Abdominal pain, Fever, Failure to thrive, Typified by incomplete penetrance, Sporadic, Anemia, Weight loss, Neoplasm of the nervous system",.,,,,,,,
rs1338837491,Variant,0.27798963,dbSNP,Haddad syndro,m,e;Hereditary cancer-p,r,"edisposing syndrome;NEUROBLASTOMA, SUSCEPTIBILITY TO, 2 (NBLST2). Phenotype ontologies: central hypoventilation syndrome, congenital, 1, with or without Hirschsprung disease, Haddad syndrome, neuroblastoma, susceptibility to, 2, neuroblastoma, Aganglionic megacolon, Autosomal dominant inheritance. HGVS Name(s): c.499G>A, p.Ala167Thr.",,,,,,,,
rs13420111,Variant,0.25321832,dbSNP,Neuroblastoma,.,Phenotype ontologies,:,"Spinal cord compression, Hypertension, Horner syndrome, obsolete Heterogeneous, Skin nodule, Elevated urinary dopamine level, Elevated urinary homovanillic acid, Neuroblastoma, Myoclonus, Diarrhea, Abnormal thorax morphology, Abdominal pain, Fever, Autosomal dominant inheritance, Elevated urinary vanillylmandelic acid, neuroblastoma, Bone pain, Ataxia, Neoplasm of the nervous system, Weight loss, Sporadic, Anemia, Typified by incomplete penetrance, Failure to thrive",.,HGVS Name(s): c.5210-9957T>C.,,,,,,
rs13432282,Variant,0.25321832,dbSNP,Neuroblastoma,.,Phenotype ontologies,:,"Elevated urinary homovanillic acid, Neuroblastoma, Elevated urinary dopamine level, Skin nodule, obsolete Heterogeneous, Horner syndrome, Hypertension, Spinal cord compression, Abnormal thorax morphology, Diarrhea, Myoclonus, Ataxia, Bone pain, neuroblastoma, Elevated urinary vanillylmandelic acid, Autosomal dominant inheritance, Fever, Abdominal pain, Failure to thrive, Typified by incomplete penetrance, Sporadic, Weight loss, Anemia, Neoplasm of the nervous system",.,HGVS Name(s): c.5210-734C>A.,,,,,,
rs1352110516,Variant,0.27798963,dbSNP,Haddad syndro,m,e;Hereditary cancer-p,r,"edisposing syndrome;NEUROBLASTOMA, SUSCEPTIBILITY TO, 2 (NBLST2). Phenotype ontologies: Aganglionic megacolon, Autosomal dominant inheritance, neuroblastoma, Haddad syndrome, neuroblastoma, susceptibility to, 2, central hypoventilation syndrome, congenital, 1, with or without Hirschsprung disease. HGVS Name(s): c.917C>A, p.Ala306Asp.",,,,,,,,
rs1353983410,Variant,0.27798963,dbSNP,Haddad syndro,m,e;Hereditary cancer-p,r,"edisposing syndrome;NEUROBLASTOMA, SUSCEPTIBILITY TO, 2 (NBLST2). Phenotype ontologies: Aganglionic megacolon, Autosomal dominant inheritance, neuroblastoma, Haddad syndrome, neuroblastoma, susceptibility to, 2, central hypoventilation syndrome, congenital, 1, with or without Hirschsprung disease. HGVS Name(s): c.56C>G, n.210G>C, p.Ala19Gly.",,,,,,,,
rs1368795718,Variant,0.25321832,dbSNP,Neuroblastoma,.,Phenotype ontologies,:,"Skin nodule, Elevated urinary dopamine level, Spinal cord compression, Hypertension, Horner syndrome, obsolete Heterogeneous, Elevated urinary homovanillic acid, Neuroblastoma, Myoclonus, Diarrhea, Abnormal thorax morphology, Autosomal dominant inheritance, Abdominal pain, Fever, Elevated urinary vanillylmandelic acid, Ataxia, Bone pain, neuroblastoma, Neoplasm of the nervous system, Anemia, Sporadic, Weight loss, Failure to thrive, Typified by incomplete penetrance",.,"HGVS Name(s): c.*1566A>T, c.5367-186A>T.",,,,,,
rs1374230,Variant,0.25321832,dbSNP,Neuroblastoma,.,Phenotype ontologies,:,"Sporadic, Weight loss, Anemia, Neoplasm of the nervous system, Failure to thrive, Typified by incomplete penetrance, Autosomal dominant inheritance, Fever, Abdominal pain, Bone pain, Ataxia, neuroblastoma, Elevated urinary vanillylmandelic acid, Myoclonus, Diarrhea, Abnormal thorax morphology, Elevated urinary dopamine level, Skin nodule, obsolete Heterogeneous, Horner syndrome, Hypertension, Spinal cord compression, Neuroblastoma, Elevated urinary homovanillic acid",.,"HGVS Name(s): c.*235-1500T>C, c.*235-1500T>G, c.1161-1500T>C, c.1161-1500T>G, c.1569-1500T>C, c.1569-1500T>G.",,,,,,
rs1377198164,Variant,0.25321832,dbSNP,Neuroblastoma,.,Phenotype ontologies,:,"Myoclonus, Abnormal thorax morphology, Diarrhea, obsolete Heterogeneous, Horner syndrome, Hypertension, Spinal cord compression, Elevated urinary dopamine level, Skin nodule, Neuroblastoma, Elevated urinary homovanillic acid, Sporadic, Weight loss, Anemia, Neoplasm of the nervous system, Typified by incomplete penetrance, Failure to thrive, Fever, Abdominal pain, Autosomal dominant inheritance, neuroblastoma, Bone pain, Ataxia, Elevated urinary vanillylmandelic acid",.,"HGVS Name(s): c.*2384A>G, c.*569A>G.",,,,,,
rs1377919163,Variant,0.25321832,dbSNP,Charcot-Marie,-,Tooth disease type 2;,C,"linVar: phenotype not specified;Neuroblastoma. Phenotype ontologies: Sporadic, Anemia, Weight loss, Neoplasm of the nervous system, Failure to thrive, Typified by incomplete penetrance, Autosomal dominant inheritance, Abdominal pain, Fever, Bone pain, Ataxia, neuroblastoma, Elevated urinary vanillylmandelic acid, Charcot-Marie-Tooth disease type 2, Myoclonus, Abnormal thorax morphology, Diarrhea, Elevated urinary dopamine level, Skin nodule, obsolete Heterogeneous, H",o,"rner syndrome, Spinal cord compression, Hypertension, Elevated urinary homovanillic acid, Neuroblastoma. HGVS Name(s): c.3995C>G, c.4037C>G, c.4100",C>,"G, p.S",er1,33,2C,"ys, p.Ser1346Cys, p.Ser1367Cys."
rs138324955,Variant,0.25321832,dbSNP,Charcot-Marie,-,Tooth disease;Charcot,-,"Marie-Tooth disease type 2;ClinVar: phenotype not specified;Neuroblastoma. Phenotype ontologies: Abnormality of the voice, Failure to thrive, Gait disturbance, Neoplasm of the nervous system, Scoliosis, Weight loss, Bone pain, Autosomal dominant inheritance, Fever, Abdominal pain, Diarrhea, Abnormal thorax morphology, Charcot-Marie-Tooth disease type 2, Kyphosis, Laryngomalacia, Hemiplegia/hemiparesis, Elevated urinary dopamine level, Spinal cord compression, Hyperte",n,"sion, obsolete Heterogeneous, Typified by incomplete penetrance, Sporadic, Anemia, Impaired pain sensation, Elevated urinary vanillylmandelic acid,",A,"taxia,",ne,ur,ob,"lastoma, Incoordination, Decreased nerve conduction velocity, Myoclonus, EMG abnormality, Elevated urinary homovanillic acid, Neuroblastoma, Charcot-Marie-Tooth disease, Skin nodule, Skeletal muscle atrophy, Reduced tendon reflexes, Horner syndrome. HGVS Name(s): c.184-6_184-5del."
rs1383528417,Variant,0.27798963,dbSNP,Haddad syndro,m,e;Hereditary cancer-p,r,"edisposing syndrome;NEUROBLASTOMA, SUSCEPTIBILITY TO, 2 (NBLST2). Phenotype ontologies: Autosomal dominant inheritance, Aganglionic megacolon, neuroblastoma, neuroblastoma, susceptibility to, 2, Haddad syndrome, central hypoventilation syndrome, congenital, 1, with or without Hirschsprung disease. HGVS Name(s): c.778G>A, c.778G>C, p.Ala260Pro, p.Ala260Thr.",,,,,,,,
rs138384829,Variant,0.000562459,dbSNP,Neuroblastoma,",","SUSCEPTIBILITY TO, 3",,"(NBLST3). Phenotype ontologies: neuroblastoma, susceptibility to, 3. HGVS Name(s): c.-619G>A, n.534+4941G>A.",,,,,,,,
rs138545772,Variant,0.27798963,dbSNP,Not specified,o,type not specified;Co,n,"genital central hypoventilation;Haddad syndrome;Hereditary cancer-predisposing syndrome;NEUROBLASTOMA, SUSCEPTIBILITY TO, 2 (NBLST2);PHOX2B-related disorder. Phenotype ontologies: central hypoventilation syndrome, congenital, 1, with or without Hirschsprung disease, Haddad syndrome, neuroblastoma, susceptibility to, 2, neuroblastoma, Aganglionic megacolon, Autosomal dominant inheritance. HGVS Name(s): c.832G>A, p.Gly278Ser.",,,,,,,,
rs138784554,Variant,0.000562459,dbSNP,Not specified,o,type not specified;He,r,"editary cancer-predisposing syndrome;NEUROBLASTOMA, SUSCEPTIBILITY TO, 3 (NBLST3). Phenotype ontologies: neuroblastoma, susceptibility to, 3. HGVS Name(s): c.1110G>A, p.Glu370=.",,,,,,,,
rs139123232,Variant,0.000562459,dbSNP,Hereditary cancer-predisposing syndrome,n,cer-predisposing synd,r,"ome;NEUROBLASTOMA, SUSCEPTIBILITY TO, 3 (NBLST3). Phenotype ontologies: neuroblastoma, susceptibility to, 3. HGVS Name(s): c.1866C>A, c.1866C>T, p.Ile622=.",,,,,,,,
rs139159572,Variant,0.25321832,dbSNP,Charcot-Marie,-,Tooth disease type 2;,C,"linVar: phenotype not specified;Neuroblastoma. Phenotype ontologies: Sporadic, Weight loss, Anemia, Neoplasm of the nervous system, Typified by incomplete penetrance, Failure to thrive, Abdominal pain, Fever, Autosomal dominant inheritance, Ataxia, Bone pain, neuroblastoma, Elevated urinary vanillylmandelic acid, Myoclonus, Charcot-Marie-Tooth disease type 2, Abnormal thorax morphology, Diarrhea, obsolete Heterogeneous, Horner syndrome, Spinal cord compression, Hyper",t,"ension, Elevated urinary dopamine level, Skin nodule, Neuroblastoma, Elevated urinary homovanillic acid. HGVS Name(s): c.3843A>C, c.3843A>G, c.3885",A>,"C, c.3",885,A>,"G,","c.3948A>C, c.3948A>G, p.Thr1281=, p.Thr1295=, p.Thr1316=."
rs139210251,Variant,0.25321832,dbSNP,Neuroblastoma,.,Phenotype ontologies,:,"Neuroblastoma, Elevated urinary homovanillic acid, Skin nodule, Elevated urinary dopamine level, Hypertension, Spinal cord compression, obsolete Heterogeneous, Horner syndrome, Diarrhea, Abnormal thorax morphology, Myoclonus, Elevated urinary vanillylmandelic acid, neuroblastoma, Bone pain, Ataxia, Autosomal dominant inheritance, Fever, Abdominal pain, Failure to thrive, Typified by incomplete penetrance, Neoplasm of the nervous system, Anemia, Sporadic, Weight loss",.,"HGVS Name(s): c.*1526C>T, c.*3341C>T.",,,,,,
rs139266341,Variant,0.31848878,dbSNP,Neuroblastoma,.,Phenotype ontologies,:,"Ataxia, Bone pain, neuroblastoma, Elevated urinary vanillylmandelic acid, Fever, Abdominal pain, Autosomal dominant inheritance, Typified by incomplete penetrance, Failure to thrive, Weight loss, Sporadic, Anemia, Neoplasm of the nervous system, Neuroblastoma, Elevated urinary homovanillic acid, obsolete Heterogeneous, Horner syndrome, Hypertension, Spinal cord compression, Elevated urinary dopamine level, Skin nodule, Diarrhea, Abnormal thorax morphology, Myoclonus",.,HGVS Name(s): c.5667+139A>C.,,,,,,
rs139365887,Variant,0.000562459,dbSNP,Hereditary cancer-predisposing syndrome,n,cer-predisposing synd,r,"ome;NEUROBLASTOMA, SUSCEPTIBILITY TO, 3 (NBLST3). Phenotype ontologies: neuroblastoma, susceptibility to, 3. HGVS Name(s): c.3097C>T, p.Leu1033Phe.",,,,,,,,
rs139437088,Variant,0.000562459,dbSNP,Not specified,o,type not specified;NE,U,"ROBLASTOMA, SUSCEPTIBILITY TO, 3 (NBLST3). Phenotype ontologies: neuroblastoma, susceptibility to, 3. HGVS Name(s): c.1923-3414T>C, c.4573A>G, p.Lys1525Glu.",,,,,,,,
rs139613776,Variant,0.25321832,dbSNP,Charcot-Marie,-,Tooth disease;Charcot,-,"Marie-Tooth disease type 2;ClinVar: phenotype not specified;Neuroblastoma. Phenotype ontologies: Neoplasm of the nervous system, Weight loss, Scoliosis, Abnormality of the voice, Failure to thrive, Gait disturbance, Autosomal dominant inheritance, Abdominal pain, Fever, Bone pain, Charcot-Marie-Tooth disease type 2, Kyphosis, Laryngomalacia, Abnormal thorax morphology, Diarrhea, Elevated urinary dopamine level, Hypertension, Spinal cord compression, obsolete Heteroge",n,"eous, Hemiplegia/hemiparesis, Sporadic, Anemia, Impaired pain sensation, Typified by incomplete penetrance, Elevated urinary vanillylmandelic acid,",n,eurobl,ast,om,"a,","Ataxia, Myoclonus, Incoordination, Decreased nerve conduction velocity, Skin nodule, Skeletal muscle atrophy, Reduced tendon reflexes, Horner syndrome, EMG abnormality, Elevated urinary homovanillic acid, Neuroblastoma, Charcot-Marie-Tooth disease. HGVS Name(s): c.608+8dup."
rs1397719362,Variant,0.25321832,dbSNP,Charcot-Marie,-,Tooth disease type 2;,N,"euroblastoma. Phenotype ontologies: Autosomal dominant inheritance, Abdominal pain, Fever, Elevated urinary vanillylmandelic acid, Bone pain, Ataxia, neuroblastoma, Neoplasm of the nervous system, Sporadic, Anemia, Weight loss, Failure to thrive, Typified by incomplete penetrance, Skin nodule, Elevated urinary dopamine level, Spinal cord compression, Hypertension, obsolete Heterogeneous, Horner syndrome, Elevated urinary homovanillic acid, Neuroblastoma, Charcot-Mari",e,"-Tooth disease type 2, Myoclonus, Diarrhea, Abnormal thorax morphology. HGVS Name(s): c.865-15C>A, c.865-15C>T, c.883-15C>A, c.883-15C>T.",,,,,,
rs1397909726,Variant,0.27798963,dbSNP,Not specified,o,type not specified;Ha,d,"dad syndrome;Hereditary cancer-predisposing syndrome;NEUROBLASTOMA, SUSCEPTIBILITY TO, 2 (NBLST2). Phenotype ontologies: Aganglionic megacolon, Autosomal dominant inheritance, neuroblastoma, Haddad syndrome, neuroblastoma, susceptibility to, 2, central hypoventilation syndrome, congenital, 1, with or without Hirschsprung disease. HGVS Name(s): c.251A>G, p.Lys84Arg.",,,,,,,,
rs139852787,Variant,0.25321832,dbSNP,Neuroblastoma,.,Phenotype ontologies,:,"Abdominal pain, Fever, Autosomal dominant inheritance, Elevated urinary vanillylmandelic acid, Bone pain, neuroblastoma, Ataxia, Neoplasm of the nervous system, Sporadic, Anemia, Weight loss, Typified by incomplete penetrance, Failure to thrive, Hypertension, Spinal cord compression, obsolete Heterogeneous, Horner syndrome, Skin nodule, Elevated urinary dopamine level, Neuroblastoma, Elevated urinary homovanillic acid, Myoclonus, Abnormal thorax morphology, Diarrhea",.,HGVS Name(s): c.553-13145A>C.,,,,,,
rs140015591,Variant,0.25321832,dbSNP,Charcot-Marie,-,Tooth disease type 2;,C,"linVar: phenotype not specified;KIF1B-related disorder;Neuroblastoma. Phenotype ontologies: Weight loss, Sporadic, Anemia, Neoplasm of the nervous system, Failure to thrive, Typified by incomplete penetrance, Autosomal dominant inheritance, Fever, Abdominal pain, Bone pain, neuroblastoma, Ataxia, Elevated urinary vanillylmandelic acid, Charcot-Marie-Tooth disease type 2, Myoclonus, Diarrhea, Abnormal thorax morphology, Elevated urinary dopamine level, Skin nodule, ob",s,"olete Heterogeneous, Horner syndrome, Spinal cord compression, Hypertension, Elevated urinary homovanillic acid, Neuroblastoma. HGVS Name(s): c.245",5A,">C, c.",255,1A,>C,", c.2593A>C, p.Ser819Arg, p.Ser851Arg, p.Ser865Arg."
rs1400589779,Variant,0.25321832,dbSNP,Neuroblastoma,.,Phenotype ontologies,:,"Sporadic, Anemia, Weight loss, Neoplasm of the nervous system, Typified by incomplete penetrance, Failure to thrive, Fever, Abdominal pain, Autosomal dominant inheritance, Bone pain, Ataxia, neuroblastoma, Elevated urinary vanillylmandelic acid, Myoclonus, Diarrhea, Abnormal thorax morphology, Horner syndrome, obsolete Heterogeneous, Spinal cord compression, Hypertension, Elevated urinary dopamine level, Skin nodule, Elevated urinary homovanillic acid, Neuroblastoma",.,"HGVS Name(s): c.*3125T>A, c.*4940T>A.",,,,,,
rs1400901317,Variant,0.27798963,dbSNP,Hereditary cancer-predisposing syndrome,n,cer-predisposing synd,r,"ome;NEUROBLASTOMA, SUSCEPTIBILITY TO, 2 (NBLST2). Phenotype ontologies: neuroblastoma, Autosomal dominant inheritance, Aganglionic megacolon, neuroblastoma, susceptibility to, 2. HGVS Name(s): c.401A>G, c.401A>T, p.Lys134Arg, p.Lys134Met.",,,,,,,,
rs140229905,Variant,0.25321832,dbSNP,Charcot-Marie,-,Tooth disease;Charcot,-,"Marie-Tooth disease type 2;ClinVar: phenotype not specified;Neuroblastoma. Phenotype ontologies: Diarrhea, Abnormal thorax morphology, Charcot-Marie-Tooth disease type 2, Laryngomalacia, Kyphosis, Hemiplegia/hemiparesis, Elevated urinary dopamine level, obsolete Heterogeneous, Spinal cord compression, Hypertension, Abnormality of the voice, Failure to thrive, Gait disturbance, Weight loss, Scoliosis, Neoplasm of the nervous system, Bone pain, Autosomal dominant inher",i,"tance, Fever, Abdominal pain, Decreased nerve conduction velocity, Incoordination, Myoclonus, EMG abnormality, Charcot-Marie-Tooth disease, Neurobl",as,"toma,",Ele,va,te,"d urinary homovanillic acid, Skeletal muscle atrophy, Skin nodule, Horner syndrome, Reduced tendon reflexes, Typified by incomplete penetrance, Sporadic, Anemia, Impaired pain sensation, Ataxia, neuroblastoma, Elevated urinary vanillylmandelic acid. HGVS Name(s): c.3498G>A, c.3594G>A, c.3636G>A, p.Pro1166=, p.Pro1198=, p.Pro1212=."
rs140240544,Variant,0.25321832,dbSNP,Neuroblastoma,.,Phenotype ontologies,:,"Autosomal dominant inheritance, Abdominal pain, Fever, Ataxia, Bone pain, neuroblastoma, Elevated urinary vanillylmandelic acid, Anemia, Sporadic, Weight loss, Neoplasm of the nervous system, Failure to thrive, Typified by incomplete penetrance, Elevated urinary dopamine level, Skin nodule, obsolete Heterogeneous, Horner syndrome, Spinal cord compression, Hypertension, Elevated urinary homovanillic acid, Neuroblastoma, Myoclonus, Abnormal thorax morphology, Diarrhea",.,"HGVS Name(s): c.-80+1G>A, c.-80+1G>T.",,,,,,
rs140284088,Variant,0.000562459,dbSNP,Hereditary cancer-predisposing syndrome,n,cer-predisposing synd,r,"ome;NEUROBLASTOMA, SUSCEPTIBILITY TO, 3 (NBLST3). Phenotype ontologies: neuroblastoma, susceptibility to, 3. HGVS Name(s): c.1827G>A, p.Leu609=.",,,,,,,,
rs1402917562,Variant,0.000642801,dbSNP,Neuroblastoma,",","SUSCEPTIBILITY TO, 3",,"(NBLST3). Phenotype ontologies: neuroblastoma, susceptibility to, 3. HGVS Name(s): c.2204+14del.",,,,,,,,
rs140451928,Variant,0.000562459,dbSNP,Not specified,o,type not specified;NE,U,"ROBLASTOMA, SUSCEPTIBILITY TO, 3 (NBLST3). Phenotype ontologies: neuroblastoma, susceptibility to, 3. HGVS Name(s): c.1155-20_1155-19del.",,,,,,,,
rs140497106,Variant,0.000562459,dbSNP,Neuroblastoma,",","SUSCEPTIBILITY TO, 3",,"(NBLST3). Phenotype ontologies: neuroblastoma, susceptibility to, 3. HGVS Name(s): c.794A>G, p.Glu265Gly.",,,,,,,,
rs140769726,Variant,0.25321832,dbSNP,Charcot-Marie,-,Tooth disease type 2;,C,"linVar: phenotype not specified;Neuroblastoma. Phenotype ontologies: Abnormal thorax morphology, Diarrhea, Myoclonus, Charcot-Marie-Tooth disease type 2, Elevated urinary homovanillic acid, Neuroblastoma, Spinal cord compression, Hypertension, obsolete Heterogeneous, Horner syndrome, Skin nodule, Elevated urinary dopamine level, Typified by incomplete penetrance, Failure to thrive, Neoplasm of the nervous system, Anemia, Sporadic, Weight loss, Elevated urinary vanill",y,"lmandelic acid, Bone pain, Ataxia, neuroblastoma, Fever, Abdominal pain, Autosomal dominant inheritance. HGVS Name(s): c.4025G>A, c.4025G>T, c.4067",G>,"A, c.4",67,G>,"T,","c.4130G>A, c.4130G>T, p.Arg1342His, p.Arg1342Leu, p.Arg1356His, p.Arg1356Leu, p.Arg1377His, p.Arg1377Leu."
rs140928266,Variant,0.000562459,dbSNP,Not specified,o,type not specified;NE,U,"ROBLASTOMA, SUSCEPTIBILITY TO, 3 (NBLST3). Phenotype ontologies: neuroblastoma, susceptibility to, 3. HGVS Name(s): c.1148A>T, p.Lys383Met.",,,,,,,,
rs141531355,Variant,0.000562459,dbSNP,Neuroblastoma,",","SUSCEPTIBILITY TO, 3",,"(NBLST3). Phenotype ontologies: neuroblastoma, susceptibility to, 3. HGVS Name(s): c.3645+16T>A, c.3645+16T>C, c.3645+16T>G.",,,,,,,,
rs141637645,Variant,0.25321832,dbSNP,Charcot-Marie,-,Tooth disease type 2;,C,"linVar: phenotype not specified;Neuroblastoma. Phenotype ontologies: Charcot-Marie-Tooth disease type 2, Myoclonus, Abnormal thorax morphology, Diarrhea, Skin nodule, Elevated urinary dopamine level, Spinal cord compression, Hypertension, Horner syndrome, obsolete Heterogeneous, Elevated urinary homovanillic acid, Neuroblastoma, Neoplasm of the nervous system, Sporadic, Anemia, Weight loss, Failure to thrive, Typified by incomplete penetrance, Autosomal dominant inhe",r,"itance, Fever, Abdominal pain, Elevated urinary vanillylmandelic acid, neuroblastoma, Bone pain, Ataxia. HGVS Name(s): c.981C>T, c.999C>T, p.Pro327","=,",p.Pro,333,=.,,
rs141688466,Variant,0.25321832,dbSNP,Neuroblastoma,.,Phenotype ontologies,:,"Elevated urinary vanillylmandelic acid, neuroblastoma, Bone pain, Ataxia, Autosomal dominant inheritance, Fever, Abdominal pain, Failure to thrive, Typified by incomplete penetrance, Neoplasm of the nervous system, Weight loss, Sporadic, Anemia, Elevated urinary homovanillic acid, Neuroblastoma, Skin nodule, Elevated urinary dopamine level, Hypertension, Spinal cord compression, obsolete Heterogeneous, Horner syndrome, Abnormal thorax morphology, Diarrhea, Myoclonus",.,"HGVS Name(s): c.*2510G>A, c.*4325G>A.",,,,,,
rs142126984,Variant,0.000562459,dbSNP,Not specified,o,type not specified;He,r,"editary cancer-predisposing syndrome;NEUROBLASTOMA, SUSCEPTIBILITY TO, 3 (NBLST3). Phenotype ontologies: neuroblastoma, susceptibility to, 3. HGVS Name(s): c.2478C>T, p.Tyr826=.",,,,,,,,
rs142641078,Variant,0.000562459,dbSNP,Neuroblastoma,",","SUSCEPTIBILITY TO, 3",,"(NBLST3). Phenotype ontologies: neuroblastoma, susceptibility to, 3. HGVS Name(s): c.2506G>A, c.2506G>C, p.Val836Leu, p.Val836Met.",,,,,,,,
rs1427065,Variant,0.32279584,dbSNP,Neuroblastoma,.,Phenotype ontologies,:,"Bone pain, neuroblastoma, Ataxia, Elevated urinary vanillylmandelic acid, Autosomal dominant inheritance, Abdominal pain, Fever, Failure to thrive, Typified by incomplete penetrance, Weight loss, Sporadic, Anemia, Neoplasm of the nervous system, Elevated urinary homovanillic acid, Neuroblastoma, Elevated urinary dopamine level, Skin nodule, obsolete Heterogeneous, Horner syndrome, Hypertension, Spinal cord compression, Abnormal thorax morphology, Diarrhea, Myoclonus",.,"HGVS Name(s): c.418+16856A>C, c.418+16856A>G, c.418+16856A>T, c.639+2477A>C, c.639+2477A>G, c.639+2477A>T, c.825+2477A>C, c.825+2477A>G, c.825+247",7A,">T, c.",858,2,47,"7A>C, c.858+2477A>G, c.858+2477A>T, c.897+2477A>C, c.897+2477A>G, c.897+2477A>T."
rs142881321,Variant,0.25321832,dbSNP,Charcot-Marie,-,Tooth disease;Charcot,-,"Marie-Tooth disease type 2;ClinVar: phenotype not specified;Neuroblastoma. Phenotype ontologies: Abnormality of the voice, Failure to thrive, Gait disturbance, Weight loss, Scoliosis, Neoplasm of the nervous system, Bone pain, Autosomal dominant inheritance, Abdominal pain, Fever, Abnormal thorax morphology, Diarrhea, Charcot-Marie-Tooth disease type 2, Laryngomalacia, Kyphosis, Hemiplegia/hemiparesis, Elevated urinary dopamine level, obsolete Heterogeneous, Hyperten",s,"ion, Spinal cord compression, Typified by incomplete penetrance, Sporadic, Anemia, Impaired pain sensation, neuroblastoma, Ataxia, Elevated urinary",v,anilly,lma,nd,el,"ic acid, Decreased nerve conduction velocity, Incoordination, Myoclonus, EMG abnormality, Charcot-Marie-Tooth disease, Elevated urinary homovanillic acid, Neuroblastoma, Skeletal muscle atrophy, Skin nodule, Horner syndrome, Reduced tendon reflexes. HGVS Name(s): c.1817C>A, c.1817C>T, c.1913C>A, c.1913C>T, c.1955C>A, c.1955C>T, p.Thr606Asn, p.Thr606Ile, p.Thr638Asn, p.Thr638Ile, p.Thr652Asn, p.Thr652Ile."
rs143112560,Variant,0.25321832,dbSNP,Charcot-Marie,-,Tooth disease type 2;,C,"linVar: phenotype not specified;Neuroblastoma. Phenotype ontologies: Neuroblastoma, Elevated urinary homovanillic acid, Elevated urinary dopamine level, Skin nodule, obsolete Heterogeneous, Horner syndrome, Spinal cord compression, Hypertension, Diarrhea, Abnormal thorax morphology, Charcot-Marie-Tooth disease type 2, Myoclonus, Ataxia, Bone pain, neuroblastoma, Elevated urinary vanillylmandelic acid, Autosomal dominant inheritance, Fever, Abdominal pain, Failure to",t,"hrive, Typified by incomplete penetrance, Sporadic, Weight loss, Anemia, Neoplasm of the nervous system. HGVS Name(s): c.4296A>C, c.4296A>G, c.4338",A>,"C, c.4",338,A>,"G,","c.4401A>C, c.4401A>G, p.Leu1432=, p.Leu1432Phe, p.Leu1446=, p.Leu1446Phe, p.Leu1467=, p.Leu1467Phe."
rs143141901,Variant,0.000562459,dbSNP,Hereditary cancer-predisposing syndrome,n,cer-predisposing synd,r,"ome;NEUROBLASTOMA, SUSCEPTIBILITY TO, 3 (NBLST3). Phenotype ontologies: neuroblastoma, susceptibility to, 3. HGVS Name(s): c.1839A>G, c.1839A>T, p.Ala613=.",,,,,,,,
rs143229596,Variant,0.000562459,dbSNP,Not specified,o,type not specified;NE,U,"ROBLASTOMA, SUSCEPTIBILITY TO, 3 (NBLST3). Phenotype ontologies: neuroblastoma, susceptibility to, 3. HGVS Name(s): c.808T>C, p.Phe270Leu.",,,,,,,,
rs1433654836,Variant,0.27798963,dbSNP,Haddad syndro,m,e;Hereditary cancer-p,r,"edisposing syndrome;NEUROBLASTOMA, SUSCEPTIBILITY TO, 2 (NBLST2). Phenotype ontologies: central hypoventilation syndrome, congenital, 1, with or without Hirschsprung disease, Haddad syndrome, neuroblastoma, susceptibility to, 2, neuroblastoma, Autosomal dominant inheritance, Aganglionic megacolon. HGVS Name(s): c.694C>A, c.694C>G, p.Pro232Ala, p.Pro232Thr.",,,,,,,,
rs143654307,Variant,0.25321832,dbSNP,Charcot-Marie,-,Tooth disease;Charcot,-,"Marie-Tooth disease type 2;ClinVar: phenotype not specified;Meniere disease;Neuroblastoma. Phenotype ontologies: Ataxia, neuroblastoma, Elevated urinary vanillylmandelic acid, Typified by incomplete penetrance, Sporadic, Anemia, Impaired pain sensation, EMG abnormality, Charcot-Marie-Tooth disease, Neuroblastoma, Elevated urinary homovanillic acid, Skeletal muscle atrophy, Skin nodule, Horner syndrome, Reduced tendon reflexes, Decreased nerve conduction velocity, Inc",o,"ordination, Myoclonus, Bone pain, Autosomal dominant inheritance, Abdominal pain, Fever, Abnormality of the voice, Failure to thrive, Gait disturba",nc,"e, Wei",ght,l,os,"s, Scoliosis, Neoplasm of the nervous system, Hemiplegia/hemiparesis, Elevated urinary dopamine level, Meniere disease, obsolete Heterogeneous, Spinal cord compression, Hypertension, Diarrhea, Abnormal thorax morphology, Charcot-Marie-Tooth disease type 2, Laryngomalacia, Kyphosis. HGVS Name(s): c.146C>A, p.Ser49Tyr."
rs143669846,Variant,0.25321832,dbSNP,Charcot-Marie,-,Tooth disease;Charcot,-,"Marie-Tooth disease type 2;ClinVar: phenotype not specified;Neuroblastoma. Phenotype ontologies: Autosomal dominant inheritance, Fever, Abdominal pain, Bone pain, Scoliosis, Weight loss, Neoplasm of the nervous system, Abnormality of the voice, Failure to thrive, Gait disturbance, Elevated urinary dopamine level, obsolete Heterogeneous, Hypertension, Spinal cord compression, Hemiplegia/hemiparesis, Charcot-Marie-Tooth disease type 2, Laryngomalacia, Kyphosis, Abnorma",l,"thorax morphology, Diarrhea, neuroblastoma, Ataxia, Elevated urinary vanillylmandelic acid, Sporadic, Anemia, Impaired pain sensation, Typified by",i,ncompl,ete,p,en,"etrance, Skeletal muscle atrophy, Skin nodule, Horner syndrome, Reduced tendon reflexes, EMG abnormality, Charcot-Marie-Tooth disease, Neuroblastoma, Elevated urinary homovanillic acid, Myoclonus, Decreased nerve conduction velocity, Incoordination. HGVS Name(s): c.4978G>A, c.5020G>A, c.5083G>A, p.Glu1660Lys, p.Glu1674Lys, p.Glu1695Lys."
rs144030155,Variant,0.000562459,dbSNP,Not specified,o,type not specified;He,r,"editary cancer-predisposing syndrome;NEUROBLASTOMA, SUSCEPTIBILITY TO, 3 (NBLST3). Phenotype ontologies: neuroblastoma, susceptibility to, 3. HGVS Name(s): c.1100C>G, p.Pro367Arg.",,,,,,,,
rs144047666,Variant,0.25321832,dbSNP,Neuroblastoma,.,Phenotype ontologies,:,"Autosomal dominant inheritance, Fever, Abdominal pain, Ataxia, Bone pain, neuroblastoma, Elevated urinary vanillylmandelic acid, Weight loss, Sporadic, Anemia, Neoplasm of the nervous system, Failure to thrive, Typified by incomplete penetrance, Elevated urinary dopamine level, Skin nodule, obsolete Heterogeneous, Horner syndrome, Hypertension, Spinal cord compression, Elevated urinary homovanillic acid, Neuroblastoma, Myoclonus, Diarrhea, Abnormal thorax morphology",.,"HGVS Name(s): c.*2740C>A, c.*2740C>T, c.*925C>A, c.*925C>T.",,,,,,
rs144889528,Variant,0.25321832,dbSNP,Charcot-Marie,-,Tooth disease type 2;,C,"linVar: phenotype not specified;Neuroblastoma;Pheochromocytoma. Phenotype ontologies: Myoclonus, Tachycardia, Abnormality of blood and blood-forming tissues, Pheochromocytoma, Elevated urinary homovanillic acid, Neuroblastoma, Episodic hypertension, Hemangioma, Anemia, Sporadic, Hypercalcemia, Typified by incomplete penetrance, Abnormality of the cardiovascular system, Cafe-au-lait spot, Abnormality of the genitourinary system, Elevated urinary vanillylmandelic acid,",,"Ataxia, Proteinuria, Diarrhea, Abnormal thorax morphology, Spinal cord compression, pheochromocytoma, Abnormality of the endocrine system, Elevated",u,rinary,do,pa,mi,"ne level, Weight loss, Failure to thrive, adrenal gland pheochromocytoma, Abnormality of metabolism/homeostasis, Hyperhidrosis, Cerebral hemorrhage, Neoplasm, Horner syndrome, Skin nodule, neuroblastoma, Abnormality of the nervous system, Charcot-Marie-Tooth disease type 2, Hypertension, obsolete Heterogeneous, Renal artery stenosis, Abnormality of the eye, Congestive heart failure, Neoplasm of the nervous system, Abdominal pain, Fever, Autosomal dominant inheritance, Bone pain. HGVS Name(s): c.315T>C, p.Tyr105=."
rs145060046,Variant,0.000562459,dbSNP,Hereditary cancer-predisposing syndrome,n,cer-predisposing synd,r,"ome;NEUROBLASTOMA, SUSCEPTIBILITY TO, 3 (NBLST3). Phenotype ontologies: neuroblastoma, susceptibility to, 3. HGVS Name(s): c.1854A>C, p.Gly618=.",,,,,,,,
rs145348144,Variant,0.25321832,dbSNP,Charcot-Marie,-,Tooth disease type 2;,N,"euroblastoma;Pheochromocytoma. Phenotype ontologies: Skin nodule, Horner syndrome, Neoplasm, Hyperhidrosis, Abnormality of metabolism/homeostasis, Cerebral hemorrhage, neuroblastoma, Abnormality of the nervous system, Abnormality of the eye, Renal artery stenosis, obsolete Heterogeneous, Hypertension, Charcot-Marie-Tooth disease type 2, Autosomal dominant inheritance, Fever, Abdominal pain, Bone pain, Neoplasm of the nervous system, Congestive heart failure, Pheochro",m,"ocytoma, Hemangioma, Episodic hypertension, Neuroblastoma, Elevated urinary homovanillic acid, Myoclonus, Tachycardia, Abnormality of blood and blo",od,#NAME?,ng,ti,ss,"ues, Abnormality of the cardiovascular system, Cafe-au-lait spot, Proteinuria, Ataxia, Abnormality of the genitourinary system, Elevated urinary vanillylmandelic acid, Sporadic, Anemia, Typified by incomplete penetrance, Hypercalcemia, Elevated urinary dopamine level, Abnormality of the endocrine system, pheochromocytoma, Spinal cord compression, Abnormal thorax morphology, Diarrhea, adrenal gland pheochromocytoma, Weight loss, Failure to thrive. HGVS Name(s): c.*1164_*1163insG, c.*2979_*2978insG."
rs1454909,Variant,0.27798963,dbSNP,Neuroblastoma,.,Phenotype ontologies,:,"Hypertension, Spinal cord compression, Horner syndrome, obsolete Heterogeneous, Skin nodule, Elevated urinary dopamine level, Elevated urinary homovanillic acid, Neuroblastoma, Myoclonus, Diarrhea, Abnormal thorax morphology, Fever, Abdominal pain, Autosomal dominant inheritance, Elevated urinary vanillylmandelic acid, Bone pain, neuroblastoma, Ataxia, Neoplasm of the nervous system, Weight loss, Sporadic, Anemia, Typified by incomplete penetrance, Failure to thrive",.,HGVS Name(s): n.149-18609C>T.,,,,,,
rs1455576,Variant,0.32279584,dbSNP,Neuroblastoma,.,Phenotype ontologies,:,"Elevated urinary vanillylmandelic acid, neuroblastoma, Bone pain, Ataxia, Autosomal dominant inheritance, Fever, Abdominal pain, Failure to thrive, Typified by incomplete penetrance, Neoplasm of the nervous system, Anemia, Sporadic, Weight loss, Elevated urinary homovanillic acid, Neuroblastoma, Skin nodule, Elevated urinary dopamine level, Hypertension, Spinal cord compression, obsolete Heterogeneous, Horner syndrome, Diarrhea, Abnormal thorax morphology, Myoclonus",.,"HGVS Name(s): c.472-8572A>C, c.472-8572A>G, c.472-8572A>T.",,,,,,
rs145681577,Variant,0.000562459,dbSNP,Neuroblastoma,",","SUSCEPTIBILITY TO, 3",,"(NBLST3). Phenotype ontologies: neuroblastoma, susceptibility to, 3. HGVS Name(s): c.925G>A, c.925G>C, p.Ala309Pro, p.Ala309Thr.",,,,,,,,
rs145846362,Variant,0.25321832,dbSNP,Charcot-Marie,-,Tooth disease;Charcot,-,"Marie-Tooth disease type 2;ClinVar: phenotype not specified;KIF1B-related disorder;Neuroblastoma. Phenotype ontologies: Myoclonus, Incoordination, Decreased nerve conduction velocity, Reduced tendon reflexes, Horner syndrome, Skin nodule, Skeletal muscle atrophy, Neuroblastoma, Elevated urinary homovanillic acid, Charcot-Marie-Tooth disease, EMG abnormality, Impaired pain sensation, Sporadic, Anemia, Typified by incomplete penetrance, Elevated urinary vanillylmandeli",c,"acid, neuroblastoma, Ataxia, Kyphosis, Laryngomalacia, Charcot-Marie-Tooth disease type 2, Abnormal thorax morphology, Diarrhea, Hypertension, Spi",na,l cord,co,mp,re,"ssion, obsolete Heterogeneous, Elevated urinary dopamine level, Hemiplegia/hemiparesis, Neoplasm of the nervous system, Scoliosis, Weight loss, Gait disturbance, Failure to thrive, Abnormality of the voice, Fever, Abdominal pain, Autosomal dominant inheritance, Bone pain. HGVS Name(s): c.2466C>T, c.2562C>T, c.2604C>T, p.Asp822=, p.Asp854=, p.Asp868=."
rs1459081022,Variant,0.27798963,dbSNP,Haddad syndro,m,e;Hereditary cancer-p,r,"edisposing syndrome;NEUROBLASTOMA, SUSCEPTIBILITY TO, 2 (NBLST2). Phenotype ontologies: central hypoventilation syndrome, congenital, 1, with or without Hirschsprung disease, neuroblastoma, susceptibility to, 2, Haddad syndrome, neuroblastoma, Aganglionic megacolon, Autosomal dominant inheritance. HGVS Name(s): c.279C>G, p.Asn93Lys.",,,,,,,,
rs145969842,Variant,0.25321832,dbSNP,Charcot-Marie,-,Tooth disease type 2;,C,"harcot-Marie-Tooth disease type 2A1;ClinVar: phenotype not specified;KIF1B-related disorder;Neuroblastoma. Phenotype ontologies: Abdominal pain, Fever, Autosomal dominant inheritance, Bone pain, neuroblastoma, Ataxia, Elevated urinary vanillylmandelic acid, Weight loss, Sporadic, Anemia, Neoplasm of the nervous system, Typified by incomplete penetrance, Failure to thrive, Charcot-Marie-Tooth disease type 2A1, Horner syndrome, obsolete Heterogeneous, Spinal cord compr",e,"ssion, Hypertension, Elevated urinary dopamine level, Skin nodule, Elevated urinary homovanillic acid, Neuroblastoma, Myoclonus, Charcot-Marie-Toot",h,diseas,e t,yp,e,"2, Diarrhea, Abnormal thorax morphology. HGVS Name(s): c.4778G>A, c.4820G>A, c.4883G>A, p.Cys1593Tyr, p.Cys1607Tyr, p.Cys1628Tyr."
rs146261919,Variant,0.000562459,dbSNP,Hereditary cancer-predisposing syndrome,n,cer-predisposing synd,r,"ome;NEUROBLASTOMA, SUSCEPTIBILITY TO, 3 (NBLST3). Phenotype ontologies: neuroblastoma, susceptibility to, 3. HGVS Name(s): c.1083C>T, p.Tyr361=.",,,,,,,,
rs1463142,Variant,0.32279584,dbSNP,Neuroblastoma,.,Phenotype ontologies,:,"Neuroblastoma, Elevated urinary homovanillic acid, Elevated urinary dopamine level, Skin nodule, Horner syndrome, obsolete Heterogeneous, Hypertension, Spinal cord compression, Diarrhea, Abnormal thorax morphology, Myoclonus, Bone pain, neuroblastoma, Ataxia, Elevated urinary vanillylmandelic acid, Autosomal dominant inheritance, Fever, Abdominal pain, Failure to thrive, Typified by incomplete penetrance, Weight loss, Sporadic, Anemia, Neoplasm of the nervous system",.,"HGVS Name(s): c.411+14357G>A, c.411+14357G>C.",,,,,,
rs146436697,Variant,0.25321832,dbSNP,Charcot-Marie,-,Tooth disease type 2;,C,"linVar: phenotype not specified;KIF1B-related disorder;Neuroblastoma. Phenotype ontologies: obsolete Heterogeneous, Horner syndrome, Spinal cord compression, Hypertension, Elevated urinary dopamine level, Skin nodule, Neuroblastoma, Elevated urinary homovanillic acid, Myoclonus, Charcot-Marie-Tooth disease type 2, Abnormal thorax morphology, Diarrhea, Abdominal pain, Fever, Autosomal dominant inheritance, Bone pain, Ataxia, neuroblastoma, Elevated urinary vanillylman",d,"elic acid, Anemia, Sporadic, Weight loss, Neoplasm of the nervous system, Typified by incomplete penetrance, Failure to thrive. HGVS Name(s): c.519",6C,">T, c.",523,8C,>T,", c.5301C>T, p.Asn1732=, p.Asn1746=, p.Asn1767=."
rs146663377,Variant,0.25321832,dbSNP,Not specified,o,type not specified;Ne,u,"roblastoma. Phenotype ontologies: Myoclonus, Abnormal thorax morphology, Diarrhea, Skin nodule, Elevated urinary dopamine level, Spinal cord compression, Hypertension, obsolete Heterogeneous, Horner syndrome, Elevated urinary homovanillic acid, Neuroblastoma, Neoplasm of the nervous system, Weight loss, Sporadic, Anemia, Failure to thrive, Typified by incomplete penetrance, Autosomal dominant inheritance, Fever, Abdominal pain, Elevated urinary vanillylmandelic acid,",,"Bone pain, neuroblastoma, Ataxia. HGVS Name(s): c.-208G>C.",,,,,,
rs146717943,Variant,0.25321832,dbSNP,Neuroblastoma,.,Phenotype ontologies,:,"Bone pain, neuroblastoma, Ataxia, Elevated urinary vanillylmandelic acid, Fever, Abdominal pain, Autosomal dominant inheritance, Typified by incomplete penetrance, Failure to thrive, Anemia, Sporadic, Weight loss, Neoplasm of the nervous system, Elevated urinary homovanillic acid, Neuroblastoma, Horner syndrome, obsolete Heterogeneous, Hypertension, Spinal cord compression, Elevated urinary dopamine level, Skin nodule, Abnormal thorax morphology, Diarrhea, Myoclonus",.,"HGVS Name(s): c.*712G>A, c.5367-1040G>A.",,,,,,
rs1469271544,Variant,0.31848878,dbSNP,Neuroblastoma,.,Phenotype ontologies,:,"Myoclonus, Abnormal thorax morphology, Diarrhea, Skin nodule, Elevated urinary dopamine level, Spinal cord compression, Hypertension, Horner syndrome, obsolete Heterogeneous, Neuroblastoma, Elevated urinary homovanillic acid, Neoplasm of the nervous system, Sporadic, Anemia, Weight loss, Failure to thrive, Typified by incomplete penetrance, Autosomal dominant inheritance, Fever, Abdominal pain, Elevated urinary vanillylmandelic acid, Bone pain, neuroblastoma, Ataxia",.,"HGVS Name(s): c.535C>T, p.Gln179Ter.",,,,,,
rs147066476,Variant,0.25321832,dbSNP,Charcot-Marie,-,Tooth disease;Charcot,-,"Marie-Tooth disease type 2;ClinVar: phenotype not specified;Neuroblastoma. Phenotype ontologies: Weight loss, Scoliosis, Neoplasm of the nervous system, Gait disturbance, Abnormality of the voice, Failure to thrive, Abdominal pain, Fever, Autosomal dominant inheritance, Bone pain, Laryngomalacia, Kyphosis, Charcot-Marie-Tooth disease type 2, Diarrhea, Abnormal thorax morphology, obsolete Heterogeneous, Spinal cord compression, Hypertension, Elevated urinary dopamine",l,"evel, Hemiplegia/hemiparesis, Impaired pain sensation, Sporadic, Anemia, Typified by incomplete penetrance, neuroblastoma, Ataxia, Elevated urinary",v,anilly,lma,nd,el,"ic acid, Myoclonus, Decreased nerve conduction velocity, Incoordination, Horner syndrome, Reduced tendon reflexes, Skeletal muscle atrophy, Skin nodule, Charcot-Marie-Tooth disease, Neuroblastoma, Elevated urinary homovanillic acid, EMG abnormality. HGVS Name(s): c.4554C>T, c.4596C>T, c.4659C>T, p.Pro1518=, p.Pro1532=, p.Pro1553=."
rs147318592,Variant,0.25321832,dbSNP,Charcot-Marie,-,Tooth disease;Charcot,-,"Marie-Tooth disease type 2;ClinVar: phenotype not specified;Neuroblastoma. Phenotype ontologies: Hemiplegia/hemiparesis, obsolete Heterogeneous, Spinal cord compression, Hypertension, Elevated urinary dopamine level, Diarrhea, Abnormal thorax morphology, Laryngomalacia, Kyphosis, Charcot-Marie-Tooth disease type 2, Bone pain, Fever, Abdominal pain, Autosomal dominant inheritance, Gait disturbance, Failure to thrive, Abnormality of the voice, Scoliosis, Weight loss, N",e,"oplasm of the nervous system, Charcot-Marie-Tooth disease, Elevated urinary homovanillic acid, Neuroblastoma, EMG abnormality, Horner syndrome, Red",uc,ed ten,don,r,ef,"lexes, Skeletal muscle atrophy, Skin nodule, Decreased nerve conduction velocity, Incoordination, Myoclonus, neuroblastoma, Ataxia, Elevated urinary vanillylmandelic acid, Typified by incomplete penetrance, Impaired pain sensation, Anemia, Sporadic. HGVS Name(s): c.3507G>A, c.3507G>C, c.3603G>A, c.3603G>C, c.3645G>A, c.3645G>C, p.Pro1169=, p.Pro1201=, p.Pro1215=."
rs1477680896,Variant,0.27798963,dbSNP,Haddad syndro,m,e;Hereditary cancer-p,r,"edisposing syndrome;NEUROBLASTOMA, SUSCEPTIBILITY TO, 2 (NBLST2). Phenotype ontologies: neuroblastoma, Autosomal dominant inheritance, Aganglionic megacolon, central hypoventilation syndrome, congenital, 1, with or without Hirschsprung disease, Haddad syndrome, neuroblastoma, susceptibility to, 2. HGVS Name(s): c.275T>C, p.Leu92Pro.",,,,,,,,
rs147842434,Variant,0.000562459,dbSNP,Not specified,o,type not specified;He,r,"editary cancer-predisposing syndrome;NEUROBLASTOMA, SUSCEPTIBILITY TO, 3 (NBLST3). Phenotype ontologies: neuroblastoma, susceptibility to, 3. HGVS Name(s): c.2457A>G, p.Gly819=.",,,,,,,,
rs148001139,Variant,0.000562459,dbSNP,Not specified,o,type not specified;NE,U,"ROBLASTOMA, SUSCEPTIBILITY TO, 3 (NBLST3). Phenotype ontologies: neuroblastoma, susceptibility to, 3. HGVS Name(s): c.2623G>A, p.Gly875Arg.",,,,,,,,
rs148124123,Variant,0.000562459,dbSNP,Hereditary cancer-predisposing syndrome,n,cer-predisposing synd,r,"ome;NEUROBLASTOMA, SUSCEPTIBILITY TO, 3 (NBLST3). Phenotype ontologies: neuroblastoma, susceptibility to, 3. HGVS Name(s): c.3789A>G, p.Gly1263=.",,,,,,,,
rs148547594,Variant,0.000562459,dbSNP,Hereditary cancer-predisposing syndrome,n,cer-predisposing synd,r,"ome;NEUROBLASTOMA, SUSCEPTIBILITY TO, 3 (NBLST3). Phenotype ontologies: neuroblastoma, susceptibility to, 3. HGVS Name(s): c.3369C>T, p.Gly1123=.",,,,,,,,
rs148690591,Variant,0.25321832,dbSNP,Charcot-Marie,-,Tooth disease;ClinVar,:,"phenotype not specified;KIF1B-related disorder;Neuroblastoma. Phenotype ontologies: Elevated urinary dopamine level, Spinal cord compression, Hypertension, obsolete Heterogeneous, Hemiplegia/hemiparesis, Kyphosis, Laryngomalacia, Abnormal thorax morphology, Diarrhea, Autosomal dominant inheritance, Fever, Abdominal pain, Bone pain, Neoplasm of the nervous system, Weight loss, Scoliosis, Failure to thrive, Abnormality of the voice, Gait disturbance, Skin nodule, Skel",e,"tal muscle atrophy, Reduced tendon reflexes, Horner syndrome, EMG abnormality, Neuroblastoma, Elevated urinary homovanillic acid, Charcot-Marie-Too",th,disea,"se,",M,yo,"clonus, Incoordination, Decreased nerve conduction velocity, Elevated urinary vanillylmandelic acid, Ataxia, neuroblastoma, Sporadic, Anemia, Impaired pain sensation, Typified by incomplete penetrance. HGVS Name(s): c.*2T>C, c.5366+1216T>C."
rs148828689,Variant,0.27798963,dbSNP,Neuroblastoma,,pediatric. Phenotype,o,"ntologies: neuroblastoma. HGVS Name(s): c.731C>T, p.Ala244Val.",,,,,,,,
rs1489550,Variant,0.27798963,dbSNP,Neuroblastoma,.,Phenotype ontologies,:,"Autosomal dominant inheritance, Abdominal pain, Fever, Elevated urinary vanillylmandelic acid, neuroblastoma, Bone pain, Ataxia, Neoplasm of the nervous system, Anemia, Sporadic, Weight loss, Failure to thrive, Typified by incomplete penetrance, Skin nodule, Elevated urinary dopamine level, Spinal cord compression, Hypertension, Horner syndrome, obsolete Heterogeneous, Neuroblastoma, Elevated urinary homovanillic acid, Myoclonus, Diarrhea, Abnormal thorax morphology",.,HGVS Name(s): n.263-49808A>G.,,,,,,
rs1489802,Variant,0.25321832,dbSNP,Not specified,o,type not specified;Ne,u,"roblastoma. Phenotype ontologies: Abnormal thorax morphology, Diarrhea, Myoclonus, Neuroblastoma, Elevated urinary homovanillic acid, obsolete Heterogeneous, Horner syndrome, Hypertension, Spinal cord compression, Elevated urinary dopamine level, Skin nodule, Typified by incomplete penetrance, Failure to thrive, Weight loss, Sporadic, Anemia, Neoplasm of the nervous system, Ataxia, Bone pain, neuroblastoma, Elevated urinary vanillylmandelic acid, Abdominal pain, Feve",r,", Autosomal dominant inheritance. HGVS Name(s): c.3486A>C, c.3486A>G, c.3486A>T, p.Ala1162=.",,,,,,
rs149198543,Variant,0.000562459,dbSNP,Hereditary cancer-predisposing syndrome,n,cer-predisposing synd,r,"ome;NEUROBLASTOMA, SUSCEPTIBILITY TO, 3 (NBLST3). Phenotype ontologies: neuroblastoma, susceptibility to, 3. HGVS Name(s): c.1379A>G, n.380+5857T>C, p.Asp460Gly.",,,,,,,,
rs149254561,Variant,0.000562459,dbSNP,Hereditary cancer-predisposing syndrome,n,cer-predisposing synd,r,"ome;NEUROBLASTOMA, SUSCEPTIBILITY TO, 3 (NBLST3). Phenotype ontologies: neuroblastoma, susceptibility to, 3. HGVS Name(s): c.3657C>G, c.3657C>T, p.Ser1219=.",,,,,,,,
rs149417293,Variant,0.25321832,dbSNP,Charcot-Marie,-,Tooth disease type 2;,C,"linVar: phenotype not specified;Neuroblastoma. Phenotype ontologies: Myoclonus, Charcot-Marie-Tooth disease type 2, Abnormal thorax morphology, Diarrhea, Hypertension, Spinal cord compression, Horner syndrome, obsolete Heterogeneous, Skin nodule, Elevated urinary dopamine level, Elevated urinary homovanillic acid, Neuroblastoma, Neoplasm of the nervous system, Sporadic, Weight loss, Anemia, Typified by incomplete penetrance, Failure to thrive, Abdominal pain, Fever,",A,"utosomal dominant inheritance, Elevated urinary vanillylmandelic acid, Ataxia, Bone pain, neuroblastoma. HGVS Name(s): c.4223G>A, c.4223G>T, c.4265",G>,"A, c.4",265,G>,"T,","c.4328G>A, c.4328G>T, p.Arg1408His, p.Arg1408Leu, p.Arg1422His, p.Arg1422Leu, p.Arg1443His, p.Arg1443Leu."
rs149566646,Variant,0.25321832,dbSNP,Charcot-Marie,-,Tooth disease;Charcot,-,"Marie-Tooth disease type 2;ClinVar: phenotype not specified;Neuroblastoma. Phenotype ontologies: Abnormal thorax morphology, Diarrhea, Laryngomalacia, Kyphosis, Charcot-Marie-Tooth disease type 2, Hemiplegia/hemiparesis, obsolete Heterogeneous, Hypertension, Spinal cord compression, Elevated urinary dopamine level, Gait disturbance, Failure to thrive, Abnormality of the voice, Weight loss, Scoliosis, Neoplasm of the nervous system, Bone pain, Fever, Abdominal pain, A",u,"tosomal dominant inheritance, Decreased nerve conduction velocity, Incoordination, Myoclonus, Charcot-Marie-Tooth disease, Neuroblastoma, Elevated",ur,inary,hom,ov,an,"illic acid, EMG abnormality, Horner syndrome, Reduced tendon reflexes, Skeletal muscle atrophy, Skin nodule, Typified by incomplete penetrance, Impaired pain sensation, Sporadic, Anemia, neuroblastoma, Ataxia, Elevated urinary vanillylmandelic acid. HGVS Name(s): c.3121+9A>G, c.3217+9A>G, c.3259+9A>G."
rs149705989,Variant,0.25321832,dbSNP,Charcot-Marie,-,Tooth disease type 2;,N,"euroblastoma;Pheochromocytoma. Phenotype ontologies: neuroblastoma, Abnormality of the nervous system, Hyperhidrosis, Abnormality of metabolism/homeostasis, Cerebral hemorrhage, Skin nodule, Neoplasm, Horner syndrome, Neoplasm of the nervous system, Congestive heart failure, Autosomal dominant inheritance, Abdominal pain, Fever, Bone pain, Charcot-Marie-Tooth disease type 2, Renal artery stenosis, Abnormality of the eye, Hypertension, obsolete Heterogeneous, Sporadic",",","Anemia, Hypercalcemia, Typified by incomplete penetrance, Cafe-au-lait spot, Abnormality of the cardiovascular system, Proteinuria, Abnormality of",t,he gen,ito,ur,in,"ary system, Elevated urinary vanillylmandelic acid, Ataxia, Myoclonus, Tachycardia, Abnormality of blood and blood-forming tissues, Pheochromocytoma, Hemangioma, Neuroblastoma, Elevated urinary homovanillic acid, Episodic hypertension, Weight loss, Failure to thrive, adrenal gland pheochromocytoma, Abnormal thorax morphology, Diarrhea, Abnormality of the endocrine system, Elevated urinary dopamine level, Spinal cord compression, pheochromocytoma. HGVS Name(s): c.-260C>T."
rs150411706,Variant,0.25321832,dbSNP,Charcot-Marie,-,Tooth disease type 2;,C,"linVar: phenotype not specified;KIF1B-related disorder;Neuroblastoma. Phenotype ontologies: Skin nodule, Elevated urinary dopamine level, Hypertension, Spinal cord compression, obsolete Heterogeneous, Horner syndrome, Elevated urinary homovanillic acid, Neuroblastoma, Charcot-Marie-Tooth disease type 2, Myoclonus, Abnormal thorax morphology, Diarrhea, Autosomal dominant inheritance, Fever, Abdominal pain, Elevated urinary vanillylmandelic acid, neuroblastoma, Bone pa",i,"n, Ataxia, Neoplasm of the nervous system, Sporadic, Anemia, Weight loss, Failure to thrive, Typified by incomplete penetrance. HGVS Name(s): c.101",4C,">T, c.",996,C>,"T,","p.Tyr332=, p.Tyr338=."
rs150497684,Variant,0.25321832,dbSNP,Not specified,o,type not specified;Ne,u,"roblastoma. Phenotype ontologies: Fever, Abdominal pain, Autosomal dominant inheritance, Ataxia, Bone pain, neuroblastoma, Elevated urinary vanillylmandelic acid, Anemia, Sporadic, Weight loss, Neoplasm of the nervous system, Typified by incomplete penetrance, Failure to thrive, obsolete Heterogeneous, Horner syndrome, Spinal cord compression, Hypertension, Elevated urinary dopamine level, Skin nodule, Neuroblastoma, Elevated urinary homovanillic acid, Myoclonus, Dia",r,"rhea, Abnormal thorax morphology. HGVS Name(s): c.*3143G>A, c.*4958G>A.",,,,,,
rs150737970,Variant,0.25321832,dbSNP,Charcot-Marie,-,Tooth disease type 2;,C,"linVar: phenotype not specified;Neuroblastoma. Phenotype ontologies: Typified by incomplete penetrance, Failure to thrive, Neoplasm of the nervous system, Weight loss, Sporadic, Anemia, Elevated urinary vanillylmandelic acid, Ataxia, Bone pain, neuroblastoma, Abdominal pain, Fever, Autosomal dominant inheritance, Abnormal thorax morphology, Diarrhea, Myoclonus, Charcot-Marie-Tooth disease type 2, Neuroblastoma, Elevated urinary homovanillic acid, Hypertension, Spinal",,"cord compression, obsolete Heterogeneous, Horner syndrome, Skin nodule, Elevated urinary dopamine level. HGVS Name(s): c.5364A>G, c.5406A>G, c.5469",A>,"G, p.I",le1,78,8M,"et, p.Ile1802Met, p.Ile1823Met."
rs150831576,Variant,0.25321832,dbSNP,Charcot-Marie,-,Tooth disease;Charcot,-,"Marie-Tooth disease type 2;ClinVar: phenotype not specified;Neuroblastoma. Phenotype ontologies: obsolete Heterogeneous, Hypertension, Spinal cord compression, Elevated urinary dopamine level, Hemiplegia/hemiparesis, Laryngomalacia, Kyphosis, Charcot-Marie-Tooth disease type 2, Abnormal thorax morphology, Diarrhea, Fever, Abdominal pain, Autosomal dominant inheritance, Bone pain, Scoliosis, Weight loss, Neoplasm of the nervous system, Gait disturbance, Failure to thr",i,"ve, Abnormality of the voice, Horner syndrome, Reduced tendon reflexes, Skeletal muscle atrophy, Skin nodule, Charcot-Marie-Tooth disease, Neurobla",st,"oma, E",lev,at,ed,"urinary homovanillic acid, EMG abnormality, Myoclonus, Decreased nerve conduction velocity, Incoordination, neuroblastoma, Ataxia, Elevated urinary vanillylmandelic acid, Impaired pain sensation, Sporadic, Anemia, Typified by incomplete penetrance. HGVS Name(s): c.2736C>T, c.2832C>T, c.2874C>T, p.Asp912=, p.Asp944=, p.Asp958=."
rs150904940,Variant,0.25321832,dbSNP,Charcot-Marie,-,Tooth disease;Charcot,-,"Marie-Tooth disease type 2;ClinVar: phenotype not specified;KIF1B-related disorder;Neuroblastoma. Phenotype ontologies: Neoplasm of the nervous system, Scoliosis, Weight loss, Abnormality of the voice, Failure to thrive, Gait disturbance, Autosomal dominant inheritance, Abdominal pain, Fever, Bone pain, Charcot-Marie-Tooth disease type 2, Kyphosis, Laryngomalacia, Diarrhea, Abnormal thorax morphology, Elevated urinary dopamine level, Spinal cord compression, Hyperten",s,"ion, obsolete Heterogeneous, Hemiplegia/hemiparesis, Sporadic, Anemia, Impaired pain sensation, Typified by incomplete penetrance, Elevated urinary",v,anilly,lma,nd,el,"ic acid, Ataxia, neuroblastoma, Myoclonus, Incoordination, Decreased nerve conduction velocity, Skin nodule, Skeletal muscle atrophy, Reduced tendon reflexes, Horner syndrome, EMG abnormality, Elevated urinary homovanillic acid, Neuroblastoma, Charcot-Marie-Tooth disease. HGVS Name(s): c.2847C>T, c.2943C>T, c.2985C>T, p.Ile949=, p.Ile981=, p.Ile995=."
rs151155266,Variant,0.32279584,dbSNP,Neuroblastoma,,or malignant cutaneou,s,"melanoma. Phenotype ontologies: cutaneous melanoma, neuroblastoma.",,,,,,,,
rs1519337,Variant,0.27798963,dbSNP,Neuroblastoma,.,Phenotype ontologies,:,"Autosomal dominant inheritance, Fever, Abdominal pain, Elevated urinary vanillylmandelic acid, Bone pain, neuroblastoma, Ataxia, Neoplasm of the nervous system, Anemia, Sporadic, Weight loss, Failure to thrive, Typified by incomplete penetrance, Skin nodule, Elevated urinary dopamine level, Spinal cord compression, Hypertension, obsolete Heterogeneous, Horner syndrome, Neuroblastoma, Elevated urinary homovanillic acid, Myoclonus, Abnormal thorax morphology, Diarrhea",.,"HGVS Name(s): n.661-13314G>A, n.661-13314G>C, n.661-13314G>T, n.813-44266C>A, n.813-44266C>G, n.813-44266C>T.",,,,,,
rs1523993,Variant,0.25321832,dbSNP,Neuroblastoma,.,Phenotype ontologies,:,"Elevated urinary vanillylmandelic acid, neuroblastoma, Bone pain, Ataxia, Fever, Abdominal pain, Autosomal dominant inheritance, Typified by incomplete penetrance, Failure to thrive, Neoplasm of the nervous system, Anemia, Sporadic, Weight loss, Neuroblastoma, Elevated urinary homovanillic acid, Hypertension, Spinal cord compression, Horner syndrome, obsolete Heterogeneous, Skin nodule, Elevated urinary dopamine level, Diarrhea, Abnormal thorax morphology, Myoclonus",.,"HGVS Name(s): c.-7+62721G>A, c.303+31298G>A, n.138-14353C>T.",,,,,,
rs1536262,Variant,0.25321832,dbSNP,Neuroblastoma,.,Phenotype ontologies,:,"Failure to thrive, Typified by incomplete penetrance, Sporadic, Anemia, Weight loss, Neoplasm of the nervous system, Ataxia, Bone pain, neuroblastoma, Elevated urinary vanillylmandelic acid, Autosomal dominant inheritance, Fever, Abdominal pain, Diarrhea, Abnormal thorax morphology, Myoclonus, Elevated urinary homovanillic acid, Neuroblastoma, Elevated urinary dopamine level, Skin nodule, obsolete Heterogeneous, Horner syndrome, Hypertension, Spinal cord compression",.,"HGVS Name(s): c.*2042C>A, c.*2042C>T, c.*227C>A, c.*227C>T.",,,,,,
rs1538972,Variant,0.25321832,dbSNP,Neuroblastoma,.,Phenotype ontologies,:,"Typified by incomplete penetrance, Failure to thrive, Neoplasm of the nervous system, Weight loss, Sporadic, Anemia, Elevated urinary vanillylmandelic acid, Ataxia, Bone pain, neuroblastoma, Fever, Abdominal pain, Autosomal dominant inheritance, Abnormal thorax morphology, Diarrhea, Myoclonus, Elevated urinary homovanillic acid, Neuroblastoma, Spinal cord compression, Hypertension, obsolete Heterogeneous, Horner syndrome, Skin nodule, Elevated urinary dopamine level",.,,,,,,,
rs1553224979,Variant,0.25321832,dbSNP,Neuroblastoma,.,Phenotype ontologies,:,"Myoclonus, Abnormal thorax morphology, Diarrhea, obsolete Heterogeneous, Horner syndrome, Hypertension, Spinal cord compression, Elevated urinary dopamine level, Skin nodule, Elevated urinary homovanillic acid, Neuroblastoma, Sporadic, Weight loss, Anemia, Neoplasm of the nervous system, Typified by incomplete penetrance, Failure to thrive, Abdominal pain, Fever, Autosomal dominant inheritance, Bone pain, neuroblastoma, Ataxia, Elevated urinary vanillylmandelic acid",.,"HGVS Name(s): c.1780C>A, c.1912C>A, p.Gln594Lys, p.Gln638Lys.",,,,,,
rs1553897738,Variant,0.27798963,dbSNP,Hereditary cancer-predisposing syndrome,n,cer-predisposing synd,r,"ome;NEUROBLASTOMA, SUSCEPTIBILITY TO, 2 (NBLST2). Phenotype ontologies: neuroblastoma, susceptibility to, 2, Aganglionic megacolon, Autosomal dominant inheritance, neuroblastoma. HGVS Name(s): c.945A>C, c.945A>G, p.Ter315CysextTer41, p.Ter315TrpextTer41.",,,,,,,,
rs1553898065,Variant,0.27798963,dbSNP,Haddad syndro,m,"e;NEUROBLASTOMA, SUSC",E,"PTIBILITY TO, 2 (NBLST2). Phenotype ontologies: Aganglionic megacolon, Autosomal dominant inheritance, neuroblastoma, neuroblastoma, susceptibility to, 2, Haddad syndrome, central hypoventilation syndrome, congenital, 1, with or without Hirschsprung disease. HGVS Name(s): c.242-5_242-2dup.",,,,,,,,
rs1554378983,Variant,0.32279584,dbSNP,Neuroblastoma,;,Renal cell carcinoma.,,"Phenotype ontologies: Renal cell carcinoma, Myoclonus, Elevated urinary homovanillic acid, Neuroblastoma, Skin nodule, Horner syndrome, Typified by incomplete penetrance, Sporadic, Anemia, Elevated urinary vanillylmandelic acid, neuroblastoma, Ataxia, Diarrhea, Abnormal thorax morphology, renal cell carcinoma, Elevated urinary dopamine level, Spinal cord compression, Hypertension, obsolete Heterogeneous, Failure to thrive, Neoplasm of the nervous system, Weight loss,",,"Bone pain, Autosomal dominant inheritance, Abdominal pain, Fever. HGVS Name(s): c.985C>A, c.985C>G, c.985C>T, n.98+24329G>A, n.98+24329G>C, n.98+24",32,"9G>T,",p.L,eu,32,"9Ile, p.Leu329Phe, p.Leu329Val."
rs1555281730,Variant,0.31353796,dbSNP,Hereditary cancer-predisposing syndrome,n,cer-predisposing synd,r,"ome;Neuroblastoma. Phenotype ontologies: Neoplasm of the nervous system, Anemia, Sporadic, Weight loss, Failure to thrive, Typified by incomplete penetrance, Autosomal dominant inheritance, Fever, Abdominal pain, Elevated urinary vanillylmandelic acid, Bone pain, Ataxia, neuroblastoma, Myoclonus, Diarrhea, Abnormal thorax morphology, Skin nodule, Elevated urinary dopamine level, Hypertension, Spinal cord compression, Horner syndrome, obsolete Heterogeneous, Neuroblas",t,"oma, Elevated urinary homovanillic acid. HGVS Name(s): c.1075G>A, c.1075G>C, c.1075G>T, p.Glu359Gln, p.Glu359Lys, p.Glu359Ter.",,,,,,
rs1555550018,Variant,0.31848878,dbSNP,Neuroblastoma,.,Phenotype ontologies,:,"Horner syndrome, obsolete Heterogeneous, Hypertension, Spinal cord compression, Elevated urinary dopamine level, Skin nodule, Neuroblastoma, Elevated urinary homovanillic acid, Myoclonus, Abnormal thorax morphology, Diarrhea, Fever, Abdominal pain, Autosomal dominant inheritance, Bone pain, neuroblastoma, Ataxia, Elevated urinary vanillylmandelic acid, Sporadic, Anemia, Weight loss, Neoplasm of the nervous system, Typified by incomplete penetrance, Failure to thrive",.,"HGVS Name(s): c.538C>G, p.Leu180Val.",,,,,,
rs1555701191,Variant,0.31848878,dbSNP,Neuroblastoma,.,Phenotype ontologies,:,"Failure to thrive, Typified by incomplete penetrance, Neoplasm of the nervous system, Anemia, Sporadic, Weight loss, Elevated urinary vanillylmandelic acid, neuroblastoma, Bone pain, Ataxia, Autosomal dominant inheritance, Abdominal pain, Fever, Abnormal thorax morphology, Diarrhea, Myoclonus, Elevated urinary homovanillic acid, Neuroblastoma, Skin nodule, Elevated urinary dopamine level, Spinal cord compression, Hypertension, obsolete Heterogeneous, Horner syndrome",.,"HGVS Name(s): c.752T>C, p.Leu251Pro.",,,,,,
rs1556013242,Variant,0.31848878,dbSNP,Neuroblastoma,.,Phenotype ontologies,:,"Sporadic, Anemia, Weight loss, Neoplasm of the nervous system, Failure to thrive, Typified by incomplete penetrance, Autosomal dominant inheritance, Fever, Abdominal pain, neuroblastoma, Bone pain, Ataxia, Elevated urinary vanillylmandelic acid, Myoclonus, Abnormal thorax morphology, Diarrhea, Elevated urinary dopamine level, Skin nodule, obsolete Heterogeneous, Horner syndrome, Hypertension, Spinal cord compression, Elevated urinary homovanillic acid, Neuroblastoma",.,"HGVS Name(s): c.119C>A, p.Ala40Glu.",,,,,,
rs1560464984,Variant,0.27798963,dbSNP,Congenital ce,n,tral hypoventilation;,N,"EUROBLASTOMA, SUSCEPTIBILITY TO, 2 (NBLST2). Phenotype ontologies: neuroblastoma, susceptibility to, 2, Aganglionic megacolon, Autosomal dominant inheritance, neuroblastoma, central hypoventilation syndrome, congenital, 1, with or without Hirschsprung disease. HGVS Name(s): c.*1345G>A, c.*1345G>T.",,,,,,,,
rs1560465172,Variant,0.27798963,dbSNP,Congenital ce,n,tral hypoventilation;,N,"EUROBLASTOMA, SUSCEPTIBILITY TO, 2 (NBLST2). Phenotype ontologies: central hypoventilation syndrome, congenital, 1, with or without Hirschsprung disease, neuroblastoma, Aganglionic megacolon, Autosomal dominant inheritance, neuroblastoma, susceptibility to, 2. HGVS Name(s): c.*680C>A, c.*680C>G, c.*680C>T.",,,,,,,,
rs1560465720,Variant,0.27798963,dbSNP,Haddad syndro,m,e;Hereditary cancer-p,r,"edisposing syndrome;NEUROBLASTOMA, SUSCEPTIBILITY TO, 2 (NBLST2). Phenotype ontologies: central hypoventilation syndrome, congenital, 1, with or without Hirschsprung disease, Haddad syndrome, neuroblastoma, susceptibility to, 2, neuroblastoma, Autosomal dominant inheritance, Aganglionic megacolon. HGVS Name(s): c.556G>A, p.Glu186Lys.",,,,,,,,
rs1561277,Variant,0.25321832,dbSNP,Apolipoprotei,n,A1 levels;Gut microb,i,"ota abundance family Bifidobacteriaceae id.433;Gut microbiota abundance genus Bifidobacterium id.436;Gut microbiota abundance order Bifidobacteriales id.432;Gut microbiota abundance phylum Actinobacteria id.400;Hip circumference;Neuroblastoma;Total cholesterol levels. Phenotype ontologies: Elevated urinary vanillylmandelic acid, neuroblastoma, Ataxia, Typified by incomplete penetrance, Sporadic, Anemia, apolipoprotein A 1 measurement, Elevated urinary homovanillic ac",i,"d, Neuroblastoma, Skin nodule, Horner syndrome, Myoclonus, Bone pain, Autosomal dominant inheritance, Abdominal pain, Fever, Failure to thrive, Neo",pl,asm of,th,e,ne,"rvous system, Weight loss, Elevated urinary dopamine level, Spinal cord compression, Hypertension, obsolete Heterogeneous, Diarrhea, Abnormal thorax morphology, total cholesterol measurement. HGVS Name(s): c.677+11059G>A, c.677+11059G>C, c.677+11059G>T."
rs1564475884,Variant,0.32279584,dbSNP,Neuroblastoma,;,Tuberous sclerosis 1,(,"TSC1). Phenotype ontologies: Myoclonus, Neuroblastoma, Elevated urinary homovanillic acid, Dental enamel pits, Adenoma sebaceum, Typified by incomplete penetrance, Attention deficit hyperactivity disorder, Sporadic, Anemia, Elevated urinary vanillylmandelic acid, Ataxia, Autism, Cafe-au-lait spot, Cerebral calcification, Diarrhea, Abnormal thorax morphology, Spinal cord compression, Elevated urinary dopamine level, Intellectual disability, Renal angiomyolipoma, Failu",r,"e to thrive, Renal cyst, Weight loss, Hypothyroidism, Renal cell carcinoma, Horner syndrome, Skin nodule, Abnormality of the respiratory system, Su",bu,ngual,fib,ro,ma,"s, neuroblastoma, Gingival fibromatosis, Precocious puberty, Hypertension, obsolete Heterogeneous, Phenotypic variability, Optic nerve glioma, Subcutaneous nodule, Neoplasm of the nervous system, Bone pain, Abdominal pain, Achromatic retinal patches, Fever, Autosomal dominant inheritance, Hypomelanotic macule. HGVS Name(s): c.2335C>G, c.2335C>T, c.2460+28C>G, c.2460+28C>T, c.2473C>G, c.2473C>T, c.2485C>G, c.2485C>T, c.2488C>G, c.2488C>T, p.Gln779Glu, p.Gln779Ter, p.Gln825Glu, p.Gln825Ter, p.Gln829Glu, p.Gln829Ter, p.Gln830Glu, p.Gln830Ter."
rs1565651916,Variant,0.31353796,dbSNP,Multiple endo,c,"rine neoplasia, type",1,";Neuroblastoma. Phenotype ontologies: Elevated urinary homovanillic acid, Neuroblastoma, Horner syndrome, Skin nodule, Myoclonus, neuroblastoma, Ataxia, Elevated urinary vanillylmandelic acid, Typified by incomplete penetrance, Sporadic, Anemia, multiple endocrine neoplasia type 1, obsolete Heterogeneous, Hypertension, Spinal cord compression, Elevated urinary dopamine level, Diarrhea, Abnormal thorax morphology, Bone pain, Abdominal pain, Fever, Autosomal dominant i",n,"heritance, Failure to thrive, Weight loss, Neoplasm of the nervous system. HGVS Name(s): c.262G>A, c.262G>T, p.Ala88Ser, p.Ala88Thr.",,,,,,
rs1569599409,Variant,0.25321832,dbSNP,Neuroblastoma,.,Phenotype ontologies,:,"Elevated urinary homovanillic acid, Neuroblastoma, Elevated urinary dopamine level, Skin nodule, Horner syndrome, obsolete Heterogeneous, Spinal cord compression, Hypertension, Diarrhea, Abnormal thorax morphology, Myoclonus, Ataxia, Bone pain, neuroblastoma, Elevated urinary vanillylmandelic acid, Autosomal dominant inheritance, Abdominal pain, Fever, Failure to thrive, Typified by incomplete penetrance, Anemia, Sporadic, Weight loss, Neoplasm of the nervous system",.,HGVS Name(s): c.363+9C>A.,,,,,,
rs1573098880,Variant,0.000642801,dbSNP,Neuroblastoma,",","SUSCEPTIBILITY TO, 3",,"(NBLST3). Phenotype ontologies: neuroblastoma, susceptibility to, 3. HGVS Name(s): c.3938+5dup.",,,,,,,,
rs1573139744,Variant,0.000642801,dbSNP,Neuroblastoma,",","SUSCEPTIBILITY TO, 3",,"(NBLST3). Phenotype ontologies: neuroblastoma, susceptibility to, 3. HGVS Name(s): c.2488-7del.",,,,,,,,
rs1577558708,Variant,0.27798963,dbSNP,Haddad syndro,m,e;Hereditary cancer-p,r,"edisposing syndrome;NEUROBLASTOMA, SUSCEPTIBILITY TO, 2 (NBLST2). Phenotype ontologies: neuroblastoma, susceptibility to, 2, Haddad syndrome, central hypoventilation syndrome, congenital, 1, with or without Hirschsprung disease, Autosomal dominant inheritance, Aganglionic megacolon, neuroblastoma. HGVS Name(s): c.904A>T, p.Asn302Tyr.",,,,,,,,
rs1577559273,Variant,0.27798963,dbSNP,Haddad syndro,m,e;Hereditary cancer-p,r,"edisposing syndrome;NEUROBLASTOMA, SUSCEPTIBILITY TO, 2 (NBLST2). Phenotype ontologies: neuroblastoma, susceptibility to, 2, Haddad syndrome, central hypoventilation syndrome, congenital, 1, with or without Hirschsprung disease, Autosomal dominant inheritance, Aganglionic megacolon, neuroblastoma. HGVS Name(s): c.577G>C, p.Asp193His.",,,,,,,,
rs1577561176,Variant,0.27798963,dbSNP,Haddad syndro,m,e;Hereditary cancer-p,r,"edisposing syndrome;NEUROBLASTOMA, SUSCEPTIBILITY TO, 2 (NBLST2). Phenotype ontologies: central hypoventilation syndrome, congenital, 1, with or without Hirschsprung disease, neuroblastoma, susceptibility to, 2, Haddad syndrome, neuroblastoma, Autosomal dominant inheritance, Aganglionic megacolon. HGVS Name(s): c.222G>T, n.44C>A, p.Gln74His.",,,,,,,,
rs1585082,Variant,0.25321832,dbSNP,Neuroblastoma,.,Phenotype ontologies,:,"Diarrhea, Abnormal thorax morphology, Myoclonus, Neuroblastoma, Elevated urinary homovanillic acid, Skin nodule, Elevated urinary dopamine level, Hypertension, Spinal cord compression, obsolete Heterogeneous, Horner syndrome, Failure to thrive, Typified by incomplete penetrance, Neoplasm of the nervous system, Sporadic, Anemia, Weight loss, Elevated urinary vanillylmandelic acid, Bone pain, neuroblastoma, Ataxia, Autosomal dominant inheritance, Fever, Abdominal pain",.,"HGVS Name(s): c.67+49639G>A, c.67+49639G>C.",,,,,,
rs1604144,Variant,0.25321832,dbSNP,Neuroblastoma,;,Neuroblastoma or mali,g,"nant cutaneous melanoma. Phenotype ontologies: Failure to thrive, Weight loss, Neoplasm of the nervous system, Bone pain, Abdominal pain, Fever, Autosomal dominant inheritance, Abnormal thorax morphology, Diarrhea, obsolete Heterogeneous, Hypertension, Spinal cord compression, Elevated urinary dopamine level, Typified by incomplete penetrance, cutaneous melanoma, Sporadic, Anemia, neuroblastoma, Ataxia, Elevated urinary vanillylmandelic acid, Myoclonus, Elevated urin",a,"ry homovanillic acid, Neuroblastoma, Horner syndrome, Skin nodule. HGVS Name(s): c.60+3324C>T, c.855+14397C>T, c.855+24400C>T, c.855+59812C>T, c.85",-6,69845C,">T,",c,0.8,"61+3324C>T, n.260-3352G>A."
rs162096,Variant,0.27798963,dbSNP,Neuroblastoma,.,Phenotype ontologies,:,"Diarrhea, Abnormal thorax morphology, Myoclonus, Elevated urinary homovanillic acid, Neuroblastoma, Skin nodule, Elevated urinary dopamine level, Hypertension, Spinal cord compression, obsolete Heterogeneous, Horner syndrome, Failure to thrive, Typified by incomplete penetrance, Neoplasm of the nervous system, Weight loss, Sporadic, Anemia, Elevated urinary vanillylmandelic acid, Ataxia, Bone pain, neuroblastoma, Autosomal dominant inheritance, Fever, Abdominal pain",.,"HGVS Name(s): n.114-5925A>C, n.114-5925A>G, n.114-5925A>T.",,,,,,
rs1623349,Variant,0.25321832,dbSNP,Neuroblastoma,.,Phenotype ontologies,:,"Elevated urinary vanillylmandelic acid, Bone pain, neuroblastoma, Ataxia, Abdominal pain, Fever, Autosomal dominant inheritance, Typified by incomplete penetrance, Failure to thrive, Neoplasm of the nervous system, Sporadic, Weight loss, Anemia, Neuroblastoma, Elevated urinary homovanillic acid, Spinal cord compression, Hypertension, Horner syndrome, obsolete Heterogeneous, Skin nodule, Elevated urinary dopamine level, Abnormal thorax morphology, Diarrhea, Myoclonus",.,"HGVS Name(s): c.-18+95512C>G, c.-18+95512C>T.",,,,,,
rs1630171,Variant,0.32279584,dbSNP,Neuroblastoma,;,Serine protease inhib,i,"tor Kazal-type 4 level in Chronic kidney disease with hypertension and no diabetes 19213_1;Serine protease inhibitor Kazal-type 4 levels. Phenotype ontologies: Abnormal thorax morphology, Diarrhea, Myoclonus, Elevated urinary homovanillic acid, Neuroblastoma, Skin nodule, Elevated urinary dopamine level, Hypertension, Spinal cord compression, obsolete Heterogeneous, Horner syndrome, Failure to thrive, Typified by incomplete penetrance, Neoplasm of the nervous system,",,"Weight loss, Sporadic, Anemia, protein measurement, Elevated urinary vanillylmandelic acid, Bone pain, neuroblastoma, Ataxia, Autosomal dominant in",he,ritanc,"e,",Ab,do,"minal pain, Fever."
rs1638407540,Variant,0.25321832,dbSNP,Neuroblastoma,.,Phenotype ontologies,:,"Elevated urinary homovanillic acid, Neuroblastoma, Skin nodule, Elevated urinary dopamine level, Spinal cord compression, Hypertension, Horner syndrome, obsolete Heterogeneous, Abnormal thorax morphology, Diarrhea, Myoclonus, Elevated urinary vanillylmandelic acid, neuroblastoma, Bone pain, Ataxia, Autosomal dominant inheritance, Abdominal pain, Fever, Failure to thrive, Typified by incomplete penetrance, Neoplasm of the nervous system, Weight loss, Sporadic, Anemia",.,"HGVS Name(s): c.4089T>C, c.4131T>C, c.4194T>C, p.Tyr1363=, p.Tyr1377=, p.Tyr1398=.",,,,,,
rs1638901228,Variant,0.25321832,dbSNP,Neuroblastoma,.,Phenotype ontologies,:,"Myoclonus, Diarrhea, Abnormal thorax morphology, Elevated urinary dopamine level, Skin nodule, Horner syndrome, obsolete Heterogeneous, Spinal cord compression, Hypertension, Elevated urinary homovanillic acid, Neuroblastoma, Anemia, Sporadic, Weight loss, Neoplasm of the nervous system, Failure to thrive, Typified by incomplete penetrance, Autosomal dominant inheritance, Fever, Abdominal pain, neuroblastoma, Bone pain, Ataxia, Elevated urinary vanillylmandelic acid",.,"HGVS Name(s): c.*187T>G, c.5366+1401T>G.",,,,,,
rs1638918750,Variant,0.25321832,dbSNP,Neuroblastoma,.,Phenotype ontologies,:,"Failure to thrive, Typified by incomplete penetrance, Neoplasm of the nervous system, Sporadic, Anemia, Weight loss, Elevated urinary vanillylmandelic acid, Bone pain, Ataxia, neuroblastoma, Autosomal dominant inheritance, Abdominal pain, Fever, Diarrhea, Abnormal thorax morphology, Myoclonus, Neuroblastoma, Elevated urinary homovanillic acid, Skin nodule, Elevated urinary dopamine level, Hypertension, Spinal cord compression, obsolete Heterogeneous, Horner syndrome",.,"HGVS Name(s): c.*858C>G, c.5367-894C>G.",,,,,,
rs1638935339,Variant,0.25321832,dbSNP,Neuroblastoma,.,Phenotype ontologies,:,"Neuroblastoma, Elevated urinary homovanillic acid, Skin nodule, Elevated urinary dopamine level, Hypertension, Spinal cord compression, obsolete Heterogeneous, Horner syndrome, Abnormal thorax morphology, Diarrhea, Myoclonus, Elevated urinary vanillylmandelic acid, Bone pain, Ataxia, neuroblastoma, Autosomal dominant inheritance, Abdominal pain, Fever, Failure to thrive, Typified by incomplete penetrance, Neoplasm of the nervous system, Weight loss, Sporadic, Anemia",.,"HGVS Name(s): c.*1555T>C, c.5367-197T>C.",,,,,,
rs1638986532,Variant,0.25321832,dbSNP,Neuroblastoma,.,Phenotype ontologies,:,"Weight loss, Sporadic, Anemia, Neoplasm of the nervous system, Typified by incomplete penetrance, Failure to thrive, Fever, Abdominal pain, Autosomal dominant inheritance, neuroblastoma, Bone pain, Ataxia, Elevated urinary vanillylmandelic acid, Myoclonus, Diarrhea, Abnormal thorax morphology, Horner syndrome, obsolete Heterogeneous, Hypertension, Spinal cord compression, Elevated urinary dopamine level, Skin nodule, Neuroblastoma, Elevated urinary homovanillic acid",.,"HGVS Name(s): c.*1803C>G, c.*3618C>G.",,,,,,
rs1638995010,Variant,0.25321832,dbSNP,Neuroblastoma,.,Phenotype ontologies,:,"Neoplasm of the nervous system, Weight loss, Sporadic, Anemia, Typified by incomplete penetrance, Failure to thrive, Abdominal pain, Fever, Autosomal dominant inheritance, Elevated urinary vanillylmandelic acid, neuroblastoma, Bone pain, Ataxia, Myoclonus, Diarrhea, Abnormal thorax morphology, Spinal cord compression, Hypertension, obsolete Heterogeneous, Horner syndrome, Skin nodule, Elevated urinary dopamine level, Elevated urinary homovanillic acid, Neuroblastoma",.,"HGVS Name(s): c.*2106C>T, c.*3921C>T.",,,,,,
rs1639015374,Variant,0.25321832,dbSNP,Neuroblastoma,.,Phenotype ontologies,:,"Neoplasm of the nervous system, Sporadic, Weight loss, Anemia, Failure to thrive, Typified by incomplete penetrance, Autosomal dominant inheritance, Fever, Abdominal pain, Elevated urinary vanillylmandelic acid, Bone pain, Ataxia, neuroblastoma, Myoclonus, Abnormal thorax morphology, Diarrhea, Skin nodule, Elevated urinary dopamine level, Spinal cord compression, Hypertension, obsolete Heterogeneous, Horner syndrome, Neuroblastoma, Elevated urinary homovanillic acid",.,"HGVS Name(s): c.*2833T>C, c.*4648T>C.",,,,,,
rs1646683353,Variant,0.25321832,dbSNP,Neuroblastoma,.,Phenotype ontologies,:,"Elevated urinary homovanillic acid, Neuroblastoma, obsolete Heterogeneous, Horner syndrome, Spinal cord compression, Hypertension, Elevated urinary dopamine level, Skin nodule, Abnormal thorax morphology, Diarrhea, Myoclonus, Bone pain, neuroblastoma, Ataxia, Elevated urinary vanillylmandelic acid, Fever, Abdominal pain, Autosomal dominant inheritance, Typified by incomplete penetrance, Failure to thrive, Weight loss, Sporadic, Anemia, Neoplasm of the nervous system",.,HGVS Name(s): c.-97G>A.,,,,,,
rs1646683776,Variant,0.25321832,dbSNP,Neuroblastoma,.,Phenotype ontologies,:,"Abnormal thorax morphology, Diarrhea, Myoclonus, Neuroblastoma, Elevated urinary homovanillic acid, Skin nodule, Elevated urinary dopamine level, Hypertension, Spinal cord compression, Horner syndrome, obsolete Heterogeneous, Failure to thrive, Typified by incomplete penetrance, Neoplasm of the nervous system, Sporadic, Anemia, Weight loss, Elevated urinary vanillylmandelic acid, Bone pain, neuroblastoma, Ataxia, Autosomal dominant inheritance, Fever, Abdominal pain",.,HGVS Name(s): c.-80+13G>A.,,,,,,
rs1648580372,Variant,0.25321832,dbSNP,Not specified,o,type not specified;Ne,u,"roblastoma. Phenotype ontologies: Elevated urinary homovanillic acid, Neuroblastoma, Spinal cord compression, Hypertension, obsolete Heterogeneous, Horner syndrome, Skin nodule, Elevated urinary dopamine level, Diarrhea, Abnormal thorax morphology, Myoclonus, Elevated urinary vanillylmandelic acid, Bone pain, neuroblastoma, Ataxia, Abdominal pain, Fever, Autosomal dominant inheritance, Typified by incomplete penetrance, Failure to thrive, Neoplasm of the nervous syst",e,"m, Sporadic, Anemia, Weight loss. HGVS Name(s): c.706C>G, p.Leu236Val.",,,,,,
rs1650298363,Variant,0.25321832,dbSNP,Neuroblastoma,.,Phenotype ontologies,:,"Myoclonus, Abnormal thorax morphology, Diarrhea, obsolete Heterogeneous, Horner syndrome, Hypertension, Spinal cord compression, Elevated urinary dopamine level, Skin nodule, Elevated urinary homovanillic acid, Neuroblastoma, Sporadic, Anemia, Weight loss, Neoplasm of the nervous system, Typified by incomplete penetrance, Failure to thrive, Abdominal pain, Fever, Autosomal dominant inheritance, Bone pain, neuroblastoma, Ataxia, Elevated urinary vanillylmandelic acid",.,"HGVS Name(s): c.1803T>C, c.1899T>C, c.1941T>C, p.Thr601=, p.Thr633=, p.Thr647=.",,,,,,
rs1656377,Variant,0.25321832,dbSNP,Drinks per we,e,k;Neuroblastoma. Phen,o,"type ontologies: Autosomal dominant inheritance, Abdominal pain, Fever, Elevated urinary vanillylmandelic acid, neuroblastoma, Bone pain, Ataxia, Neoplasm of the nervous system, Sporadic, Weight loss, Anemia, Failure to thrive, Typified by incomplete penetrance, Skin nodule, Elevated urinary dopamine level, Hypertension, Spinal cord compression, Horner syndrome, obsolete Heterogeneous, Elevated urinary homovanillic acid, Neuroblastoma, Myoclonus, Diarrhea, Abnormal t",h,orax morphology. HGVS Name(s): n.993+469A>G.,,,,,,
rs1668968004,Variant,0.000642801,dbSNP,Neuroblastoma,",","SUSCEPTIBILITY TO, 3",,"(NBLST3). Phenotype ontologies: neuroblastoma, susceptibility to, 3. HGVS Name(s): c.1155-19dup.",,,,,,,,
rs1669336181,Variant,0.000642801,dbSNP,Neuroblastoma,",","SUSCEPTIBILITY TO, 3",,"(NBLST3). Phenotype ontologies: neuroblastoma, susceptibility to, 3. HGVS Name(s): c.3837_3840del.",,,,,,,,
rs1669868152,Variant,0.000642801,dbSNP,Neuroblastoma,",","SUSCEPTIBILITY TO, 3",,"(NBLST3). Phenotype ontologies: neuroblastoma, susceptibility to, 3. HGVS Name(s): c.3173-6del.",,,,,,,,
rs1680730,Variant,0.31353796,dbSNP,Neuroblastoma,.,Phenotype ontologies,:,"Myoclonus, Abnormal thorax morphology, Diarrhea, Skin nodule, Elevated urinary dopamine level, Spinal cord compression, Hypertension, obsolete Heterogeneous, Horner syndrome, Elevated urinary homovanillic acid, Neuroblastoma, Neoplasm of the nervous system, Sporadic, Anemia, Weight loss, Failure to thrive, Typified by incomplete penetrance, Autosomal dominant inheritance, Abdominal pain, Fever, Elevated urinary vanillylmandelic acid, neuroblastoma, Bone pain, Ataxia",.,,,,,,,
rs16841387,Variant,0.25321832,dbSNP,Neuroblastoma,.,Phenotype ontologies,:,"Abnormal thorax morphology, Diarrhea, Myoclonus, Elevated urinary homovanillic acid, Neuroblastoma, Spinal cord compression, Hypertension, obsolete Heterogeneous, Horner syndrome, Skin nodule, Elevated urinary dopamine level, Typified by incomplete penetrance, Failure to thrive, Neoplasm of the nervous system, Anemia, Sporadic, Weight loss, Elevated urinary vanillylmandelic acid, Bone pain, neuroblastoma, Ataxia, Fever, Abdominal pain, Autosomal dominant inheritance",.,HGVS Name(s): c.5962-1497G>T.,,,,,,
rs16842717,Variant,0.25321832,dbSNP,Neuroblastoma,.,Phenotype ontologies,:,"Typified by incomplete penetrance, Failure to thrive, Sporadic, Anemia, Weight loss, Neoplasm of the nervous system, Bone pain, neuroblastoma, Ataxia, Elevated urinary vanillylmandelic acid, Abdominal pain, Fever, Autosomal dominant inheritance, Diarrhea, Abnormal thorax morphology, Myoclonus, Elevated urinary homovanillic acid, Neuroblastoma, obsolete Heterogeneous, Horner syndrome, Spinal cord compression, Hypertension, Elevated urinary dopamine level, Skin nodule",.,HGVS Name(s): c.3079-8851C>T.,,,,,,
rs16849204,Variant,0.25321832,dbSNP,Neuroblastoma,.,Phenotype ontologies,:,"Myoclonus, Abnormal thorax morphology, Diarrhea, Skin nodule, Elevated urinary dopamine level, Hypertension, Spinal cord compression, obsolete Heterogeneous, Horner syndrome, Elevated urinary homovanillic acid, Neuroblastoma, Neoplasm of the nervous system, Sporadic, Weight loss, Anemia, Failure to thrive, Typified by incomplete penetrance, Autosomal dominant inheritance, Abdominal pain, Fever, Elevated urinary vanillylmandelic acid, Ataxia, Bone pain, neuroblastoma",.,"HGVS Name(s): n.381+150647A>G, n.381+150647A>T.",,,,,,
rs16852600,Variant,0.25321832,dbSNP,Coronary Arte,r,y Disease (CAD);Neuro,b,"lastoma. Phenotype ontologies: Typified by incomplete penetrance, Sporadic, Anemia, Ataxia, neuroblastoma, Elevated urinary vanillylmandelic acid, Myoclonus, Neuroblastoma, Elevated urinary homovanillic acid, Horner syndrome, Skin nodule, Failure to thrive, Coronary artery atherosclerosis, Weight loss, Neoplasm of the nervous system, coronary artery disease, Bone pain, Fever, Abdominal pain, Autosomal dominant inheritance, Diarrhea, Abnormal thorax morphology, obsole",t,"e Heterogeneous, Hypertension, Spinal cord compression, Elevated urinary dopamine level. HGVS Name(s): c.*570-413G>A, c.1496-413G>A, c.1904-413G>A.",,,,,,
rs16872251,Variant,0.27798963,dbSNP,Neuroblastoma,.,Phenotype ontologies,:,"Myoclonus, Abnormal thorax morphology, Diarrhea, Elevated urinary dopamine level, Skin nodule, obsolete Heterogeneous, Horner syndrome, Hypertension, Spinal cord compression, Elevated urinary homovanillic acid, Neuroblastoma, Sporadic, Anemia, Weight loss, Neoplasm of the nervous system, Failure to thrive, Typified by incomplete penetrance, Autosomal dominant inheritance, Abdominal pain, Fever, neuroblastoma, Bone pain, Ataxia, Elevated urinary vanillylmandelic acid",.,,,,,,,
rs16876210,Variant,0.27798963,dbSNP,Neuroblastoma,.,Phenotype ontologies,:,"Typified by incomplete penetrance, Failure to thrive, Neoplasm of the nervous system, Weight loss, Sporadic, Anemia, Elevated urinary vanillylmandelic acid, Ataxia, Bone pain, neuroblastoma, Fever, Abdominal pain, Autosomal dominant inheritance, Diarrhea, Abnormal thorax morphology, Myoclonus, Elevated urinary homovanillic acid, Neuroblastoma, Hypertension, Spinal cord compression, obsolete Heterogeneous, Horner syndrome, Skin nodule, Elevated urinary dopamine level",.,"HGVS Name(s): c.45+61069C>G, c.45+61069C>T.",,,,,,
rs16926648,Variant,0.31353796,dbSNP,Neuroblastoma,.,Phenotype ontologies,:,"Elevated urinary vanillylmandelic acid, Bone pain, neuroblastoma, Ataxia, Fever, Abdominal pain, Autosomal dominant inheritance, Typified by incomplete penetrance, Failure to thrive, Neoplasm of the nervous system, Weight loss, Sporadic, Anemia, Neuroblastoma, Elevated urinary homovanillic acid, Hypertension, Spinal cord compression, Horner syndrome, obsolete Heterogeneous, Skin nodule, Elevated urinary dopamine level, Diarrhea, Abnormal thorax morphology, Myoclonus",.,"HGVS Name(s): c.-66-2946C>G, c.-66-2946C>T.",,,,,,
rs16951664,Variant,0.31848878,dbSNP,Neuroblastoma,.,Phenotype ontologies,:,"Bone pain, Ataxia, neuroblastoma, Elevated urinary vanillylmandelic acid, Abdominal pain, Fever, Autosomal dominant inheritance, Typified by incomplete penetrance, Failure to thrive, Sporadic, Anemia, Weight loss, Neoplasm of the nervous system, Elevated urinary homovanillic acid, Neuroblastoma, obsolete Heterogeneous, Horner syndrome, Spinal cord compression, Hypertension, Elevated urinary dopamine level, Skin nodule, Abnormal thorax morphology, Diarrhea, Myoclonus",.,,,,,,,
rs16967789,Variant,0.31848878,dbSNP,Neuroblastoma,.,Phenotype ontologies,:,"Anemia, Sporadic, Weight loss, Neoplasm of the nervous system, Failure to thrive, Typified by incomplete penetrance, Autosomal dominant inheritance, Fever, Abdominal pain, neuroblastoma, Bone pain, Ataxia, Elevated urinary vanillylmandelic acid, Myoclonus, Abnormal thorax morphology, Diarrhea, Elevated urinary dopamine level, Skin nodule, Horner syndrome, obsolete Heterogeneous, Spinal cord compression, Hypertension, Elevated urinary homovanillic acid, Neuroblastoma",.,HGVS Name(s): c.79-111C>T.,,,,,,
rs16980240,Variant,0.31848878,dbSNP,Neuroblastoma,.,Phenotype ontologies,:,"Skin nodule, Elevated urinary dopamine level, Spinal cord compression, Hypertension, Horner syndrome, obsolete Heterogeneous, Elevated urinary homovanillic acid, Neuroblastoma, Myoclonus, Diarrhea, Abnormal thorax morphology, Autosomal dominant inheritance, Fever, Abdominal pain, Elevated urinary vanillylmandelic acid, Ataxia, Bone pain, neuroblastoma, Neoplasm of the nervous system, Sporadic, Weight loss, Anemia, Failure to thrive, Typified by incomplete penetrance",.,HGVS Name(s): c.142+28708C>T.,,,,,,
rs17012789,Variant,0.25321832,dbSNP,Neuroblastoma,.,Phenotype ontologies,:,"Neoplasm of the nervous system, Sporadic, Weight loss, Anemia, Failure to thrive, Typified by incomplete penetrance, Autosomal dominant inheritance, Abdominal pain, Fever, Elevated urinary vanillylmandelic acid, Ataxia, Bone pain, neuroblastoma, Myoclonus, Diarrhea, Abnormal thorax morphology, Skin nodule, Elevated urinary dopamine level, Hypertension, Spinal cord compression, obsolete Heterogeneous, Horner syndrome, Elevated urinary homovanillic acid, Neuroblastoma",.,,,,,,,
rs17016033,Variant,0.31353796,dbSNP,Neuroblastoma,.,Phenotype ontologies,:,"Elevated urinary vanillylmandelic acid, Ataxia, Bone pain, neuroblastoma, Autosomal dominant inheritance, Abdominal pain, Fever, Failure to thrive, Typified by incomplete penetrance, Neoplasm of the nervous system, Weight loss, Sporadic, Anemia, Neuroblastoma, Elevated urinary homovanillic acid, Skin nodule, Elevated urinary dopamine level, Spinal cord compression, Hypertension, obsolete Heterogeneous, Horner syndrome, Diarrhea, Abnormal thorax morphology, Myoclonus",.,,,,,,,
rs17018667,Variant,0.25321832,dbSNP,Neuroblastoma,.,Phenotype ontologies,:,"Autosomal dominant inheritance, Abdominal pain, Fever, Elevated urinary vanillylmandelic acid, neuroblastoma, Bone pain, Ataxia, Neoplasm of the nervous system, Weight loss, Sporadic, Anemia, Failure to thrive, Typified by incomplete penetrance, Skin nodule, Elevated urinary dopamine level, Spinal cord compression, Hypertension, obsolete Heterogeneous, Horner syndrome, Elevated urinary homovanillic acid, Neuroblastoma, Myoclonus, Abnormal thorax morphology, Diarrhea",.,HGVS Name(s): c.332-10388G>A.,,,,,,
rs17034660,Variant,0.25321832,dbSNP,Charcot-Marie,-,Tooth disease;Charcot,-,"Marie-Tooth disease type 2;ClinVar: phenotype not specified;Neuroblastoma. Phenotype ontologies: Diarrhea, Abnormal thorax morphology, Laryngomalacia, Kyphosis, Charcot-Marie-Tooth disease type 2, Hemiplegia/hemiparesis, obsolete Heterogeneous, Hypertension, Spinal cord compression, Elevated urinary dopamine level, Gait disturbance, Abnormality of the voice, Failure to thrive, Weight loss, Scoliosis, Neoplasm of the nervous system, Bone pain, Abdominal pain, Fever, A",u,"tosomal dominant inheritance, Decreased nerve conduction velocity, Incoordination, Myoclonus, Charcot-Marie-Tooth disease, Elevated urinary homovan",il,lic ac,"id,",N,eu,"roblastoma, EMG abnormality, Horner syndrome, Reduced tendon reflexes, Skeletal muscle atrophy, Skin nodule, Typified by incomplete penetrance, Impaired pain sensation, Anemia, Sporadic, Ataxia, neuroblastoma, Elevated urinary vanillylmandelic acid. HGVS Name(s): c.1227G>A, c.1323G>A, c.1365G>A, p.Thr409=, p.Thr441=, p.Thr455=."
rs1703940,Variant,0.32279584,dbSNP,Neuroblastoma,.,Phenotype ontologies,:,"Hypertension, Spinal cord compression, obsolete Heterogeneous, Horner syndrome, Skin nodule, Elevated urinary dopamine level, Neuroblastoma, Elevated urinary homovanillic acid, Myoclonus, Abnormal thorax morphology, Diarrhea, Fever, Abdominal pain, Autosomal dominant inheritance, Elevated urinary vanillylmandelic acid, Ataxia, Bone pain, neuroblastoma, Neoplasm of the nervous system, Anemia, Sporadic, Weight loss, Typified by incomplete penetrance, Failure to thrive",.,,,,,,,
rs17047538,Variant,0.25321832,dbSNP,Neuroblastoma,;,Total amyloid SNP x S,N,"P interaction. Phenotype ontologies: Myoclonus, Abnormal thorax morphology, Diarrhea, Elevated urinary dopamine level, Skin nodule, Horner syndrome, obsolete Heterogeneous, Spinal cord compression, Hypertension, Neuroblastoma, Elevated urinary homovanillic acid, Weight loss, Sporadic, Anemia, Neoplasm of the nervous system, amyloid-beta measurement, Failure to thrive, Typified by incomplete penetrance, Autosomal dominant inheritance, Fever, Abdominal pain, neuroblast",o,"ma, Bone pain, Ataxia, Elevated urinary vanillylmandelic acid. HGVS Name(s): n.289+8673A>G.",,,,,,
rs17065417,Variant,0.27798963,dbSNP,Neuroblastoma,;,Sporadic neuroblastom,a,". Phenotype ontologies: Failure to thrive, Typified by incomplete penetrance, Sporadic, Weight loss, Anemia, Neoplasm of the nervous system, Bone pain, neuroblastoma, Ataxia, Elevated urinary vanillylmandelic acid, Autosomal dominant inheritance, Abdominal pain, Fever, Diarrhea, Abnormal thorax morphology, Myoclonus, Elevated urinary homovanillic acid, Neuroblastoma, Elevated urinary dopamine level, Skin nodule, obsolete Heterogeneous, Horner syndrome, Spinal cord co",m,"pression, Hypertension. HGVS Name(s): c.198+113A>C, c.222+113A>C, n.338T>G.",,,,,,
rs17105232,Variant,0.31353796,dbSNP,Blood Pressur,e,Determination;C-reac,t,"ive protein levels;Glycoprotein acetyls levels;Neuroblastoma. Phenotype ontologies: Myoclonus, C-reactive protein measurement, Diarrhea, Abnormal thorax morphology, Hypertension, Spinal cord compression, Horner syndrome, obsolete Heterogeneous, Skin nodule, Elevated urinary dopamine level, Elevated urinary homovanillic acid, Neuroblastoma, Neoplasm of the nervous system, Sporadic, Weight loss, Anemia, Typified by incomplete penetrance, Failure to thrive, Abdominal pa",i,"n, Fever, Autosomal dominant inheritance, Elevated urinary vanillylmandelic acid, Ataxia, Bone pain, neuroblastoma. HGVS Name(s): n.112-10713C>A, n",0.1,12-107,13C,>G,",","n.112-10713C>T, n.63-7579G>A, n.63-7579G>C, n.63-7579G>T."
rs1714518,Variant,0.25321832,dbSNP,Neuroblastoma,;,Systolic blood pressu,r,"e. Phenotype ontologies: Diarrhea, Abnormal thorax morphology, obsolete Heterogeneous, Hypertension, Spinal cord compression, Elevated urinary dopamine level, Failure to thrive, Weight loss, Neoplasm of the nervous system, Bone pain, Fever, Abdominal pain, Autosomal dominant inheritance, Myoclonus, Elevated urinary homovanillic acid, Neuroblastoma, Horner syndrome, Skin nodule, Typified by incomplete penetrance, Sporadic, Anemia, Ataxia, neuroblastoma, Elevated urina",r,"y vanillylmandelic acid, systolic blood pressure. HGVS Name(s): c.652+34631C>T, c.658+34625C>T.",,,,,,
rs1714524,Variant,0.25321832,dbSNP,Alcohol consu,m,ption (drinks per wee,k,") (MTAG);Neuroblastoma. Phenotype ontologies: Neuroblastoma, Elevated urinary homovanillic acid, obsolete Heterogeneous, Horner syndrome, Spinal cord compression, Hypertension, Elevated urinary dopamine level, Skin nodule, Abnormal thorax morphology, Diarrhea, Myoclonus, neuroblastoma, Bone pain, Ataxia, Elevated urinary vanillylmandelic acid, Abdominal pain, Fever, Autosomal dominant inheritance, Typified by incomplete penetrance, Failure to thrive, Sporadic, Weight",,"loss, Anemia, Neoplasm of the nervous system. HGVS Name(s): n.1103-1266G>A.",,,,,,
rs17210989,Variant,0.31848878,dbSNP,Neuroblastoma,.,Phenotype ontologies,:,"Spinal cord compression, Hypertension, obsolete Heterogeneous, Horner syndrome, Skin nodule, Elevated urinary dopamine level, Elevated urinary homovanillic acid, Neuroblastoma, Myoclonus, Abnormal thorax morphology, Diarrhea, Fever, Abdominal pain, Autosomal dominant inheritance, Elevated urinary vanillylmandelic acid, neuroblastoma, Bone pain, Ataxia, Neoplasm of the nervous system, Anemia, Sporadic, Weight loss, Typified by incomplete penetrance, Failure to thrive",.,,,,,,,
rs17322289,Variant,0.31848878,dbSNP,Neuroblastoma,.,Phenotype ontologies,:,"Abdominal pain, Fever, Autosomal dominant inheritance, Bone pain, Ataxia, neuroblastoma, Elevated urinary vanillylmandelic acid, Sporadic, Weight loss, Anemia, Neoplasm of the nervous system, Typified by incomplete penetrance, Failure to thrive, obsolete Heterogeneous, Horner syndrome, Spinal cord compression, Hypertension, Elevated urinary dopamine level, Skin nodule, Neuroblastoma, Elevated urinary homovanillic acid, Myoclonus, Abnormal thorax morphology, Diarrhea",.,HGVS Name(s): c.36-768T>C.,,,,,,
rs1733823205,Variant,0.27798963,dbSNP,Congenital ce,n,tral hypoventilation;,N,"EUROBLASTOMA, SUSCEPTIBILITY TO, 2 (NBLST2). Phenotype ontologies: central hypoventilation syndrome, congenital, 1, with or without Hirschsprung disease, neuroblastoma, Autosomal dominant inheritance, Aganglionic megacolon, neuroblastoma, susceptibility to, 2. HGVS Name(s): c.*1334G>C.",,,,,,,,
rs1733838098,Variant,0.27798963,dbSNP,Congenital ce,n,tral hypoventilation;,N,"EUROBLASTOMA, SUSCEPTIBILITY TO, 2 (NBLST2). Phenotype ontologies: Autosomal dominant inheritance, Aganglionic megacolon, neuroblastoma, susceptibility to, 2, central hypoventilation syndrome, congenital, 1, with or without Hirschsprung disease, neuroblastoma. HGVS Name(s): c.*789G>A.",,,,,,,,
rs1733865595,Variant,0.27798963,dbSNP,Not specified,o,type not specified;Ha,d,"dad syndrome;Hereditary cancer-predisposing syndrome;NEUROBLASTOMA, SUSCEPTIBILITY TO, 2 (NBLST2). Phenotype ontologies: Aganglionic megacolon, Autosomal dominant inheritance, neuroblastoma, Haddad syndrome, neuroblastoma, susceptibility to, 2, central hypoventilation syndrome, congenital, 1, with or without Hirschsprung disease. HGVS Name(s): c.934A>G, p.Ser312Gly.",,,,,,,,
rs1733868277,Variant,0.27798963,dbSNP,Not specified,o,type not specified;NE,U,"ROBLASTOMA, SUSCEPTIBILITY TO, 2 (NBLST2). Phenotype ontologies: neuroblastoma, susceptibility to, 2, Autosomal dominant inheritance, Aganglionic megacolon, neuroblastoma. HGVS Name(s): c.866_867insG, p.Pro290SerfsTer70.",,,,,,,,
rs1733870310,Variant,0.27798963,dbSNP,Haddad syndro,m,e;Hereditary cancer-p,r,"edisposing syndrome;NEUROBLASTOMA, SUSCEPTIBILITY TO, 2 (NBLST2). Phenotype ontologies: Haddad syndrome, neuroblastoma, susceptibility to, 2, central hypoventilation syndrome, congenital, 1, with or without Hirschsprung disease, Autosomal dominant inheritance, Aganglionic megacolon, neuroblastoma. HGVS Name(s): c.836C>T, p.Pro279Leu.",,,,,,,,
rs1733892907,Variant,0.27798963,dbSNP,NEUROBLASTOMA,",","SUSCEPTIBILITY TO, 2",,"(NBLST2). Phenotype ontologies: neuroblastoma, susceptibility to, 2, Autosomal dominant inheritance, Aganglionic megacolon, neuroblastoma. HGVS Name(s): c.562A>C, p.Lys188Gln.",,,,,,,,
rs1733894415,Variant,0.27798963,dbSNP,Haddad syndro,m,e;Hereditary cancer-p,r,"edisposing syndrome;NEUROBLASTOMA, SUSCEPTIBILITY TO, 2 (NBLST2). Phenotype ontologies: central hypoventilation syndrome, congenital, 1, with or without Hirschsprung disease, neuroblastoma, susceptibility to, 2, Haddad syndrome, neuroblastoma, Autosomal dominant inheritance, Aganglionic megacolon. HGVS Name(s): c.550A>G, p.Ser184Gly.",,,,,,,,
rs1733979302,Variant,0.27798963,dbSNP,Congenital ce,n,tral hypoventilation;,N,"EUROBLASTOMA, SUSCEPTIBILITY TO, 2 (NBLST2). Phenotype ontologies: neuroblastoma, central hypoventilation syndrome, congenital, 1, with or without Hirschsprung disease, Autosomal dominant inheritance, Aganglionic megacolon, neuroblastoma, susceptibility to, 2. HGVS Name(s): c.235G>A, n.31C>T, p.Ala79Thr.",,,,,,,,
rs1740718,Variant,0.000593944,dbSNP,Germline telo,m,ere length in neurobl,a,stoma.,,,,,,,,
rs17487792,Variant,0.25321832,dbSNP,Neuroblastoma,;,Neuroblastoma (MYCN a,m,"plification). Phenotype ontologies: Neuroblastoma, Elevated urinary homovanillic acid, Skin nodule, Elevated urinary dopamine level, Hypertension, Spinal cord compression, obsolete Heterogeneous, Horner syndrome, Diarrhea, Abnormal thorax morphology, Myoclonus, Elevated urinary vanillylmandelic acid, neuroblastoma, Bone pain, Ataxia, Autosomal dominant inheritance, Fever, Abdominal pain, Failure to thrive, Typified by incomplete penetrance, Neoplasm of the nervous sy",s,"tem, Sporadic, Anemia, Weight loss. HGVS Name(s): c.1314+1784G>A, c.1314+1784G>C, c.365-9464G>A, c.365-9464G>C, c.906+2192G>A, c.906+2192G>C.",,,,,,
rs17578222,Variant,0.32279584,dbSNP,Neuroblastoma,.,Phenotype ontologies,:,"Failure to thrive, Typified by incomplete penetrance, Weight loss, Sporadic, Anemia, Neoplasm of the nervous system, Bone pain, Ataxia, neuroblastoma, Elevated urinary vanillylmandelic acid, Autosomal dominant inheritance, Fever, Abdominal pain, Abnormal thorax morphology, Diarrhea, Myoclonus, Neuroblastoma, Elevated urinary homovanillic acid, Elevated urinary dopamine level, Skin nodule, obsolete Heterogeneous, Horner syndrome, Spinal cord compression, Hypertension",.,HGVS Name(s): n.352+41104C>A.,,,,,,
rs1783596,Variant,0.31353796,dbSNP,Neuroblastoma,.,Phenotype ontologies,:,"Elevated urinary homovanillic acid, Neuroblastoma, Horner syndrome, obsolete Heterogeneous, Hypertension, Spinal cord compression, Elevated urinary dopamine level, Skin nodule, Diarrhea, Abnormal thorax morphology, Myoclonus, Bone pain, Ataxia, neuroblastoma, Elevated urinary vanillylmandelic acid, Fever, Abdominal pain, Autosomal dominant inheritance, Typified by incomplete penetrance, Failure to thrive, Sporadic, Anemia, Weight loss, Neoplasm of the nervous system",.,"HGVS Name(s): c.816C>A, c.816C>T, p.Arg272=.",,,,,,
rs17842780,Variant,0.25321832,dbSNP,Neuroblastoma,.,Phenotype ontologies,:,"Typified by incomplete penetrance, Failure to thrive, Neoplasm of the nervous system, Anemia, Sporadic, Weight loss, Elevated urinary vanillylmandelic acid, Bone pain, neuroblastoma, Ataxia, Fever, Abdominal pain, Autosomal dominant inheritance, Abnormal thorax morphology, Diarrhea, Myoclonus, Elevated urinary homovanillic acid, Neuroblastoma, Spinal cord compression, Hypertension, obsolete Heterogeneous, Horner syndrome, Skin nodule, Elevated urinary dopamine level",.,HGVS Name(s): n.205+1488A>G.,,,,,,
rs17861942,Variant,0.27798963,dbSNP,Neuroblastoma,.,Phenotype ontologies,:,"Sporadic, Anemia, Weight loss, Neoplasm of the nervous system, Failure to thrive, Typified by incomplete penetrance, Autosomal dominant inheritance, Fever, Abdominal pain, Ataxia, Bone pain, neuroblastoma, Elevated urinary vanillylmandelic acid, Myoclonus, Abnormal thorax morphology, Diarrhea, Elevated urinary dopamine level, Skin nodule, obsolete Heterogeneous, Horner syndrome, Hypertension, Spinal cord compression, Elevated urinary homovanillic acid, Neuroblastoma",.,HGVS Name(s): n.262+68509G>T.,,,,,,
rs17862054,Variant,0.27798963,dbSNP,Neuroblastoma,.,Phenotype ontologies,:,"Weight loss, Sporadic, Anemia, Neoplasm of the nervous system, Typified by incomplete penetrance, Failure to thrive, Abdominal pain, Fever, Autosomal dominant inheritance, Bone pain, Ataxia, neuroblastoma, Elevated urinary vanillylmandelic acid, Myoclonus, Diarrhea, Abnormal thorax morphology, obsolete Heterogeneous, Horner syndrome, Hypertension, Spinal cord compression, Elevated urinary dopamine level, Skin nodule, Neuroblastoma, Elevated urinary homovanillic acid",.,"HGVS Name(s): n.263-37120A>C, n.263-37120A>G, n.263-37120A>T.",,,,,,
rs17879189,Variant,0.27798963,dbSNP,Not specified,o,type not specified;Co,n,"genital central hypoventilation;Haddad syndrome;Hereditary cancer-predisposing syndrome;NEUROBLASTOMA, SUSCEPTIBILITY TO, 2 (NBLST2). Phenotype ontologies: central hypoventilation syndrome, congenital, 1, with or without Hirschsprung disease, neuroblastoma, susceptibility to, 2, Haddad syndrome, neuroblastoma, Autosomal dominant inheritance, Aganglionic megacolon. HGVS Name(s): c.756_776del, c.776_777insGGCGGCAGCGGCAGCGGCGGC, p.Ala254_Ala260del, p.Ala254_Ala260dup.",,,,,,,,
rs17879258,Variant,0.27798963,dbSNP,Not specified,o,type not specified;Co,n,"genital central hypoventilation;Haddad syndrome;Hereditary cancer-predisposing syndrome;NEUROBLASTOMA, SUSCEPTIBILITY TO, 2 (NBLST2). Phenotype ontologies: Aganglionic megacolon, Autosomal dominant inheritance, neuroblastoma, neuroblastoma, susceptibility to, 2, Haddad syndrome, central hypoventilation syndrome, congenital, 1, with or without Hirschsprung disease. HGVS Name(s): c.639C>A, c.639C>G, c.639C>T, p.Gly213=.",,,,,,,,
rs17881486,Variant,0.27798963,dbSNP,Not specified,o,type not specified;Co,n,"genital central hypoventilation;Haddad syndrome;Hereditary cancer-predisposing syndrome;NEUROBLASTOMA, SUSCEPTIBILITY TO, 2 (NBLST2). Phenotype ontologies: Aganglionic megacolon, Autosomal dominant inheritance, neuroblastoma, neuroblastoma, susceptibility to, 2, Haddad syndrome, central hypoventilation syndrome, congenital, 1, with or without Hirschsprung disease. HGVS Name(s): c.450C>A, c.450C>G, c.450C>T, p.Arg150=.",,,,,,,,
rs17882335,Variant,0.27798963,dbSNP,Not specified,o,type not specified;Co,n,"genital central hypoventilation;Haddad syndrome;Hereditary cancer-predisposing syndrome;NEUROBLASTOMA, SUSCEPTIBILITY TO, 2 (NBLST2);PHOX2B-related disorder. Phenotype ontologies: central hypoventilation syndrome, congenital, 1, with or without Hirschsprung disease, neuroblastoma, susceptibility to, 2, Haddad syndrome, neuroblastoma, Aganglionic megacolon, Autosomal dominant inheritance. HGVS Name(s): c.750G>A, c.750G>T, p.Ala250=.",,,,,,,,
rs17884724,Variant,0.27798963,dbSNP,Not specified,o,type not specified;Co,n,"genital central hypoventilation;Haddad syndrome;Hereditary cancer-predisposing syndrome;NEUROBLASTOMA, SUSCEPTIBILITY TO, 2 (NBLST2);PHOX2B-related disorder. Phenotype ontologies: neuroblastoma, susceptibility to, 2, Haddad syndrome, central hypoventilation syndrome, congenital, 1, with or without Hirschsprung disease, Aganglionic megacolon, Autosomal dominant inheritance, neuroblastoma. HGVS Name(s): c.762A>C, c.762A>G, p.Ala254=.",,,,,,,,
rs17885216,Variant,0.27798963,dbSNP,Not specified,o,type not specified;Co,n,"genital central hypoventilation;Haddad syndrome;Hereditary cancer-predisposing syndrome;NEUROBLASTOMA, SUSCEPTIBILITY TO, 2 (NBLST2). Phenotype ontologies: neuroblastoma, Autosomal dominant inheritance, Aganglionic megacolon, central hypoventilation syndrome, congenital, 1, with or without Hirschsprung disease, neuroblastoma, susceptibility to, 2, Haddad syndrome. HGVS Name(s): c.552C>T, p.Ser184=.",,,,,,,,
rs17885864,Variant,0.27798963,dbSNP,Bone mineral,d,ensity femoral neck;C,l,"inVar: phenotype not specified;Congenital central hypoventilation;Haddad syndrome;Hereditary cancer-predisposing syndrome;NEUROBLASTOMA, SUSCEPTIBILITY TO, 2 (NBLST2). Phenotype ontologies: neuroblastoma, Aganglionic megacolon, Autosomal dominant inheritance, central hypoventilation syndrome, congenital, 1, with or without Hirschsprung disease, neuroblastoma, susceptibility to, 2, Haddad syndrome. HGVS Name(s): c.870C>A, c.870C>G, c.870C>T, p.Pro290=.",,,,,,,,
rs180795407,Variant,0.27798963,dbSNP,Congenital ce,n,tral hypoventilation;,N,"EUROBLASTOMA, SUSCEPTIBILITY TO, 2 (NBLST2). Phenotype ontologies: Aganglionic megacolon, Autosomal dominant inheritance, neuroblastoma, susceptibility to, 2, central hypoventilation syndrome, congenital, 1, with or without Hirschsprung disease, neuroblastoma. HGVS Name(s): c.*1310G>T.",,,,,,,,
rs181454124,Variant,0.25321832,dbSNP,Neuroblastoma,.,Phenotype ontologies,:,"Failure to thrive, Typified by incomplete penetrance, Neoplasm of the nervous system, Sporadic, Weight loss, Anemia, Elevated urinary vanillylmandelic acid, Bone pain, neuroblastoma, Ataxia, Autosomal dominant inheritance, Abdominal pain, Fever, Abnormal thorax morphology, Diarrhea, Myoclonus, Neuroblastoma, Elevated urinary homovanillic acid, Skin nodule, Elevated urinary dopamine level, Hypertension, Spinal cord compression, obsolete Heterogeneous, Horner syndrome",.,"HGVS Name(s): c.*197C>A, c.*197C>T, c.*2012C>A, c.*2012C>T.",,,,,,
rs181820595,Variant,0.25321832,dbSNP,Not specified,o,type not specified;Ne,u,"roblastoma. Phenotype ontologies: Neuroblastoma, Elevated urinary homovanillic acid, Elevated urinary dopamine level, Skin nodule, obsolete Heterogeneous, Horner syndrome, Hypertension, Spinal cord compression, Abnormal thorax morphology, Diarrhea, Myoclonus, Bone pain, Ataxia, neuroblastoma, Elevated urinary vanillylmandelic acid, Autosomal dominant inheritance, Fever, Abdominal pain, Failure to thrive, Typified by incomplete penetrance, Sporadic, Anemia, Weight los",s,", Neoplasm of the nervous system. HGVS Name(s): c.-136C>G, c.-136C>T.",,,,,,
rs182518399,Variant,0.25321832,dbSNP,Neuroblastoma,.,Phenotype ontologies,:,"Neuroblastoma, Elevated urinary homovanillic acid, Skin nodule, Elevated urinary dopamine level, Hypertension, Spinal cord compression, Horner syndrome, obsolete Heterogeneous, Abnormal thorax morphology, Diarrhea, Myoclonus, Elevated urinary vanillylmandelic acid, Bone pain, neuroblastoma, Ataxia, Autosomal dominant inheritance, Fever, Abdominal pain, Failure to thrive, Typified by incomplete penetrance, Neoplasm of the nervous system, Sporadic, Weight loss, Anemia",.,"HGVS Name(s): c.*1117C>T, c.5367-635C>T.",,,,,,
rs182561050,Variant,0.000562459,dbSNP,Not specified,o,type not specified;NE,U,"ROBLASTOMA, SUSCEPTIBILITY TO, 3 (NBLST3). Phenotype ontologies: neuroblastoma, susceptibility to, 3. HGVS Name(s): c.*63A>G, c.1923-3767T>C.",,,,,,,,
rs183024732,Variant,0.000562459,dbSNP,Neuroblastoma,",","SUSCEPTIBILITY TO, 3",,"(NBLST3). Phenotype ontologies: neuroblastoma, susceptibility to, 3. HGVS Name(s): c.2041+15C>T.",,,,,,,,
rs184232081,Variant,0.25321832,dbSNP,Neuroblastoma,.,Phenotype ontologies,:,"Typified by incomplete penetrance, Failure to thrive, Neoplasm of the nervous system, Sporadic, Weight loss, Anemia, Elevated urinary vanillylmandelic acid, Ataxia, Bone pain, neuroblastoma, Fever, Abdominal pain, Autosomal dominant inheritance, Diarrhea, Abnormal thorax morphology, Myoclonus, Elevated urinary homovanillic acid, Neuroblastoma, Spinal cord compression, Hypertension, Horner syndrome, obsolete Heterogeneous, Skin nodule, Elevated urinary dopamine level",.,"HGVS Name(s): c.*1080G>A, c.*1080G>T, c.*2895G>A, c.*2895G>T.",,,,,,
rs184935521,Variant,0.25321832,dbSNP,Neuroblastoma,.,Phenotype ontologies,:,"Typified by incomplete penetrance, Failure to thrive, Neoplasm of the nervous system, Anemia, Sporadic, Weight loss, Elevated urinary vanillylmandelic acid, Bone pain, Ataxia, neuroblastoma, Fever, Abdominal pain, Autosomal dominant inheritance, Diarrhea, Abnormal thorax morphology, Myoclonus, Neuroblastoma, Elevated urinary homovanillic acid, Spinal cord compression, Hypertension, Horner syndrome, obsolete Heterogeneous, Skin nodule, Elevated urinary dopamine level",.,"HGVS Name(s): c.*2364A>G, c.*4179A>G.",,,,,,
rs185749715,Variant,0.25321832,dbSNP,Neuroblastoma,.,Phenotype ontologies,:,"Abnormal thorax morphology, Diarrhea, Myoclonus, Elevated urinary homovanillic acid, Neuroblastoma, Skin nodule, Elevated urinary dopamine level, Hypertension, Spinal cord compression, Horner syndrome, obsolete Heterogeneous, Failure to thrive, Typified by incomplete penetrance, Neoplasm of the nervous system, Weight loss, Sporadic, Anemia, Elevated urinary vanillylmandelic acid, neuroblastoma, Bone pain, Ataxia, Autosomal dominant inheritance, Abdominal pain, Fever",.,"HGVS Name(s): c.*2019C>T, c.*204C>T.",,,,,,
rs1858111,Variant,0.25321832,dbSNP,Motion sickne,s,s;Neuroblastoma. Phen,o,"type ontologies: Typified by incomplete penetrance, Anemia, Sporadic, Elevated urinary vanillylmandelic acid, Ataxia, neuroblastoma, Myoclonus, Elevated urinary homovanillic acid, Neuroblastoma, Horner syndrome, Skin nodule, Failure to thrive, Neoplasm of the nervous system, Weight loss, motion sickness, Bone pain, Fever, Abdominal pain, Autosomal dominant inheritance, Diarrhea, Abnormal thorax morphology, Spinal cord compression, Hypertension, obsolete Heterogeneous",",","Elevated urinary dopamine level. HGVS Name(s): n.307+85483G>A, n.307+85483G>C.",,,,,,
rs186778106,Variant,0.27798963,dbSNP,Congenital ce,n,tral hypoventilation;,N,"EUROBLASTOMA, SUSCEPTIBILITY TO, 2 (NBLST2). Phenotype ontologies: Autosomal dominant inheritance, Aganglionic megacolon, neuroblastoma, susceptibility to, 2, neuroblastoma, central hypoventilation syndrome, congenital, 1, with or without Hirschsprung disease. HGVS Name(s): c.*194C>A, c.*194C>G, c.*194C>T.",,,,,,,,
rs186895,Variant,0.25321832,dbSNP,Neuroblastoma,.,Phenotype ontologies,:,"Elevated urinary homovanillic acid, Neuroblastoma, Elevated urinary dopamine level, Skin nodule, obsolete Heterogeneous, Horner syndrome, Hypertension, Spinal cord compression, Diarrhea, Abnormal thorax morphology, Myoclonus, neuroblastoma, Bone pain, Ataxia, Elevated urinary vanillylmandelic acid, Autosomal dominant inheritance, Abdominal pain, Fever, Failure to thrive, Typified by incomplete penetrance, Anemia, Sporadic, Weight loss, Neoplasm of the nervous system",.,HGVS Name(s): c.4336-1291G>A.,,,,,,
rs187082038,Variant,0.25321832,dbSNP,Neuroblastoma,.,Phenotype ontologies,:,"Neoplasm of the nervous system, Weight loss, Sporadic, Anemia, Failure to thrive, Typified by incomplete penetrance, Autosomal dominant inheritance, Abdominal pain, Fever, Elevated urinary vanillylmandelic acid, Bone pain, neuroblastoma, Ataxia, Myoclonus, Diarrhea, Abnormal thorax morphology, Skin nodule, Elevated urinary dopamine level, Spinal cord compression, Hypertension, obsolete Heterogeneous, Horner syndrome, Neuroblastoma, Elevated urinary homovanillic acid",.,"HGVS Name(s): c.*1617A>G, c.*3432A>G.",,,,,,
rs188023546,Variant,0.27798963,dbSNP,Neuroblastoma,.,Phenotype ontologies,:,"Neoplasm of the nervous system, Sporadic, Weight loss, Anemia, Typified by incomplete penetrance, Failure to thrive, Fever, Abdominal pain, Autosomal dominant inheritance, Elevated urinary vanillylmandelic acid, Ataxia, Bone pain, neuroblastoma, Myoclonus, Diarrhea, Abnormal thorax morphology, Hypertension, Spinal cord compression, obsolete Heterogeneous, Horner syndrome, Skin nodule, Elevated urinary dopamine level, Elevated urinary homovanillic acid, Neuroblastoma",.,,,,,,,
rs1883628,Variant,0.27798963,dbSNP,Neuroblastoma,.,Phenotype ontologies,:,"Neuroblastoma, Elevated urinary homovanillic acid, Hypertension, Spinal cord compression, obsolete Heterogeneous, Horner syndrome, Skin nodule, Elevated urinary dopamine level, Diarrhea, Abnormal thorax morphology, Myoclonus, Elevated urinary vanillylmandelic acid, Bone pain, Ataxia, neuroblastoma, Fever, Abdominal pain, Autosomal dominant inheritance, Typified by incomplete penetrance, Failure to thrive, Neoplasm of the nervous system, Sporadic, Weight loss, Anemia",.,"HGVS Name(s): n.1690+1812C>T, n.390+41634G>A.",,,,,,
rs189075267,Variant,0.25321832,dbSNP,Neuroblastoma,.,Phenotype ontologies,:,"Autosomal dominant inheritance, Abdominal pain, Fever, Bone pain, Ataxia, neuroblastoma, Elevated urinary vanillylmandelic acid, Anemia, Sporadic, Weight loss, Neoplasm of the nervous system, Failure to thrive, Typified by incomplete penetrance, Elevated urinary dopamine level, Skin nodule, obsolete Heterogeneous, Horner syndrome, Hypertension, Spinal cord compression, Elevated urinary homovanillic acid, Neuroblastoma, Myoclonus, Abnormal thorax morphology, Diarrhea",.,"HGVS Name(s): c.*1049T>C, c.*1049T>G, c.5367-703T>C, c.5367-703T>G.",,,,,,
rs1892577,Variant,0.31848878,dbSNP,Neuroblastoma,.,Phenotype ontologies,:,"Myoclonus, Abnormal thorax morphology, Diarrhea, Skin nodule, Elevated urinary dopamine level, Spinal cord compression, Hypertension, obsolete Heterogeneous, Horner syndrome, Neuroblastoma, Elevated urinary homovanillic acid, Neoplasm of the nervous system, Weight loss, Sporadic, Anemia, Failure to thrive, Typified by incomplete penetrance, Autosomal dominant inheritance, Fever, Abdominal pain, Elevated urinary vanillylmandelic acid, Bone pain, Ataxia, neuroblastoma",.,,,,,,,
rs190108168,Variant,0.25321832,dbSNP,Charcot-Marie,-,Tooth disease type 2;,N,"euroblastoma;Pheochromocytoma. Phenotype ontologies: Bone pain, Autosomal dominant inheritance, Abdominal pain, Fever, Neoplasm of the nervous system, Congestive heart failure, Abnormality of the eye, Renal artery stenosis, obsolete Heterogeneous, Hypertension, Charcot-Marie-Tooth disease type 2, Abnormality of the nervous system, neuroblastoma, Skin nodule, Horner syndrome, Neoplasm, Cerebral hemorrhage, Hyperhidrosis, Abnormality of metabolism/homeostasis, adrenal",g,"land pheochromocytoma, Failure to thrive, Weight loss, Elevated urinary dopamine level, Abnormality of the endocrine system, Spinal cord compressio","n,",pheoc,hro,mo,cy,"toma, Diarrhea, Abnormal thorax morphology, Proteinuria, Ataxia, Abnormality of the genitourinary system, Elevated urinary vanillylmandelic acid, Cafe-au-lait spot, Abnormality of the cardiovascular system, Typified by incomplete penetrance, Hypercalcemia, Sporadic, Anemia, Hemangioma, Episodic hypertension, Elevated urinary homovanillic acid, Neuroblastoma, Pheochromocytoma, Tachycardia, Abnormality of blood and blood-forming tissues, Myoclonus. HGVS Name(s): c.*2032T>A, c.*217T>A."
rs190725532,Variant,0.25321832,dbSNP,Neuroblastoma,.,Phenotype ontologies,:,"Failure to thrive, Typified by incomplete penetrance, Sporadic, Weight loss, Anemia, Neoplasm of the nervous system, Ataxia, Bone pain, neuroblastoma, Elevated urinary vanillylmandelic acid, Autosomal dominant inheritance, Fever, Abdominal pain, Diarrhea, Abnormal thorax morphology, Myoclonus, Elevated urinary homovanillic acid, Neuroblastoma, Elevated urinary dopamine level, Skin nodule, obsolete Heterogeneous, Horner syndrome, Hypertension, Spinal cord compression",.,"HGVS Name(s): c.*2732G>C, c.*917G>C.",,,,,,
rs190973308,Variant,0.27798963,dbSNP,Not specified,o,type not specified;Ha,d,"dad syndrome;Hereditary cancer-predisposing syndrome;NEUROBLASTOMA, SUSCEPTIBILITY TO, 2 (NBLST2). Phenotype ontologies: central hypoventilation syndrome, congenital, 1, with or without Hirschsprung disease, Haddad syndrome, neuroblastoma, susceptibility to, 2, neuroblastoma, Aganglionic megacolon, Autosomal dominant inheritance. HGVS Name(s): c.642C>T, p.Gly214=.",,,,,,,,
rs1915304,Variant,0.25321832,dbSNP,Neuroblastoma,.,Phenotype ontologies,:,"Abdominal pain, Fever, Autosomal dominant inheritance, Ataxia, Bone pain, neuroblastoma, Elevated urinary vanillylmandelic acid, Weight loss, Sporadic, Anemia, Neoplasm of the nervous system, Typified by incomplete penetrance, Failure to thrive, Horner syndrome, obsolete Heterogeneous, Hypertension, Spinal cord compression, Elevated urinary dopamine level, Skin nodule, Elevated urinary homovanillic acid, Neuroblastoma, Myoclonus, Diarrhea, Abnormal thorax morphology",.,,,,,,,
rs1921246,Variant,0.25321832,dbSNP,Neuroblastoma,.,Phenotype ontologies,:,"Neuroblastoma, Elevated urinary homovanillic acid, Horner syndrome, obsolete Heterogeneous, Spinal cord compression, Hypertension, Elevated urinary dopamine level, Skin nodule, Abnormal thorax morphology, Diarrhea, Myoclonus, neuroblastoma, Bone pain, Ataxia, Elevated urinary vanillylmandelic acid, Abdominal pain, Fever, Autosomal dominant inheritance, Typified by incomplete penetrance, Failure to thrive, Anemia, Sporadic, Weight loss, Neoplasm of the nervous system",.,,,,,,,
rs192312673,Variant,0.25321832,dbSNP,Neuroblastoma,.,Phenotype ontologies,:,"Autosomal dominant inheritance, Abdominal pain, Fever, Elevated urinary vanillylmandelic acid, Bone pain, Ataxia, neuroblastoma, Neoplasm of the nervous system, Sporadic, Weight loss, Anemia, Failure to thrive, Typified by incomplete penetrance, Skin nodule, Elevated urinary dopamine level, Spinal cord compression, Hypertension, obsolete Heterogeneous, Horner syndrome, Neuroblastoma, Elevated urinary homovanillic acid, Myoclonus, Abnormal thorax morphology, Diarrhea",.,"HGVS Name(s): c.*2298C>T, c.*4113C>T.",,,,,,
rs1925035,Variant,0.25321832,dbSNP,Neuroblastoma,.,Phenotype ontologies,:,"Abnormal thorax morphology, Diarrhea, Myoclonus, Neuroblastoma, Elevated urinary homovanillic acid, Spinal cord compression, Hypertension, obsolete Heterogeneous, Horner syndrome, Skin nodule, Elevated urinary dopamine level, Typified by incomplete penetrance, Failure to thrive, Neoplasm of the nervous system, Weight loss, Sporadic, Anemia, Elevated urinary vanillylmandelic acid, Bone pain, Ataxia, neuroblastoma, Abdominal pain, Fever, Autosomal dominant inheritance",.,"HGVS Name(s): n.342-5921C>G, n.342-5921C>T.",,,,,,
rs192963286,Variant,0.25321832,dbSNP,Neuroblastoma,.,Phenotype ontologies,:,"Autosomal dominant inheritance, Fever, Abdominal pain, neuroblastoma, Bone pain, Ataxia, Elevated urinary vanillylmandelic acid, Weight loss, Sporadic, Anemia, Neoplasm of the nervous system, Failure to thrive, Typified by incomplete penetrance, Elevated urinary dopamine level, Skin nodule, Horner syndrome, obsolete Heterogeneous, Hypertension, Spinal cord compression, Neuroblastoma, Elevated urinary homovanillic acid, Myoclonus, Abnormal thorax morphology, Diarrhea",.,"HGVS Name(s): c.*1974C>T, c.*3789C>T.",,,,,,
rs1946295,Variant,0.31353796,dbSNP,Neuroblastoma,.,Phenotype ontologies,:,"Typified by incomplete penetrance, Failure to thrive, Neoplasm of the nervous system, Sporadic, Anemia, Weight loss, Elevated urinary vanillylmandelic acid, Ataxia, Bone pain, neuroblastoma, Abdominal pain, Fever, Autosomal dominant inheritance, Diarrhea, Abnormal thorax morphology, Myoclonus, Neuroblastoma, Elevated urinary homovanillic acid, Hypertension, Spinal cord compression, obsolete Heterogeneous, Horner syndrome, Skin nodule, Elevated urinary dopamine level",.,HGVS Name(s): c.982+1609T>C.,,,,,,
rs1952224,Variant,0.25321832,dbSNP,Neuroblastoma,.,Phenotype ontologies,:,"Myoclonus, Abnormal thorax morphology, Diarrhea, Spinal cord compression, Hypertension, obsolete Heterogeneous, Horner syndrome, Skin nodule, Elevated urinary dopamine level, Elevated urinary homovanillic acid, Neuroblastoma, Neoplasm of the nervous system, Anemia, Sporadic, Weight loss, Typified by incomplete penetrance, Failure to thrive, Fever, Abdominal pain, Autosomal dominant inheritance, Elevated urinary vanillylmandelic acid, Bone pain, neuroblastoma, Ataxia",.,HGVS Name(s): n.611-54122G>A.,,,,,,
rs196048,Variant,0.27798963,dbSNP,Neuroblastoma,.,Phenotype ontologies,:,"Abdominal pain, Fever, Autosomal dominant inheritance, Elevated urinary vanillylmandelic acid, Bone pain, neuroblastoma, Ataxia, Neoplasm of the nervous system, Weight loss, Sporadic, Anemia, Typified by incomplete penetrance, Failure to thrive, Hypertension, Spinal cord compression, obsolete Heterogeneous, Horner syndrome, Skin nodule, Elevated urinary dopamine level, Elevated urinary homovanillic acid, Neuroblastoma, Myoclonus, Abnormal thorax morphology, Diarrhea",.,"HGVS Name(s): n.1161-14615C>A, n.1161-14615C>T.",,,,,,
rs1989838,Variant,0.32279584,dbSNP,Neuroblastoma,.,Phenotype ontologies,:,"Hypertension, Spinal cord compression, obsolete Heterogeneous, Horner syndrome, Skin nodule, Elevated urinary dopamine level, Elevated urinary homovanillic acid, Neuroblastoma, Myoclonus, Diarrhea, Abnormal thorax morphology, Fever, Abdominal pain, Autosomal dominant inheritance, Elevated urinary vanillylmandelic acid, neuroblastoma, Bone pain, Ataxia, Neoplasm of the nervous system, Weight loss, Sporadic, Anemia, Typified by incomplete penetrance, Failure to thrive",.,,,,,,,
rs199703254,Variant,0.000562459,dbSNP,Neuroblastoma,",","SUSCEPTIBILITY TO, 3",,"(NBLST3). Phenotype ontologies: neuroblastoma, susceptibility to, 3. HGVS Name(s): c.833C>G, c.833C>T, p.Pro278Arg, p.Pro278Leu.",,,,,,,,
rs199940609,Variant,0.000562459,dbSNP,Not specified,o,type not specified;NE,U,"ROBLASTOMA, SUSCEPTIBILITY TO, 3 (NBLST3). Phenotype ontologies: neuroblastoma, susceptibility to, 3. HGVS Name(s): c.1923-3321C>T, c.4480G>A, p.Gly1494Arg.",,,,,,,,
rs199970780,Variant,0.000562459,dbSNP,Neuroblastoma,",","SUSCEPTIBILITY TO, 3",,"(NBLST3). Phenotype ontologies: neuroblastoma, susceptibility to, 3. HGVS Name(s): c.1351C>G, n.380+5885G>C, p.Leu451Val.",,,,,,,,
rs200255510,Variant,0.25321832,dbSNP,Charcot-Marie,-,Tooth disease type 2;,C,"linVar: phenotype not specified;Neuroblastoma. Phenotype ontologies: Myoclonus, Charcot-Marie-Tooth disease type 2, Diarrhea, Abnormal thorax morphology, Hypertension, Spinal cord compression, Horner syndrome, obsolete Heterogeneous, Skin nodule, Elevated urinary dopamine level, Neuroblastoma, Elevated urinary homovanillic acid, Neoplasm of the nervous system, Anemia, Sporadic, Weight loss, Typified by incomplete penetrance, Failure to thrive, Abdominal pain, Fever,",A,"utosomal dominant inheritance, Elevated urinary vanillylmandelic acid, Bone pain, neuroblastoma, Ataxia. HGVS Name(s): c.4627G>A, c.4669G>A, c.4732",G>,"A, p.A",la1,54,3T,"hr, p.Ala1557Thr, p.Ala1578Thr."
rs200256900,Variant,0.000562459,dbSNP,Hereditary cancer-predisposing syndrome,n,cer-predisposing synd,r,"ome;NEUROBLASTOMA, SUSCEPTIBILITY TO, 3 (NBLST3). Phenotype ontologies: neuroblastoma, susceptibility to, 3. HGVS Name(s): c.*631T>C, c.3978A>G, p.Gly1326=.",,,,,,,,
rs200364883,Variant,0.000562459,dbSNP,Neuroblastoma,",","SUSCEPTIBILITY TO, 3",,"(NBLST3). Phenotype ontologies: neuroblastoma, susceptibility to, 3. HGVS Name(s): c.1669C>G, c.1669C>T, p.Arg557Cys, p.Arg557Gly.",,,,,,,,
rs200463420,Variant,0.000562459,dbSNP,Not specified,o,type not specified;NE,U,"ROBLASTOMA, SUSCEPTIBILITY TO, 3 (NBLST3). Phenotype ontologies: neuroblastoma, susceptibility to, 3. HGVS Name(s): c.2816-9G>A.",,,,,,,,
rs200470260,Variant,0.25321832,dbSNP,Charcot-Marie,-,Tooth disease;Neurobl,a,"stoma. Phenotype ontologies: Diarrhea, Abnormal thorax morphology, Laryngomalacia, Kyphosis, Hemiplegia/hemiparesis, obsolete Heterogeneous, Spinal cord compression, Hypertension, Elevated urinary dopamine level, Gait disturbance, Failure to thrive, Abnormality of the voice, Scoliosis, Weight loss, Neoplasm of the nervous system, Bone pain, Abdominal pain, Fever, Autosomal dominant inheritance, Decreased nerve conduction velocity, Incoordination, Myoclonus, Charcot-M",a,"rie-Tooth disease, Neuroblastoma, Elevated urinary homovanillic acid, EMG abnormality, Horner syndrome, Reduced tendon reflexes, Skeletal muscle at",ro,"phy, S",kin,n,od,"ule, Typified by incomplete penetrance, Impaired pain sensation, Sporadic, Anemia, neuroblastoma, Ataxia, Elevated urinary vanillylmandelic acid. HGVS Name(s): c.3285-15A>T, c.3381-15A>T, c.3423-15A>T."
rs200561798,Variant,0.25321832,dbSNP,Charcot-Marie,-,Tooth disease;Charcot,-,"Marie-Tooth disease type 2;ClinVar: phenotype not specified;Neuroblastoma. Phenotype ontologies: Autosomal dominant inheritance, Fever, Abdominal pain, Bone pain, Neoplasm of the nervous system, Weight loss, Scoliosis, Abnormality of the voice, Failure to thrive, Gait disturbance, Elevated urinary dopamine level, Hypertension, Spinal cord compression, obsolete Heterogeneous, Hemiplegia/hemiparesis, Charcot-Marie-Tooth disease type 2, Kyphosis, Laryngomalacia, Diarrhe",a,", Abnormal thorax morphology, Elevated urinary vanillylmandelic acid, neuroblastoma, Ataxia, Anemia, Sporadic, Impaired pain sensation, Typified by",i,ncompl,ete,p,en,"etrance, Skin nodule, Skeletal muscle atrophy, Reduced tendon reflexes, Horner syndrome, EMG abnormality, Neuroblastoma, Elevated urinary homovanillic acid, Charcot-Marie-Tooth disease, Myoclonus, Incoordination, Decreased nerve conduction velocity. HGVS Name(s): c.4169T>C, c.4211T>C, c.4274T>C, p.Val1390Ala, p.Val1404Ala, p.Val1425Ala."
rs200832204,Variant,0.000562459,dbSNP,Neuroblastoma,",","SUSCEPTIBILITY TO, 3",,"(NBLST3). Phenotype ontologies: neuroblastoma, susceptibility to, 3. HGVS Name(s): c.3359+17C>A, c.3359+17C>T.",,,,,,,,
rs200835934,Variant,0.000562459,dbSNP,Neuroblastoma,",","SUSCEPTIBILITY TO, 3",,"(NBLST3). Phenotype ontologies: neuroblastoma, susceptibility to, 3. HGVS Name(s): c.2632+16C>T.",,,,,,,,
rs201136295,Variant,0.25321832,dbSNP,Not specified,o,type not specified;Ne,u,"roblastoma. Phenotype ontologies: neuroblastoma, Bone pain, Ataxia, Elevated urinary vanillylmandelic acid, Abdominal pain, Fever, Autosomal dominant inheritance, Typified by incomplete penetrance, Failure to thrive, Sporadic, Anemia, Weight loss, Neoplasm of the nervous system, Elevated urinary homovanillic acid, Neuroblastoma, obsolete Heterogeneous, Horner syndrome, Hypertension, Spinal cord compression, Elevated urinary dopamine level, Skin nodule, Diarrhea, Abno",r,"mal thorax morphology, Myoclonus. HGVS Name(s): c.*281T>C, c.*281T>G, c.5367-1471T>C, c.5367-1471T>G.",,,,,,
rs2011946,Variant,0.25321832,dbSNP,Neuroblastoma,.,Phenotype ontologies,:,"obsolete Heterogeneous, Horner syndrome, Hypertension, Spinal cord compression, Elevated urinary dopamine level, Skin nodule, Elevated urinary homovanillic acid, Neuroblastoma, Myoclonus, Diarrhea, Abnormal thorax morphology, Fever, Abdominal pain, Autosomal dominant inheritance, Bone pain, neuroblastoma, Ataxia, Elevated urinary vanillylmandelic acid, Weight loss, Sporadic, Anemia, Neoplasm of the nervous system, Typified by incomplete penetrance, Failure to thrive",.,HGVS Name(s): n.548-18102C>A.,,,,,,
rs201222888,Variant,0.000562459,dbSNP,Hereditary cancer-predisposing syndrome,n,cer-predisposing synd,r,"ome;NEUROBLASTOMA, SUSCEPTIBILITY TO, 3 (NBLST3). Phenotype ontologies: neuroblastoma, susceptibility to, 3. HGVS Name(s): c.2853T>C, p.Asp951=.",,,,,,,,
rs201224213,Variant,0.25321832,dbSNP,Charcot-Marie,-,Tooth disease type 2;,N,"euroblastoma. Phenotype ontologies: Skin nodule, Elevated urinary dopamine level, Hypertension, Spinal cord compression, obsolete Heterogeneous, Horner syndrome, Elevated urinary homovanillic acid, Neuroblastoma, Charcot-Marie-Tooth disease type 2, Myoclonus, Diarrhea, Abnormal thorax morphology, Autosomal dominant inheritance, Fever, Abdominal pain, Elevated urinary vanillylmandelic acid, Bone pain, neuroblastoma, Ataxia, Neoplasm of the nervous system, Sporadic, An",e,"mia, Weight loss, Failure to thrive, Typified by incomplete penetrance. HGVS Name(s): c.2991+11G>A, c.2991+11G>T, c.3087+11G>A, c.3087+11G>T, c.312",9+,"11G>A,",c.,31,29,+11G>T.
rs201268211,Variant,0.000562459,dbSNP,Hereditary cancer-predisposing syndrome,n,cer-predisposing synd,r,"ome;NEUROBLASTOMA, SUSCEPTIBILITY TO, 3 (NBLST3). Phenotype ontologies: neuroblastoma, susceptibility to, 3. HGVS Name(s): c.1851A>G, p.Gln617=.",,,,,,,,
rs201350160,Variant,0.000562459,dbSNP,Neuroblastoma,",","SUSCEPTIBILITY TO, 3",,"(NBLST3). Phenotype ontologies: neuroblastoma, susceptibility to, 3. HGVS Name(s): c.2632+17G>A.",,,,,,,,
rs201362502,Variant,0.32279584,dbSNP,Neuroblastoma,.,Phenotype ontologies,:,"Bone pain, Ataxia, neuroblastoma, Elevated urinary vanillylmandelic acid, Abdominal pain, Fever, Autosomal dominant inheritance, Typified by incomplete penetrance, Failure to thrive, Sporadic, Weight loss, Anemia, Neoplasm of the nervous system, Neuroblastoma, Elevated urinary homovanillic acid, obsolete Heterogeneous, Horner syndrome, Spinal cord compression, Hypertension, Elevated urinary dopamine level, Skin nodule, Diarrhea, Abnormal thorax morphology, Myoclonus",.,"HGVS Name(s): c.931T>A, c.931T>C, c.970T>A, c.970T>C, p.Leu311=, p.Leu311Met, p.Leu324=, p.Leu324Met.",,,,,,
rs201654270,Variant,0.27798963,dbSNP,Congenital ce,n,tral hypoventilation;,N,"euroblastoma. Phenotype ontologies: Elevated urinary vanillylmandelic acid, neuroblastoma, Ataxia, Sporadic, Anemia, central hypoventilation syndrome, congenital, 1, with or without Hirschsprung disease, Typified by incomplete penetrance, Horner syndrome, Skin nodule, Neuroblastoma, Elevated urinary homovanillic acid, Myoclonus, Abdominal pain, Fever, Autosomal dominant inheritance, Bone pain, Neoplasm of the nervous system, Weight loss, Failure to thrive, Spinal cor",d,"compression, Hypertension, obsolete Heterogeneous, Elevated urinary dopamine level, Diarrhea, Abnormal thorax morphology. HGVS Name(s): c.*549del,",c,.*550_,*54,9i,ns,A.
rs2017620,Variant,0.32279584,dbSNP,Neuroblastoma,.,Phenotype ontologies,:,"Neuroblastoma, Elevated urinary homovanillic acid, obsolete Heterogeneous, Horner syndrome, Spinal cord compression, Hypertension, Elevated urinary dopamine level, Skin nodule, Diarrhea, Abnormal thorax morphology, Myoclonus, neuroblastoma, Bone pain, Ataxia, Elevated urinary vanillylmandelic acid, Abdominal pain, Fever, Autosomal dominant inheritance, Typified by incomplete penetrance, Failure to thrive, Anemia, Sporadic, Weight loss, Neoplasm of the nervous system",.,HGVS Name(s): n.423+1200A>G.,,,,,,
rs204938,Variant,0.31353796,dbSNP,Neuroblastoma,.,Phenotype ontologies,:,"Diarrhea, Abnormal thorax morphology, Myoclonus, Elevated urinary homovanillic acid, Neuroblastoma, obsolete Heterogeneous, Horner syndrome, Hypertension, Spinal cord compression, Elevated urinary dopamine level, Skin nodule, Typified by incomplete penetrance, Failure to thrive, Anemia, Sporadic, Weight loss, Neoplasm of the nervous system, neuroblastoma, Bone pain, Ataxia, Elevated urinary vanillylmandelic acid, Fever, Abdominal pain, Autosomal dominant inheritance",.,"HGVS Name(s): c.-9+7022G>A, c.22+11777G>A, c.25+6688G>A.",,,,,,
rs2053710,Variant,0.25321832,dbSNP,Neuroblastoma,.,Phenotype ontologies,:,"Abnormal thorax morphology, Diarrhea, Myoclonus, Neuroblastoma, Elevated urinary homovanillic acid, Horner syndrome, obsolete Heterogeneous, Spinal cord compression, Hypertension, Elevated urinary dopamine level, Skin nodule, Typified by incomplete penetrance, Failure to thrive, Anemia, Sporadic, Weight loss, Neoplasm of the nervous system, Ataxia, Bone pain, neuroblastoma, Elevated urinary vanillylmandelic acid, Fever, Abdominal pain, Autosomal dominant inheritance",.,"HGVS Name(s): c.*343+463G>A, c.*343+463G>C, c.*343+463G>T, c.1269+463G>A, c.1269+463G>C, c.1269+463G>T, c.1677+463G>A, c.1677+463G>C, c.1677+463G>",T.,,,,,
rs2058804,Variant,0.31353796,dbSNP,HDL cholester,o,l x physical activity,,"interaction (2df test);High density lipoprotein cholesterol levels;High-density lipoprotein cholesterol;Neuroblastoma. Phenotype ontologies: Sporadic, Anemia, Typified by incomplete penetrance, Elevated urinary vanillylmandelic acid, neuroblastoma, Ataxia, Myoclonus, LDL cholesterol, Horner syndrome, Skin nodule, Elevated urinary homovanillic acid, Neuroblastoma, Neoplasm of the nervous system, Weight loss, Failure to thrive, Abdominal pain, Fever, Autosomal dominant",,"inheritance, Bone pain, high density lipoprotein cholesterol measurement, Abnormal thorax morphology, Diarrhea, Hypertension, Spinal cord compressi",on,", obso",let,e,He,"terogeneous, Elevated urinary dopamine level, physical activity. HGVS Name(s): c.4-1478T>C, c.4-1478T>G."
rs2059320,Variant,0.32279584,dbSNP,Neuroblastoma,.,Phenotype ontologies,:,"Myoclonus, Abnormal thorax morphology, Diarrhea, Skin nodule, Elevated urinary dopamine level, Hypertension, Spinal cord compression, Horner syndrome, obsolete Heterogeneous, Elevated urinary homovanillic acid, Neuroblastoma, Neoplasm of the nervous system, Sporadic, Weight loss, Anemia, Failure to thrive, Typified by incomplete penetrance, Autosomal dominant inheritance, Abdominal pain, Fever, Elevated urinary vanillylmandelic acid, Ataxia, Bone pain, neuroblastoma",.,"HGVS Name(s): c.-390-61373G>A, c.402-50023G>A.",,,,,,
rs2078786,Variant,0.31353796,dbSNP,Neuroblastoma,.,Phenotype ontologies,:,"Skin nodule, Elevated urinary dopamine level, Hypertension, Spinal cord compression, obsolete Heterogeneous, Horner syndrome, Neuroblastoma, Elevated urinary homovanillic acid, Myoclonus, Abnormal thorax morphology, Diarrhea, Autosomal dominant inheritance, Fever, Abdominal pain, Elevated urinary vanillylmandelic acid, neuroblastoma, Bone pain, Ataxia, Neoplasm of the nervous system, Sporadic, Weight loss, Anemia, Failure to thrive, Typified by incomplete penetrance",.,,,,,,,
rs2094596,Variant,0.27798963,dbSNP,Neuroblastoma,.,Phenotype ontologies,:,"Anemia, Sporadic, Weight loss, Neoplasm of the nervous system, Failure to thrive, Typified by incomplete penetrance, Autosomal dominant inheritance, Abdominal pain, Fever, Bone pain, neuroblastoma, Ataxia, Elevated urinary vanillylmandelic acid, Myoclonus, Abnormal thorax morphology, Diarrhea, Elevated urinary dopamine level, Skin nodule, Horner syndrome, obsolete Heterogeneous, Spinal cord compression, Hypertension, Elevated urinary homovanillic acid, Neuroblastoma",.,,,,,,,
rs2121283,Variant,0.25321832,dbSNP,Neuroblastoma,.,Phenotype ontologies,:,"Diarrhea, Abnormal thorax morphology, Myoclonus, Elevated urinary homovanillic acid, Neuroblastoma, Hypertension, Spinal cord compression, obsolete Heterogeneous, Horner syndrome, Skin nodule, Elevated urinary dopamine level, Typified by incomplete penetrance, Failure to thrive, Neoplasm of the nervous system, Sporadic, Weight loss, Anemia, Elevated urinary vanillylmandelic acid, neuroblastoma, Bone pain, Ataxia, Abdominal pain, Fever, Autosomal dominant inheritance",.,HGVS Name(s): n.610+2782C>T.,,,,,,
rs2148169485,Variant,0.000642801,dbSNP,Neuroblastoma,",","SUSCEPTIBILITY TO, 3",,"(NBLST3). Phenotype ontologies: neuroblastoma, susceptibility to, 3. HGVS Name(s): c.3360-12del.",,,,,,,,
rs2148214942,Variant,0.000642801,dbSNP,Neuroblastoma,",","SUSCEPTIBILITY TO, 3",,"(NBLST3). Phenotype ontologies: neuroblastoma, susceptibility to, 3. HGVS Name(s): c.2041+9del.",,,,,,,,
rs2153112760,Variant,0.27798963,dbSNP,Haddad syndro,m,e;Hereditary cancer-p,r,"edisposing syndrome;NEUROBLASTOMA, SUSCEPTIBILITY TO, 2 (NBLST2). Phenotype ontologies: Aganglionic megacolon, Autosomal dominant inheritance, neuroblastoma, neuroblastoma, susceptibility to, 2, Haddad syndrome, central hypoventilation syndrome, congenital, 1, with or without Hirschsprung disease. HGVS Name(s): c.770C>T, p.Ala257Val.",,,,,,,,
rs2153113036,Variant,0.27798963,dbSNP,Haddad syndro,m,"e;NEUROBLASTOMA, SUSC",E,"PTIBILITY TO, 2 (NBLST2);PHOX2B-related disorder. Phenotype ontologies: Aganglionic megacolon, Autosomal dominant inheritance, neuroblastoma, neuroblastoma, susceptibility to, 2, Haddad syndrome, central hypoventilation syndrome, congenital, 1, with or without Hirschsprung disease. HGVS Name(s): c.241+1G>A, n.24C>T.",,,,,,,,
rs2153113080,Variant,0.27798963,dbSNP,Haddad syndro,m,"e;NEUROBLASTOMA, SUSC",E,"PTIBILITY TO, 2 (NBLST2). Phenotype ontologies: central hypoventilation syndrome, congenital, 1, with or without Hirschsprung disease, Haddad syndrome, neuroblastoma, susceptibility to, 2, neuroblastoma, Aganglionic megacolon, Autosomal dominant inheritance. HGVS Name(s): c.26T>A, n.240A>T, p.Leu9His.",,,,,,,,
rs2153977,Variant,0.25321832,dbSNP,Glucose;Neuro,b,lastoma or malignant,c,"utaneous melanoma;Type 1 diabetes and autoimmune thyroid diseases. Phenotype ontologies: obsolete_type I diabetes mellitus, type 1 diabetes mellitus, cutaneous melanoma, autoimmune thyroid disease, neuroblastoma. HGVS Name(s): c.317-12066C>A, c.317-12066C>G, c.317-12066C>T.",,,,,,,,
rs2164210,Variant,0.25321832,dbSNP,Neuroblastoma,;,Plasmacytoid Dendriti,c,"Cell Absolute Count. Phenotype ontologies: Horner syndrome, obsolete Heterogeneous, Hypertension, Spinal cord compression, Elevated urinary dopamine level, Skin nodule, Elevated urinary homovanillic acid, Neuroblastoma, Myoclonus, Diarrhea, Abnormal thorax morphology, leukocyte count, Abdominal pain, Fever, Autosomal dominant inheritance, neuroblastoma, Bone pain, Ataxia, Elevated urinary vanillylmandelic acid, Sporadic, Weight loss, Anemia, Neoplasm of the nervous",s,"ystem, Typified by incomplete penetrance, Failure to thrive. HGVS Name(s): c.908-619A>G, c.908-619A>T, n.400+2078T>A, n.400+2078T>C.",,,,,,
rs2168101,Variant,0.31353796,dbSNP,2-aminobutyra,t,e levels;Alanine leve,l,"s;Alanine levels UKB data field 23460;Body size confirmatory factor analysis Factor 21;Fasting Glucose;Glucose levels;Glutamine levels;Glutamine levels UKB data field 23461;Glycine levels;Height;Hemoglobin A1(C) levels;Histidine levels;LIM DOMAIN ONLY-1 POLYMORPHISM;Neuroblastoma, susceptibility to, 7;Offspring birth weight;Placental weight maternal genotype, adjusted for sex;Placental weight maternal genotype, adjusted for sex and gestational age;Random glucose leve",l,"s;Serum albumin levels;Sporadic neuroblastoma;Tyrosine levels. Phenotype ontologies: body height, serum albumin measurement, glucose measurement, H",bA,1c mea,sur,em,en,"t, fasting blood glucose measurement, neuroblastoma, body weights and measures, hemoglobin A1 measurement, birth weight. HGVS Name(s): c.-8-3357G>T, c.23-3357G>T, c.26-3357G>T."
rs2178907,Variant,0.31848878,dbSNP,Neuroblastoma,.,Phenotype ontologies,:,"Elevated urinary vanillylmandelic acid, Ataxia, Bone pain, neuroblastoma, Abdominal pain, Fever, Autosomal dominant inheritance, Typified by incomplete penetrance, Failure to thrive, Neoplasm of the nervous system, Sporadic, Weight loss, Anemia, Neuroblastoma, Elevated urinary homovanillic acid, Hypertension, Spinal cord compression, obsolete Heterogeneous, Horner syndrome, Skin nodule, Elevated urinary dopamine level, Diarrhea, Abnormal thorax morphology, Myoclonus",.,HGVS Name(s): n.2336+3223G>A.,,,,,,
rs218626,Variant,0.31848878,dbSNP,Neuroblastoma,.,Phenotype ontologies,:,"Diarrhea, Abnormal thorax morphology, Myoclonus, Neuroblastoma, Elevated urinary homovanillic acid, obsolete Heterogeneous, Horner syndrome, Spinal cord compression, Hypertension, Elevated urinary dopamine level, Skin nodule, Typified by incomplete penetrance, Failure to thrive, Weight loss, Sporadic, Anemia, Neoplasm of the nervous system, neuroblastoma, Bone pain, Ataxia, Elevated urinary vanillylmandelic acid, Abdominal pain, Fever, Autosomal dominant inheritance",.,,,,,,,
rs2209761,Variant,0.31848878,dbSNP,Neuroblastoma,.,Phenotype ontologies,:,"Ataxia, Bone pain, neuroblastoma, Elevated urinary vanillylmandelic acid, Abdominal pain, Fever, Autosomal dominant inheritance, Typified by incomplete penetrance, Failure to thrive, Sporadic, Anemia, Weight loss, Neoplasm of the nervous system, Elevated urinary homovanillic acid, Neuroblastoma, Horner syndrome, obsolete Heterogeneous, Hypertension, Spinal cord compression, Elevated urinary dopamine level, Skin nodule, Diarrhea, Abnormal thorax morphology, Myoclonus",.,,,,,,,
rs2224536,Variant,0.31848878,dbSNP,Neuroblastoma,.,Phenotype ontologies,:,"Neuroblastoma, Elevated urinary homovanillic acid, Horner syndrome, obsolete Heterogeneous, Hypertension, Spinal cord compression, Elevated urinary dopamine level, Skin nodule, Diarrhea, Abnormal thorax morphology, Myoclonus, Bone pain, Ataxia, neuroblastoma, Elevated urinary vanillylmandelic acid, Fever, Abdominal pain, Autosomal dominant inheritance, Typified by incomplete penetrance, Failure to thrive, Sporadic, Weight loss, Anemia, Neoplasm of the nervous system",.,HGVS Name(s): n.309-7103C>T.,,,,,,
rs2236891,Variant,0.25321832,dbSNP,Neuroblastoma,.,Phenotype ontologies,:,"Elevated urinary homovanillic acid, Neuroblastoma, Elevated urinary dopamine level, Skin nodule, obsolete Heterogeneous, Horner syndrome, Hypertension, Spinal cord compression, Diarrhea, Abnormal thorax morphology, Myoclonus, Bone pain, neuroblastoma, Ataxia, Elevated urinary vanillylmandelic acid, Autosomal dominant inheritance, Abdominal pain, Fever, Failure to thrive, Typified by incomplete penetrance, Anemia, Sporadic, Weight loss, Neoplasm of the nervous system",.,"HGVS Name(s): c.823-419A>C, c.823-419A>G.",,,,,,
rs2256432,Variant,0.32279584,dbSNP,Neuroblastoma,.,Phenotype ontologies,:,"Neoplasm of the nervous system, Sporadic, Weight loss, Anemia, Typified by incomplete penetrance, Failure to thrive, Abdominal pain, Fever, Autosomal dominant inheritance, Elevated urinary vanillylmandelic acid, Ataxia, Bone pain, neuroblastoma, Myoclonus, Diarrhea, Abnormal thorax morphology, Spinal cord compression, Hypertension, Horner syndrome, obsolete Heterogeneous, Skin nodule, Elevated urinary dopamine level, Neuroblastoma, Elevated urinary homovanillic acid",.,HGVS Name(s): n.631-76G>A.,,,,,,
rs2268225,Variant,0.31848878,dbSNP,Neuroblastoma,.,Phenotype ontologies,:,"Horner syndrome, obsolete Heterogeneous, Hypertension, Spinal cord compression, Elevated urinary dopamine level, Skin nodule, Elevated urinary homovanillic acid, Neuroblastoma, Myoclonus, Diarrhea, Abnormal thorax morphology, Abdominal pain, Fever, Autosomal dominant inheritance, Ataxia, Bone pain, neuroblastoma, Elevated urinary vanillylmandelic acid, Anemia, Sporadic, Weight loss, Neoplasm of the nervous system, Typified by incomplete penetrance, Failure to thrive",.,HGVS Name(s): c.-188-17580A>G.,,,,,,
rs2279927,Variant,0.32279584,dbSNP,Neuroblastoma,.,Phenotype ontologies,:,"Diarrhea, Abnormal thorax morphology, Myoclonus, Elevated urinary homovanillic acid, Neuroblastoma, Hypertension, Spinal cord compression, obsolete Heterogeneous, Horner syndrome, Skin nodule, Elevated urinary dopamine level, Typified by incomplete penetrance, Failure to thrive, Neoplasm of the nervous system, Weight loss, Sporadic, Anemia, Elevated urinary vanillylmandelic acid, Ataxia, Bone pain, neuroblastoma, Fever, Abdominal pain, Autosomal dominant inheritance",.,HGVS Name(s): c.1570+172A>G.,,,,,,
rs2297881,Variant,0.25321832,dbSNP,Charcot-Marie,-,Tooth disease;Charcot,-,"Marie-Tooth disease type 2;Charcot-Marie-Tooth disease type 2A1;ClinVar: phenotype not specified;Neuroblastoma. Phenotype ontologies: Myoclonus, Decreased nerve conduction velocity, Incoordination, Skeletal muscle atrophy, Skin nodule, Horner syndrome, Reduced tendon reflexes, EMG abnormality, Charcot-Marie-Tooth disease, Elevated urinary homovanillic acid, Neuroblastoma, Sporadic, Anemia, Impaired pain sensation, Typified by incomplete penetrance, neuroblastoma, Ata",x,"ia, Elevated urinary vanillylmandelic acid, Charcot-Marie-Tooth disease type 2, Laryngomalacia, Kyphosis, Abnormal thorax morphology, Diarrhea, Ele",va,ted ur,ina,ry,d,"opamine level, obsolete Heterogeneous, Spinal cord compression, Hypertension, Hemiplegia/hemiparesis, Weight loss, Scoliosis, Neoplasm of the nervous system, Abnormality of the voice, Failure to thrive, Charcot-Marie-Tooth disease type 2A1, Gait disturbance, Autosomal dominant inheritance, Abdominal pain, Fever, Bone pain. HGVS Name(s): c.3260A>G, c.3356A>G, c.3398A>G, p.Tyr1087Cys, p.Tyr1119Cys, p.Tyr1133Cys."
rs2340388,Variant,0.25321832,dbSNP,Neuroblastoma,.,Phenotype ontologies,:,"Neuroblastoma, Elevated urinary homovanillic acid, Elevated urinary dopamine level, Skin nodule, Horner syndrome, obsolete Heterogeneous, Spinal cord compression, Hypertension, Diarrhea, Abnormal thorax morphology, Myoclonus, Ataxia, Bone pain, neuroblastoma, Elevated urinary vanillylmandelic acid, Autosomal dominant inheritance, Abdominal pain, Fever, Failure to thrive, Typified by incomplete penetrance, Anemia, Sporadic, Weight loss, Neoplasm of the nervous system",.,,,,,,,
rs2401711,Variant,0.31353796,dbSNP,Neuroblastoma,.,Phenotype ontologies,:,"Hypertension, Spinal cord compression, obsolete Heterogeneous, Horner syndrome, Skin nodule, Elevated urinary dopamine level, Elevated urinary homovanillic acid, Neuroblastoma, Myoclonus, Abnormal thorax morphology, Diarrhea, Abdominal pain, Fever, Autosomal dominant inheritance, Elevated urinary vanillylmandelic acid, Bone pain, Ataxia, neuroblastoma, Neoplasm of the nervous system, Weight loss, Sporadic, Anemia, Typified by incomplete penetrance, Failure to thrive",.,"HGVS Name(s): n.230+8631C>A, n.230+8631C>G, n.230+8631C>T.",,,,,,
rs2415603,Variant,0.31353796,dbSNP,Neuroblastoma,.,Phenotype ontologies,:,"Abnormal thorax morphology, Diarrhea, Myoclonus, Elevated urinary homovanillic acid, Neuroblastoma, Elevated urinary dopamine level, Skin nodule, obsolete Heterogeneous, Horner syndrome, Spinal cord compression, Hypertension, Failure to thrive, Typified by incomplete penetrance, Sporadic, Anemia, Weight loss, Neoplasm of the nervous system, neuroblastoma, Bone pain, Ataxia, Elevated urinary vanillylmandelic acid, Autosomal dominant inheritance, Abdominal pain, Fever",.,,,,,,,
rs2425226,Variant,0.31848878,dbSNP,Neuroblastoma,,or malignant cutaneou,s,"melanoma. Phenotype ontologies: neuroblastoma, cutaneous melanoma. HGVS Name(s): c.-73+10009A>C, c.-73+10009A>G, c.-73+10009A>T.",,,,,,,,
rs245852,Variant,0.27798963,dbSNP,Neuroblastoma,.,Phenotype ontologies,:,"Myoclonus, Abnormal thorax morphology, Diarrhea, Spinal cord compression, Hypertension, obsolete Heterogeneous, Horner syndrome, Skin nodule, Elevated urinary dopamine level, Elevated urinary homovanillic acid, Neuroblastoma, Neoplasm of the nervous system, Sporadic, Anemia, Weight loss, Typified by incomplete penetrance, Failure to thrive, Abdominal pain, Fever, Autosomal dominant inheritance, Elevated urinary vanillylmandelic acid, Bone pain, Ataxia, neuroblastoma",.,"HGVS Name(s): c.1036+699A>C, c.1036+699A>G, c.1036+699A>T, c.1144+699A>C, c.1144+699A>G, c.1144+699A>T.",,,,,,
rs2480775,Variant,0.25321832,dbSNP,Neuroblastoma,.,Phenotype ontologies,:,"Diarrhea, Abnormal thorax morphology, Myoclonus, Neuroblastoma, Elevated urinary homovanillic acid, Elevated urinary dopamine level, Skin nodule, Horner syndrome, obsolete Heterogeneous, Spinal cord compression, Hypertension, Failure to thrive, Typified by incomplete penetrance, Anemia, Sporadic, Weight loss, Neoplasm of the nervous system, neuroblastoma, Bone pain, Ataxia, Elevated urinary vanillylmandelic acid, Autosomal dominant inheritance, Abdominal pain, Fever",.,HGVS Name(s): c.169+10642G>T.,,,,,,
rs2591643,Variant,0.31848878,dbSNP,Neuroblastoma,,or malignant cutaneou,s,"melanoma. Phenotype ontologies: cutaneous melanoma, neuroblastoma. HGVS Name(s): c.-144-50416T>C, c.-144-50416T>G, c.-45+60056T>C, c.-45+60056T>G.",,,,,,,,
rs2592232,Variant,0.25321832,dbSNP,Neuroblastoma,.,Phenotype ontologies,:,"Elevated urinary vanillylmandelic acid, neuroblastoma, Bone pain, Ataxia, Autosomal dominant inheritance, Abdominal pain, Fever, Failure to thrive, Typified by incomplete penetrance, Neoplasm of the nervous system, Anemia, Sporadic, Weight loss, Neuroblastoma, Elevated urinary homovanillic acid, Skin nodule, Elevated urinary dopamine level, Spinal cord compression, Hypertension, obsolete Heterogeneous, Horner syndrome, Diarrhea, Abnormal thorax morphology, Myoclonus",.,"HGVS Name(s): n.610+18195G>A, n.610+18195G>C, n.610+18195G>T.",,,,,,
rs2619046,Variant,0.27798963,dbSNP,Neuroblastoma,.,Phenotype ontologies,:,"Autosomal dominant inheritance, Fever, Abdominal pain, Bone pain, neuroblastoma, Ataxia, Elevated urinary vanillylmandelic acid, Sporadic, Anemia, Weight loss, Neoplasm of the nervous system, Failure to thrive, Typified by incomplete penetrance, Elevated urinary dopamine level, Skin nodule, Horner syndrome, obsolete Heterogeneous, Hypertension, Spinal cord compression, Elevated urinary homovanillic acid, Neuroblastoma, Myoclonus, Diarrhea, Abnormal thorax morphology",.,"HGVS Name(s): c.1513+3135G>A, c.1513+3135G>T, c.1555+3135G>A, c.1555+3135G>T, c.1615+3135G>A, c.1615+3135G>T.",,,,,,
rs2710638,Variant,0.25321832,dbSNP,Neuroblastoma,;,Risk-taking behavior,m,"ultivariate analysis. Phenotype ontologies: Neuroblastoma, Elevated urinary homovanillic acid, Skin nodule, Elevated urinary dopamine level, Spinal cord compression, Hypertension, Horner syndrome, obsolete Heterogeneous, Abnormal thorax morphology, Diarrhea, Myoclonus, Elevated urinary vanillylmandelic acid, Bone pain, neuroblastoma, Ataxia, Autosomal dominant inheritance, Fever, Abdominal pain, Failure to thrive, Typified by incomplete penetrance, Neoplasm of the ne",r,"vous system, Sporadic, Anemia, Weight loss. HGVS Name(s): c.1185+21947A>C, c.1185+21947A>G.",,,,,,
rs2733332,Variant,0.31353796,dbSNP,Neuroblastoma,.,Phenotype ontologies,:,"Typified by incomplete penetrance, Failure to thrive, Anemia, Sporadic, Weight loss, Neoplasm of the nervous system, Bone pain, neuroblastoma, Ataxia, Elevated urinary vanillylmandelic acid, Fever, Abdominal pain, Autosomal dominant inheritance, Abnormal thorax morphology, Diarrhea, Myoclonus, Neuroblastoma, Elevated urinary homovanillic acid, Horner syndrome, obsolete Heterogeneous, Spinal cord compression, Hypertension, Elevated urinary dopamine level, Skin nodule",.,HGVS Name(s): c.325+4260C>T.,,,,,,
rs2745636,Variant,0.27798963,dbSNP,Neuroblastoma,.,Phenotype ontologies,:,"Bone pain, neuroblastoma, Ataxia, Elevated urinary vanillylmandelic acid, Fever, Abdominal pain, Autosomal dominant inheritance, Typified by incomplete penetrance, Failure to thrive, Anemia, Sporadic, Weight loss, Neoplasm of the nervous system, Elevated urinary homovanillic acid, Neuroblastoma, Horner syndrome, obsolete Heterogeneous, Hypertension, Spinal cord compression, Elevated urinary dopamine level, Skin nodule, Diarrhea, Abnormal thorax morphology, Myoclonus",.,HGVS Name(s): n.226-29876C>A.,,,,,,
rs281864719,Variant,0.25321832,dbSNP,Neuroblastoma,;,"NEUROBLASTOMA, SUSCEP",T,"IBILITY TO, 3 (NBLST3). Phenotype ontologies: Myoclonus, Skin nodule, Horner syndrome, Elevated urinary homovanillic acid, Neuroblastoma, Anemia, Sporadic, Typified by incomplete penetrance, Ataxia, neuroblastoma, Elevated urinary vanillylmandelic acid, Diarrhea, Abnormal thorax morphology, Elevated urinary dopamine level, obsolete Heterogeneous, Hypertension, Spinal cord compression, Weight loss, Neoplasm of the nervous system, Failure to thrive, neuroblastoma, susc",e,"ptibility to, 3, Autosomal dominant inheritance, Abdominal pain, Fever, Bone pain. HGVS Name(s): c.3520T>A, c.3520T>C, c.3520T>G, p.Phe1174Ile, p.P",he,1174Le,"u,",p.,Ph,e1174Val.
rs281864720,Variant,0.25321832,dbSNP,Neuroblastoma,;,"NEUROBLASTOMA, SUSCEP",T,"IBILITY TO, 3 (NBLST3). Phenotype ontologies: Diarrhea, Abnormal thorax morphology, Hypertension, Spinal cord compression, obsolete Heterogeneous, Elevated urinary dopamine level, Neoplasm of the nervous system, Weight loss, neuroblastoma, susceptibility to, 3, Failure to thrive, Abdominal pain, Fever, Autosomal dominant inheritance, Bone pain, Myoclonus, Horner syndrome, Skin nodule, Neuroblastoma, Elevated urinary homovanillic acid, Sporadic, Anemia, Typified by in",c,"omplete penetrance, Elevated urinary vanillylmandelic acid, Ataxia, neuroblastoma. HGVS Name(s): c.3733T>A, c.3733T>C, c.3733T>G, p.Phe1245Ile, p.P",he,1245Le,"u,",p.,Ph,e1245Val.
rs2822524,Variant,0.31848878,dbSNP,Neuroblastoma,.,Phenotype ontologies,:,"Diarrhea, Abnormal thorax morphology, Myoclonus, Neuroblastoma, Elevated urinary homovanillic acid, Skin nodule, Elevated urinary dopamine level, Spinal cord compression, Hypertension, Horner syndrome, obsolete Heterogeneous, Failure to thrive, Typified by incomplete penetrance, Neoplasm of the nervous system, Weight loss, Sporadic, Anemia, Elevated urinary vanillylmandelic acid, Ataxia, Bone pain, neuroblastoma, Autosomal dominant inheritance, Abdominal pain, Fever",.,"HGVS Name(s): n.359+2007G>A, n.359+2007G>T, n.66+2007G>A, n.66+2007G>T.",,,,,,
rs2822556,Variant,0.31848878,dbSNP,Neuroblastoma,.,Phenotype ontologies,:,"Abnormal thorax morphology, Diarrhea, Myoclonus, Neuroblastoma, Elevated urinary homovanillic acid, Horner syndrome, obsolete Heterogeneous, Hypertension, Spinal cord compression, Elevated urinary dopamine level, Skin nodule, Typified by incomplete penetrance, Failure to thrive, Weight loss, Sporadic, Anemia, Neoplasm of the nervous system, Bone pain, Ataxia, neuroblastoma, Elevated urinary vanillylmandelic acid, Fever, Abdominal pain, Autosomal dominant inheritance",.,"HGVS Name(s): n.598-3375T>C, n.890+4316T>C.",,,,,,
rs2822612,Variant,0.31848878,dbSNP,Neuroblastoma,.,Phenotype ontologies,:,"Fever, Abdominal pain, Autosomal dominant inheritance, Bone pain, Ataxia, neuroblastoma, Elevated urinary vanillylmandelic acid, Sporadic, Weight loss, Anemia, Neoplasm of the nervous system, Typified by incomplete penetrance, Failure to thrive, obsolete Heterogeneous, Horner syndrome, Spinal cord compression, Hypertension, Elevated urinary dopamine level, Skin nodule, Neuroblastoma, Elevated urinary homovanillic acid, Myoclonus, Diarrhea, Abnormal thorax morphology",.,HGVS Name(s): n.2558A>G.,,,,,,
rs2829156,Variant,0.31848878,dbSNP,Neuroblastoma,.,Phenotype ontologies,:,"Neoplasm of the nervous system, Weight loss, Sporadic, Anemia, Failure to thrive, Typified by incomplete penetrance, Autosomal dominant inheritance, Abdominal pain, Fever, Elevated urinary vanillylmandelic acid, neuroblastoma, Bone pain, Ataxia, Myoclonus, Diarrhea, Abnormal thorax morphology, Skin nodule, Elevated urinary dopamine level, Spinal cord compression, Hypertension, obsolete Heterogeneous, Horner syndrome, Elevated urinary homovanillic acid, Neuroblastoma",.,,,,,,,
rs2830495,Variant,0.31848878,dbSNP,Neuroblastoma,.,Phenotype ontologies,:,"Bone pain, neuroblastoma, Ataxia, Elevated urinary vanillylmandelic acid, Autosomal dominant inheritance, Fever, Abdominal pain, Failure to thrive, Typified by incomplete penetrance, Anemia, Sporadic, Weight loss, Neoplasm of the nervous system, Neuroblastoma, Elevated urinary homovanillic acid, Elevated urinary dopamine level, Skin nodule, Horner syndrome, obsolete Heterogeneous, Spinal cord compression, Hypertension, Diarrhea, Abnormal thorax morphology, Myoclonus",.,,,,,,,
rs2835340,Variant,0.31848878,dbSNP,Neuroblastoma,.,Phenotype ontologies,:,"Abdominal pain, Fever, Autosomal dominant inheritance, Bone pain, neuroblastoma, Ataxia, Elevated urinary vanillylmandelic acid, Sporadic, Anemia, Weight loss, Neoplasm of the nervous system, Typified by incomplete penetrance, Failure to thrive, obsolete Heterogeneous, Horner syndrome, Hypertension, Spinal cord compression, Elevated urinary dopamine level, Skin nodule, Elevated urinary homovanillic acid, Neuroblastoma, Myoclonus, Diarrhea, Abnormal thorax morphology",.,"HGVS Name(s): c.1406+507T>C, n.136T>C.",,,,,,
rs28429419,Variant,0.31353796,dbSNP,Neuroblastoma,.,Phenotype ontologies,:,"Abnormal thorax morphology, Diarrhea, Myoclonus, Neuroblastoma, Elevated urinary homovanillic acid, Skin nodule, Elevated urinary dopamine level, Hypertension, Spinal cord compression, Horner syndrome, obsolete Heterogeneous, Failure to thrive, Typified by incomplete penetrance, Neoplasm of the nervous system, Weight loss, Sporadic, Anemia, Elevated urinary vanillylmandelic acid, Bone pain, neuroblastoma, Ataxia, Autosomal dominant inheritance, Abdominal pain, Fever",.,,,,,,,
rs2847347,Variant,0.25321832,dbSNP,Neuroblastoma,.,Phenotype ontologies,:,"Sporadic, Weight loss, Anemia, Neoplasm of the nervous system, Typified by incomplete penetrance, Failure to thrive, Abdominal pain, Fever, Autosomal dominant inheritance, Bone pain, Ataxia, neuroblastoma, Elevated urinary vanillylmandelic acid, Myoclonus, Abnormal thorax morphology, Diarrhea, obsolete Heterogeneous, Horner syndrome, Hypertension, Spinal cord compression, Elevated urinary dopamine level, Skin nodule, Elevated urinary homovanillic acid, Neuroblastoma",.,"HGVS Name(s): c.*1361A>T, c.5367-391A>T.",,,,,,
rs28478925,Variant,0.31848878,dbSNP,Neuroblastoma,.,Phenotype ontologies,:,"Neoplasm of the nervous system, Sporadic, Weight loss, Anemia, Failure to thrive, Typified by incomplete penetrance, Autosomal dominant inheritance, Abdominal pain, Fever, Elevated urinary vanillylmandelic acid, Ataxia, Bone pain, neuroblastoma, Myoclonus, Abnormal thorax morphology, Diarrhea, Skin nodule, Elevated urinary dopamine level, Spinal cord compression, Hypertension, Horner syndrome, obsolete Heterogeneous, Elevated urinary homovanillic acid, Neuroblastoma",.,"HGVS Name(s): c.1190-335C>A, c.1223-335C>A, n.68+47096G>T.",,,,,,
rs28547994,Variant,0.27798963,dbSNP,Neuroblastoma,.,Phenotype ontologies,:,"Myoclonus, Abnormal thorax morphology, Diarrhea, Skin nodule, Elevated urinary dopamine level, Spinal cord compression, Hypertension, Horner syndrome, obsolete Heterogeneous, Elevated urinary homovanillic acid, Neuroblastoma, Neoplasm of the nervous system, Anemia, Sporadic, Weight loss, Failure to thrive, Typified by incomplete penetrance, Autosomal dominant inheritance, Fever, Abdominal pain, Elevated urinary vanillylmandelic acid, neuroblastoma, Bone pain, Ataxia",.,"HGVS Name(s): c.140-72064C>A, c.140-72064C>T, c.712+4329C>A, c.712+4329C>T.",,,,,,
rs2885663,Variant,0.25321832,dbSNP,Neuroblastoma,.,Phenotype ontologies,:,"Skin nodule, Elevated urinary dopamine level, Spinal cord compression, Hypertension, obsolete Heterogeneous, Horner syndrome, Elevated urinary homovanillic acid, Neuroblastoma, Myoclonus, Abnormal thorax morphology, Diarrhea, Autosomal dominant inheritance, Abdominal pain, Fever, Elevated urinary vanillylmandelic acid, Ataxia, Bone pain, neuroblastoma, Neoplasm of the nervous system, Sporadic, Anemia, Weight loss, Failure to thrive, Typified by incomplete penetrance",.,"HGVS Name(s): c.652+5471G>A, c.658+5465G>A.",,,,,,
rs2886644,Variant,0.25321832,dbSNP,Neuroblastoma,,pediatric. Phenotype,o,"ntologies: neuroblastoma. HGVS Name(s): c.1838C>T, p.Thr613Ile.",,,,,,,,
rs2897834,Variant,0.27798963,dbSNP,Neuroblastoma,.,Phenotype ontologies,:,"Fever, Abdominal pain, Autosomal dominant inheritance, Elevated urinary vanillylmandelic acid, neuroblastoma, Bone pain, Ataxia, Neoplasm of the nervous system, Weight loss, Sporadic, Anemia, Typified by incomplete penetrance, Failure to thrive, Hypertension, Spinal cord compression, obsolete Heterogeneous, Horner syndrome, Skin nodule, Elevated urinary dopamine level, Elevated urinary homovanillic acid, Neuroblastoma, Myoclonus, Abnormal thorax morphology, Diarrhea",.,"HGVS Name(s): c.1167+3038G>C, c.1167+3038G>T, c.795+3038G>C, c.795+3038G>T, c.978+3038G>C, c.978+3038G>T.",,,,,,
rs2974129,Variant,0.32279584,dbSNP,Neuroblastoma,.,Phenotype ontologies,:,"Neuroblastoma, Elevated urinary homovanillic acid, Skin nodule, Elevated urinary dopamine level, Hypertension, Spinal cord compression, obsolete Heterogeneous, Horner syndrome, Abnormal thorax morphology, Diarrhea, Myoclonus, Elevated urinary vanillylmandelic acid, neuroblastoma, Bone pain, Ataxia, Autosomal dominant inheritance, Abdominal pain, Fever, Failure to thrive, Typified by incomplete penetrance, Neoplasm of the nervous system, Sporadic, Weight loss, Anemia",.,,,,,,,
rs2991769,Variant,0.32279584,dbSNP,Neuroblastoma,.,Phenotype ontologies,:,"Hypertension, Spinal cord compression, obsolete Heterogeneous, Horner syndrome, Skin nodule, Elevated urinary dopamine level, Elevated urinary homovanillic acid, Neuroblastoma, Myoclonus, Abnormal thorax morphology, Diarrhea, Abdominal pain, Fever, Autosomal dominant inheritance, Elevated urinary vanillylmandelic acid, Bone pain, neuroblastoma, Ataxia, Neoplasm of the nervous system, Weight loss, Sporadic, Anemia, Typified by incomplete penetrance, Failure to thrive",.,,,,,,,
rs2991770,Variant,0.32279584,dbSNP,Neuroblastoma,.,Phenotype ontologies,:,"Elevated urinary homovanillic acid, Neuroblastoma, Skin nodule, Elevated urinary dopamine level, Spinal cord compression, Hypertension, Horner syndrome, obsolete Heterogeneous, Diarrhea, Abnormal thorax morphology, Myoclonus, Elevated urinary vanillylmandelic acid, Ataxia, Bone pain, neuroblastoma, Autosomal dominant inheritance, Abdominal pain, Fever, Failure to thrive, Typified by incomplete penetrance, Neoplasm of the nervous system, Sporadic, Anemia, Weight loss",.,,,,,,,
rs2994598,Variant,0.25321832,dbSNP,Neuroblastoma,.,Phenotype ontologies,:,"Anemia, Sporadic, Weight loss, Neoplasm of the nervous system, Typified by incomplete penetrance, Failure to thrive, Fever, Abdominal pain, Autosomal dominant inheritance, Bone pain, neuroblastoma, Ataxia, Elevated urinary vanillylmandelic acid, Myoclonus, Abnormal thorax morphology, Diarrhea, obsolete Heterogeneous, Horner syndrome, Spinal cord compression, Hypertension, Elevated urinary dopamine level, Skin nodule, Elevated urinary homovanillic acid, Neuroblastoma",.,"HGVS Name(s): c.-250-9548C>A, c.321-9548C>A.",,,,,,
rs3010368,Variant,0.25321832,dbSNP,Neuroblastoma,.,Phenotype ontologies,:,"Abnormal thorax morphology, Diarrhea, Myoclonus, Elevated urinary homovanillic acid, Neuroblastoma, Elevated urinary dopamine level, Skin nodule, Horner syndrome, obsolete Heterogeneous, Spinal cord compression, Hypertension, Failure to thrive, Typified by incomplete penetrance, Weight loss, Sporadic, Anemia, Neoplasm of the nervous system, neuroblastoma, Bone pain, Ataxia, Elevated urinary vanillylmandelic acid, Autosomal dominant inheritance, Abdominal pain, Fever",.,"HGVS Name(s): n.356+17598A>C, n.356+17598A>G, n.356+17598A>T.",,,,,,
rs3010493,Variant,0.32279584,dbSNP,Neuroblastoma,.,Phenotype ontologies,:,"Horner syndrome, obsolete Heterogeneous, Spinal cord compression, Hypertension, Elevated urinary dopamine level, Skin nodule, Neuroblastoma, Elevated urinary homovanillic acid, Myoclonus, Diarrhea, Abnormal thorax morphology, Fever, Abdominal pain, Autosomal dominant inheritance, Bone pain, neuroblastoma, Ataxia, Elevated urinary vanillylmandelic acid, Sporadic, Anemia, Weight loss, Neoplasm of the nervous system, Typified by incomplete penetrance, Failure to thrive",.,"HGVS Name(s): c.1335-351C>G, c.1335-351C>T.",,,,,,
rs309137,Variant,0.25321832,dbSNP,Lung function,,(forced vital capacit,y,");Neuroblastoma;Peripheral blood CD34+ cell levels. Phenotype ontologies: Weight loss, Neoplasm of the nervous system, Failure to thrive, Abdominal pain, Fever, Autosomal dominant inheritance, Bone pain, Abnormal thorax morphology, Diarrhea, obsolete Heterogeneous, Spinal cord compression, Hypertension, Elevated urinary dopamine level, Sporadic, Anemia, Typified by incomplete penetrance, neuroblastoma, Ataxia, Elevated urinary vanillylmandelic acid, Myoclonus, Horner",,"syndrome, vital capacity, Skin nodule, Neuroblastoma, Elevated urinary homovanillic acid. HGVS Name(s): n.547+9543T>A, n.547+9543T>C.",,,,,,
rs309160,Variant,0.25321832,dbSNP,Neuroblastoma,.,Phenotype ontologies,:,"Elevated urinary dopamine level, Skin nodule, obsolete Heterogeneous, Horner syndrome, Hypertension, Spinal cord compression, Neuroblastoma, Elevated urinary homovanillic acid, Myoclonus, Abnormal thorax morphology, Diarrhea, Autosomal dominant inheritance, Abdominal pain, Fever, Bone pain, Ataxia, neuroblastoma, Elevated urinary vanillylmandelic acid, Anemia, Sporadic, Weight loss, Neoplasm of the nervous system, Failure to thrive, Typified by incomplete penetrance",.,"HGVS Name(s): c.565-3160G>A, c.565-3160G>C, c.565-3160G>T.",,,,,,
rs3134899,Variant,0.27798963,dbSNP,Neuroblastoma,.,Phenotype ontologies,:,"Neoplasm of the nervous system, Sporadic, Weight loss, Anemia, Typified by incomplete penetrance, Failure to thrive, Abdominal pain, Fever, Autosomal dominant inheritance, Elevated urinary vanillylmandelic acid, Bone pain, neuroblastoma, Ataxia, Myoclonus, Diarrhea, Abnormal thorax morphology, Spinal cord compression, Hypertension, obsolete Heterogeneous, Horner syndrome, Skin nodule, Elevated urinary dopamine level, Neuroblastoma, Elevated urinary homovanillic acid",.,"HGVS Name(s): c.-26-108C>T, c.71-108C>T, c.71-108T>C.",,,,,,
rs313519,Variant,0.25321832,dbSNP,Neuroblastoma,.,Phenotype ontologies,:,"Elevated urinary dopamine level, Skin nodule, Horner syndrome, obsolete Heterogeneous, Hypertension, Spinal cord compression, Elevated urinary homovanillic acid, Neuroblastoma, Myoclonus, Abnormal thorax morphology, Diarrhea, Autosomal dominant inheritance, Abdominal pain, Fever, Ataxia, Bone pain, neuroblastoma, Elevated urinary vanillylmandelic acid, Weight loss, Sporadic, Anemia, Neoplasm of the nervous system, Failure to thrive, Typified by incomplete penetrance",.,"HGVS Name(s): c.1970+1623A>C, c.1970+1623A>G, c.1970+1623A>T, c.2189+1623A>C, c.2189+1623A>G, c.2189+1623A>T, c.2354+1623A>C, c.2354+1623A>G, c.23",54,+1623A,">T,",c,0.2,"459+1623A>C, c.2459+1623A>G, c.2459+1623A>T, n.94-40123T>A, n.94-40123T>C, n.94-40123T>G."
rs313528,Variant,0.25321832,dbSNP,Neuroblastoma,.,Phenotype ontologies,:,"Neoplasm of the nervous system, Sporadic, Weight loss, Anemia, Typified by incomplete penetrance, Failure to thrive, Abdominal pain, Fever, Autosomal dominant inheritance, Elevated urinary vanillylmandelic acid, neuroblastoma, Bone pain, Ataxia, Myoclonus, Abnormal thorax morphology, Diarrhea, Spinal cord compression, Hypertension, obsolete Heterogeneous, Horner syndrome, Skin nodule, Elevated urinary dopamine level, Neuroblastoma, Elevated urinary homovanillic acid",.,"HGVS Name(s): c.1970+7975G>A, c.1970+7975G>C, c.1970+7975G>T, c.2189+7975G>A, c.2189+7975G>C, c.2189+7975G>T, c.2354+7975G>A, c.2354+7975G>C, c.23",54,+7975G,">T,",c,0.2,"459+7975G>A, c.2459+7975G>C, c.2459+7975G>T, n.94-46475C>A, n.94-46475C>G, n.94-46475C>T."
rs3215996,Variant,0.25321832,dbSNP,Charcot-Marie,-,Tooth disease;ClinVar,:,"phenotype not specified;Neuroblastoma. Phenotype ontologies: Bone pain, Abdominal pain, Fever, Autosomal dominant inheritance, Gait disturbance, Failure to thrive, Abnormality of the voice, Neoplasm of the nervous system, Scoliosis, Weight loss, Hemiplegia/hemiparesis, Hypertension, Spinal cord compression, obsolete Heterogeneous, Elevated urinary dopamine level, Abnormal thorax morphology, Diarrhea, Kyphosis, Laryngomalacia, Elevated urinary vanillylmandelic acid,",A,"taxia, neuroblastoma, Typified by incomplete penetrance, Impaired pain sensation, Anemia, Sporadic, Neuroblastoma, Elevated urinary homovanillic ac",id,", Char",cot,#NAME?,ar,"ie-Tooth disease, EMG abnormality, Reduced tendon reflexes, Horner syndrome, Skin nodule, Skeletal muscle atrophy, Incoordination, Decreased nerve conduction velocity, Myoclonus. HGVS Name(s): c.3285-15del, c.3381-15del, c.3423-15del."
rs32396,Variant,0.27798963,dbSNP,Neuroblastoma,,pediatric. Phenotype,o,"ntologies: neuroblastoma. HGVS Name(s): c.1513-4827G>A, c.1513-4827G>C, c.1576-4827G>A, c.1576-4827G>C.",,,,,,,,
rs34063243,Variant,0.25321832,dbSNP,Charcot-Marie,-,Tooth disease type 2;,C,"linVar: phenotype not specified;Neuroblastoma;Pheochromocytoma. Phenotype ontologies: Cafe-au-lait spot, Abnormality of the cardiovascular system, Proteinuria, Ataxia, Abnormality of the genitourinary system, Elevated urinary vanillylmandelic acid, Sporadic, Anemia, Typified by incomplete penetrance, Hypercalcemia, Pheochromocytoma, Hemangioma, Episodic hypertension, Neuroblastoma, Elevated urinary homovanillic acid, Myoclonus, Abnormality of blood and blood-forming",t,"issues, Tachycardia, adrenal gland pheochromocytoma, Weight loss, Failure to thrive, Elevated urinary dopamine level, Abnormality of the endocrine",sy,"stem,",phe,oc,hr,"omocytoma, Spinal cord compression, Diarrhea, Abnormal thorax morphology, Abnormality of the nervous system, neuroblastoma, Skin nodule, Horner syndrome, Neoplasm, Hyperhidrosis, Abnormality of metabolism/homeostasis, Cerebral hemorrhage, Autosomal dominant inheritance, Abdominal pain, Fever, Bone pain, Neoplasm of the nervous system, Congestive heart failure, Abnormality of the eye, Renal artery stenosis, obsolete Heterogeneous, Hypertension, Charcot-Marie-Tooth disease type 2. HGVS Name(s): c.-15_-14insTA, c.-15_-14insTATA, c.-16_-15del."
rs341933,Variant,0.25321832,dbSNP,Neuroblastoma,.,Phenotype ontologies,:,"Skin nodule, Elevated urinary dopamine level, Hypertension, Spinal cord compression, Horner syndrome, obsolete Heterogeneous, Neuroblastoma, Elevated urinary homovanillic acid, Myoclonus, Diarrhea, Abnormal thorax morphology, Autosomal dominant inheritance, Fever, Abdominal pain, Elevated urinary vanillylmandelic acid, neuroblastoma, Bone pain, Ataxia, Neoplasm of the nervous system, Anemia, Sporadic, Weight loss, Failure to thrive, Typified by incomplete penetrance",.,"HGVS Name(s): c.3936-4212T>A, c.3936-4212T>C.",,,,,,
rs343166,Variant,0.27798963,dbSNP,Neuroblastoma,.,Phenotype ontologies,:,"Elevated urinary vanillylmandelic acid, Bone pain, Ataxia, neuroblastoma, Autosomal dominant inheritance, Abdominal pain, Fever, Failure to thrive, Typified by incomplete penetrance, Neoplasm of the nervous system, Sporadic, Anemia, Weight loss, Elevated urinary homovanillic acid, Neuroblastoma, Skin nodule, Elevated urinary dopamine level, Spinal cord compression, Hypertension, Horner syndrome, obsolete Heterogeneous, Diarrhea, Abnormal thorax morphology, Myoclonus",.,HGVS Name(s): c.177+9907T>G.,,,,,,
rs351408,Variant,0.25321832,dbSNP,Neuroblastoma,.,Phenotype ontologies,:,"Skin nodule, Elevated urinary dopamine level, Hypertension, Spinal cord compression, Horner syndrome, obsolete Heterogeneous, Elevated urinary homovanillic acid, Neuroblastoma, Myoclonus, Diarrhea, Abnormal thorax morphology, Autosomal dominant inheritance, Fever, Abdominal pain, Elevated urinary vanillylmandelic acid, Bone pain, neuroblastoma, Ataxia, Neoplasm of the nervous system, Anemia, Sporadic, Weight loss, Failure to thrive, Typified by incomplete penetrance",.,HGVS Name(s): n.105+17193C>T.,,,,,,
rs35508382,Variant,0.27798963,dbSNP,Cervical Canc,e,r;Neuroblastoma or ma,l,"ignant cutaneous melanoma. Phenotype ontologies: cutaneous melanoma, cervical carcinoma, cervical cancer, neuroblastoma, Abnormality of the cervical spine, Neoplasm.",,,,,,,,
rs35670445,Variant,0.000562459,dbSNP,Neuroblastoma,",","SUSCEPTIBILITY TO, 3",,"(NBLST3). Phenotype ontologies: neuroblastoma, susceptibility to, 3. HGVS Name(s): c.2025del, c.2025_2026insC, p.Ile676HisfsTer3, p.Ile676SerfsTer35.",,,,,,,,
rs35850753,Variant,0.31848878,dbSNP,Basal cell carcinoma MTAG,r,ClinVar:,p,"henotype not specified;Eosinophil counts;Glioblastoma;Glioma;Multi-trait sex score;Sporadic neuroblastoma. Phenotype ontologies: central nervous system cancer, glioblastoma, eosinophil count, glioblastoma multiforme, glioma, Glioblastoma multiforme, basal cell carcinoma, neuroblastoma. HGVS Name(s): c.376-117G>A, c.376-138G>A.",,,,,,,,
rs35933323,Variant,0.25321832,dbSNP,Not specified,o,type not specified;He,r,"editary breast ovarian cancer syndrome;Neuroblastoma. Phenotype ontologies: Abdominal pain, Fever, Autosomal dominant inheritance, Ataxia, Bone pain, neuroblastoma, Elevated urinary vanillylmandelic acid, Sporadic, Anemia, Weight loss, Neoplasm of the nervous system, Typified by incomplete penetrance, hereditary breast ovarian cancer syndrome, Failure to thrive, obsolete Heterogeneous, Horner syndrome, Hypertension, Spinal cord compression, Elevated urinary dopamine",l,"evel, Skin nodule, Neuroblastoma, Elevated urinary homovanillic acid, Myoclonus, Diarrhea, Abnormal thorax morphology. HGVS Name(s): c.158+46A>C, c",0.1,58+46A,">G,",c,0.1,58+46A>T.
rs367652707,Variant,0.27798963,dbSNP,Congenital ce,n,tral hypoventilation;,N,"EUROBLASTOMA, SUSCEPTIBILITY TO, 2 (NBLST2). Phenotype ontologies: central hypoventilation syndrome, congenital, 1, with or without Hirschsprung disease, neuroblastoma, neuroblastoma, susceptibility to, 2, Autosomal dominant inheritance, Aganglionic megacolon. HGVS Name(s): c.*838A>C, c.*838A>G.",,,,,,,,
rs368514074,Variant,0.25321832,dbSNP,Neuroblastoma,.,Phenotype ontologies,:,"Myoclonus, Diarrhea, Abnormal thorax morphology, Elevated urinary dopamine level, Skin nodule, obsolete Heterogeneous, Horner syndrome, Hypertension, Spinal cord compression, Elevated urinary homovanillic acid, Neuroblastoma, Weight loss, Sporadic, Anemia, Neoplasm of the nervous system, Failure to thrive, Typified by incomplete penetrance, Autosomal dominant inheritance, Abdominal pain, Fever, Bone pain, neuroblastoma, Ataxia, Elevated urinary vanillylmandelic acid",.,"HGVS Name(s): c.*1541C>T, c.5367-211C>T.",,,,,,
rs368637007,Variant,0.25321832,dbSNP,Charcot-Marie,-,Tooth disease type 2;,C,"linVar: phenotype not specified;Neuroblastoma. Phenotype ontologies: Neoplasm of the nervous system, Anemia, Sporadic, Weight loss, Failure to thrive, Typified by incomplete penetrance, Autosomal dominant inheritance, Abdominal pain, Fever, Elevated urinary vanillylmandelic acid, neuroblastoma, Bone pain, Ataxia, Charcot-Marie-Tooth disease type 2, Myoclonus, Abnormal thorax morphology, Diarrhea, Skin nodule, Elevated urinary dopamine level, Hypertension, Spinal cord",,"compression, Horner syndrome, obsolete Heterogeneous, Elevated urinary homovanillic acid, Neuroblastoma. HGVS Name(s): c.3911G>A, c.3953G>A, c.4016",G>,"A, p.A",rg1,30,4H,"is, p.Arg1318His, p.Arg1339His."
rs369007050,Variant,0.000562459,dbSNP,Hereditary cancer-predisposing syndrome,n,cer-predisposing synd,r,"ome;NEUROBLASTOMA, SUSCEPTIBILITY TO, 3 (NBLST3). Phenotype ontologies: neuroblastoma, susceptibility to, 3. HGVS Name(s): c.145C>T, n.534+5704C>T, p.Leu49=.",,,,,,,,
rs369347067,Variant,0.000562459,dbSNP,Hereditary cancer-predisposing syndrome,n,cer-predisposing synd,r,"ome;NEUROBLASTOMA, SUSCEPTIBILITY TO, 3 (NBLST3). Phenotype ontologies: neuroblastoma, susceptibility to, 3. HGVS Name(s): c.3094C>T, p.Pro1032Ser.",,,,,,,,
rs369817908,Variant,0.25321832,dbSNP,Neuroblastoma,.,Phenotype ontologies,:,"Bone pain, neuroblastoma, Ataxia, Elevated urinary vanillylmandelic acid, Fever, Abdominal pain, Autosomal dominant inheritance, Typified by incomplete penetrance, Failure to thrive, Sporadic, Anemia, Weight loss, Neoplasm of the nervous system, Neuroblastoma, Elevated urinary homovanillic acid, obsolete Heterogeneous, Horner syndrome, Hypertension, Spinal cord compression, Elevated urinary dopamine level, Skin nodule, Abnormal thorax morphology, Diarrhea, Myoclonus",.,"HGVS Name(s): c.*2798C>A, c.*2798C>G, c.*2798C>T, c.*983C>A, c.*983C>G, c.*983C>T.",,,,,,
rs370895789,Variant,0.25321832,dbSNP,Charcot-Marie,-,Tooth disease type 2;,N,"euroblastoma. Phenotype ontologies: Neoplasm of the nervous system, Anemia, Sporadic, Weight loss, Failure to thrive, Typified by incomplete penetrance, Autosomal dominant inheritance, Fever, Abdominal pain, Elevated urinary vanillylmandelic acid, Ataxia, Bone pain, neuroblastoma, Charcot-Marie-Tooth disease type 2, Myoclonus, Diarrhea, Abnormal thorax morphology, Skin nodule, Elevated urinary dopamine level, Hypertension, Spinal cord compression, obsolete Heterogene",o,"us, Horner syndrome, Neuroblastoma, Elevated urinary homovanillic acid. HGVS Name(s): c.429+7A>G.",,,,,,
rs371397667,Variant,0.000562459,dbSNP,Neuroblastoma,",","SUSCEPTIBILITY TO, 3",,"(NBLST3). Phenotype ontologies: neuroblastoma, susceptibility to, 3. HGVS Name(s): c.2205-20C>A, c.2205-20C>T.",,,,,,,,
rs371441614,Variant,0.000562459,dbSNP,Not specified,o,type not specified;He,r,"editary cancer-predisposing syndrome;NEUROBLASTOMA, SUSCEPTIBILITY TO, 3 (NBLST3). Phenotype ontologies: neuroblastoma, susceptibility to, 3. HGVS Name(s): c.2554A>G, p.Lys852Glu.",,,,,,,,
rs371738899,Variant,0.000562459,dbSNP,Neuroblastoma,",","SUSCEPTIBILITY TO, 3",,"(NBLST3). Phenotype ontologies: neuroblastoma, susceptibility to, 3. HGVS Name(s): c.1817+8C>G, c.1817+8C>T.",,,,,,,,
rs371830018,Variant,0.25321832,dbSNP,Charcot-Marie,-,Tooth disease type 2;,N,"euroblastoma. Phenotype ontologies: Typified by incomplete penetrance, Failure to thrive, Neoplasm of the nervous system, Sporadic, Anemia, Weight loss, Elevated urinary vanillylmandelic acid, Bone pain, neuroblastoma, Ataxia, Abdominal pain, Fever, Autosomal dominant inheritance, Diarrhea, Abnormal thorax morphology, Myoclonus, Charcot-Marie-Tooth disease type 2, Elevated urinary homovanillic acid, Neuroblastoma, Hypertension, Spinal cord compression, obsolete Heter",o,"geneous, Horner syndrome, Skin nodule, Elevated urinary dopamine level. HGVS Name(s): c.5366+1157G>A, c.5409-15G>A, c.5472-15G>A.",,,,,,
rs371838261,Variant,0.25321832,dbSNP,Charcot-Marie,-,Tooth disease type 2;,N,"euroblastoma. Phenotype ontologies: Abdominal pain, Fever, Autosomal dominant inheritance, Ataxia, Bone pain, neuroblastoma, Elevated urinary vanillylmandelic acid, Sporadic, Weight loss, Anemia, Neoplasm of the nervous system, Typified by incomplete penetrance, Failure to thrive, Horner syndrome, obsolete Heterogeneous, Spinal cord compression, Hypertension, Elevated urinary dopamine level, Skin nodule, Elevated urinary homovanillic acid, Neuroblastoma, Myoclonus, C",h,"arcot-Marie-Tooth disease type 2, Abnormal thorax morphology, Diarrhea. HGVS Name(s): c.1297-15C>T, c.1393-15C>T, c.1435-15C>T.",,,,,,
rs372037531,Variant,0.000562459,dbSNP,Hereditary cancer-predisposing syndrome,n,cer-predisposing synd,r,"ome;NEUROBLASTOMA, SUSCEPTIBILITY TO, 3 (NBLST3). Phenotype ontologies: neuroblastoma, susceptibility to, 3. HGVS Name(s): c.2391G>A, p.Glu797=.",,,,,,,,
rs373017069,Variant,0.000562459,dbSNP,Neuroblastoma,",","SUSCEPTIBILITY TO, 3",,"(NBLST3). Phenotype ontologies: neuroblastoma, susceptibility to, 3. HGVS Name(s): c.1155-10A>G.",,,,,,,,
rs373046668,Variant,0.000562459,dbSNP,Neuroblastoma,",","SUSCEPTIBILITY TO, 3",,"(NBLST3). Phenotype ontologies: neuroblastoma, susceptibility to, 3. HGVS Name(s): c.3359+18G>A, c.3359+18G>C.",,,,,,,,
rs373120394,Variant,0.000562459,dbSNP,Neuroblastoma,",","SUSCEPTIBILITY TO, 3",,"(NBLST3). Phenotype ontologies: neuroblastoma, susceptibility to, 3. HGVS Name(s): c.1108G>A, p.Glu370Lys.",,,,,,,,
rs373439616,Variant,0.25321832,dbSNP,Charcot-Marie,-,Tooth disease type 2;,C,"linVar: phenotype not specified;Neuroblastoma. Phenotype ontologies: Diarrhea, Abnormal thorax morphology, Charcot-Marie-Tooth disease type 2, Myoclonus, Elevated urinary homovanillic acid, Neuroblastoma, Elevated urinary dopamine level, Skin nodule, obsolete Heterogeneous, Horner syndrome, Spinal cord compression, Hypertension, Failure to thrive, Typified by incomplete penetrance, Weight loss, Sporadic, Anemia, Neoplasm of the nervous system, neuroblastoma, Bone pai",n,", Ataxia, Elevated urinary vanillylmandelic acid, Autosomal dominant inheritance, Fever, Abdominal pain. HGVS Name(s): c.4925G>A, c.4925G>C, c.4967",G>,"A, c.4",967,G>,"C,","c.5030G>A, c.5030G>C, p.Arg1642Gln, p.Arg1642Pro, p.Arg1656Gln, p.Arg1656Pro, p.Arg1677Gln, p.Arg1677Pro."
rs373846404,Variant,0.000562459,dbSNP,Neuroblastoma,",","SUSCEPTIBILITY TO, 3",,"(NBLST3). Phenotype ontologies: neuroblastoma, susceptibility to, 3. HGVS Name(s): c.2074G>A, p.Gly692Arg.",,,,,,,,
rs374136388,Variant,0.000562459,dbSNP,Neuroblastoma,",","SUSCEPTIBILITY TO, 3",,"(NBLST3). Phenotype ontologies: neuroblastoma, susceptibility to, 3. HGVS Name(s): c.1652G>A, p.Arg551Gln.",,,,,,,,
rs374276783,Variant,0.000562459,dbSNP,Neuroblastoma,",","SUSCEPTIBILITY TO, 3",,"(NBLST3). Phenotype ontologies: neuroblastoma, susceptibility to, 3. HGVS Name(s): c.446C>T, n.534+6005C>T, p.Ala149Val.",,,,,,,,
rs374375387,Variant,0.000562459,dbSNP,Neuroblastoma,",","SUSCEPTIBILITY TO, 3",,"(NBLST3). Phenotype ontologies: neuroblastoma, susceptibility to, 3. HGVS Name(s): c.2624G>A, p.Gly875Glu.",,,,,,,,
rs374518328,Variant,0.000562459,dbSNP,Neuroblastoma,",","SUSCEPTIBILITY TO, 3",,"(NBLST3). Phenotype ontologies: neuroblastoma, susceptibility to, 3. HGVS Name(s): c.3172+10_3172+11del.",,,,,,,,
rs3748580,Variant,0.25321832,dbSNP,Neuroblastoma,.,Phenotype ontologies,:,"Ataxia, Bone pain, neuroblastoma, Elevated urinary vanillylmandelic acid, Fever, Abdominal pain, Autosomal dominant inheritance, Typified by incomplete penetrance, Failure to thrive, Anemia, Sporadic, Weight loss, Neoplasm of the nervous system, Elevated urinary homovanillic acid, Neuroblastoma, obsolete Heterogeneous, Horner syndrome, Hypertension, Spinal cord compression, Elevated urinary dopamine level, Skin nodule, Diarrhea, Abnormal thorax morphology, Myoclonus",.,"HGVS Name(s): c.*1054C>T, c.*2869C>T.",,,,,,
rs3748581,Variant,0.25321832,dbSNP,Charcot-Marie,-,Tooth disease type 2;,N,"euroblastoma;Pheochromocytoma. Phenotype ontologies: Pheochromocytoma, Hemangioma, Neuroblastoma, Elevated urinary homovanillic acid, Episodic hypertension, Myoclonus, Tachycardia, Abnormality of blood and blood-forming tissues, Abnormality of the cardiovascular system, Cafe-au-lait spot, Proteinuria, Elevated urinary vanillylmandelic acid, Abnormality of the genitourinary system, Ataxia, Anemia, Sporadic, Hypercalcemia, Typified by incomplete penetrance, Abnormality",,"of the endocrine system, Elevated urinary dopamine level, Spinal cord compression, pheochromocytoma, Diarrhea, Abnormal thorax morphology, adrenal",gl,and ph,eoc,hr,om,"ocytoma, Weight loss, Failure to thrive, Skin nodule, Neoplasm, Horner syndrome, Hyperhidrosis, Abnormality of metabolism/homeostasis, Cerebral hemorrhage, Abnormality of the nervous system, neuroblastoma, Renal artery stenosis, Abnormality of the eye, Hypertension, obsolete Heterogeneous, Charcot-Marie-Tooth disease type 2, Autosomal dominant inheritance, Fever, Abdominal pain, Bone pain, Neoplasm of the nervous system, Congestive heart failure."
rs374926751,Variant,0.000562459,dbSNP,Neuroblastoma,",","SUSCEPTIBILITY TO, 3",,"(NBLST3). Phenotype ontologies: neuroblastoma, susceptibility to, 3. HGVS Name(s): c.3450+5G>A, c.3450+5G>C.",,,,,,,,
rs375130478,Variant,0.25321832,dbSNP,Charcot-Marie,-,Tooth disease type 2;,C,"linVar: phenotype not specified;Neuroblastoma. Phenotype ontologies: Elevated urinary vanillylmandelic acid, neuroblastoma, Bone pain, Ataxia, Fever, Abdominal pain, Autosomal dominant inheritance, Typified by incomplete penetrance, Failure to thrive, Neoplasm of the nervous system, Weight loss, Sporadic, Anemia, Neuroblastoma, Elevated urinary homovanillic acid, Hypertension, Spinal cord compression, Horner syndrome, obsolete Heterogeneous, Skin nodule, Elevated uri",n,"ary dopamine level, Diarrhea, Abnormal thorax morphology, Myoclonus, Charcot-Marie-Tooth disease type 2. HGVS Name(s): c.4502G>A, c.4502G>T, c.4544",G>,"A, c.4",544,G>,"T,","c.4607G>A, c.4607G>T, p.Arg1501His, p.Arg1501Leu, p.Arg1515His, p.Arg1515Leu, p.Arg1536His, p.Arg1536Leu."
rs3753037,Variant,0.25321832,dbSNP,Charcot-Marie,-,Tooth disease;Charcot,-,"Marie-Tooth disease type 2;Charcot-Marie-Tooth disease type 2A1;ClinVar: phenotype not specified;Neuroblastoma;Pheochromocytoma. Phenotype ontologies: Elevated urinary dopamine level, Abnormality of the endocrine system, pheochromocytoma, Spinal cord compression, Hemiplegia/hemiparesis, Laryngomalacia, Kyphosis, Diarrhea, Abnormal thorax morphology, adrenal gland pheochromocytoma, Weight loss, Abnormality of the voice, Failure to thrive, Gait disturbance, Pheochromoc",y,"toma, Skeletal muscle atrophy, EMG abnormality, Hemangioma, Episodic hypertension, Charcot-Marie-Tooth disease, Elevated urinary homovanillic acid,",N,eurobl,ast,om,"a,","Myoclonus, Decreased nerve conduction velocity, Abnormality of blood and blood-forming tissues, Tachycardia, Cafe-au-lait spot, Abnormality of the cardiovascular system, Proteinuria, Ataxia, Elevated urinary vanillylmandelic acid, Abnormality of the genitourinary system, Sporadic, Anemia, Typified by incomplete penetrance, Hypercalcemia, Abnormality of the eye, Renal artery stenosis, obsolete Heterogeneous, Hypertension, Charcot-Marie-Tooth disease type 2, Autosomal dominant inheritance, Fever, Abdominal pain, Bone pain, Scoliosis, Neoplasm of the nervous system, Congestive heart failure, Charcot-Marie-Tooth disease type 2A1, Skin nodule, Horner syndrome, Reduced tendon reflexes, Neoplasm, Hyperhidrosis, Abnormality of metabolism/homeostasis, Incoordination, Cerebral hemorrhage, neuroblastoma, Abnormality of the nervous system, Impaired pain sensation. HGVS Name(s): c.1639+10C>G, c.1639+10C>T, c.1735+10C>G, c.1735+10C>T, c.1777+10C>G, c.1777+10C>T."
rs375389310,Variant,0.25321832,dbSNP,Charcot-Marie,-,Tooth disease type 2;,C,"linVar: phenotype not specified;Neuroblastoma. Phenotype ontologies: Skin nodule, Elevated urinary dopamine level, Spinal cord compression, Hypertension, obsolete Heterogeneous, Horner syndrome, Elevated urinary homovanillic acid, Neuroblastoma, Charcot-Marie-Tooth disease type 2, Myoclonus, Diarrhea, Abnormal thorax morphology, Autosomal dominant inheritance, Abdominal pain, Fever, Elevated urinary vanillylmandelic acid, Bone pain, neuroblastoma, Ataxia, Neoplasm of",,"the nervous system, Weight loss, Sporadic, Anemia, Failure to thrive, Typified by incomplete penetrance. HGVS Name(s): c.1238G>A, c.1334G>A, c.1376",G>,"A, p.S",er4,13,As,"n, p.Ser445Asn, p.Ser459Asn."
rs3759387,Variant,0.31353796,dbSNP,Not specified,o,type not specified;Hi,g,"h-density lipoprotein cholesterol;Neuroblastoma. Phenotype ontologies: Abdominal pain, Fever, Autosomal dominant inheritance, Bone pain, Neoplasm of the nervous system, Weight loss, Failure to thrive, Spinal cord compression, Hypertension, obsolete Heterogeneous, Elevated urinary dopamine level, Abnormal thorax morphology, Diarrhea, Elevated urinary vanillylmandelic acid, Ataxia, neuroblastoma, Sporadic, Anemia, Typified by incomplete penetrance, Horner syndrome, Ski",n,"nodule, Elevated urinary homovanillic acid, Neuroblastoma, Myoclonus, LDL cholesterol. HGVS Name(s): c.-14-147G>T, c.-92+789G>T.",,,,,,
rs3768716,Variant,0.25321832,dbSNP,Neuroblastoma,.,Phenotype ontologies,:,"Typified by incomplete penetrance, Failure to thrive, Anemia, Sporadic, Weight loss, Neoplasm of the nervous system, Ataxia, Bone pain, neuroblastoma, Elevated urinary vanillylmandelic acid, Fever, Abdominal pain, Autosomal dominant inheritance, Abnormal thorax morphology, Diarrhea, Myoclonus, Elevated urinary homovanillic acid, Neuroblastoma, Horner syndrome, obsolete Heterogeneous, Spinal cord compression, Hypertension, Elevated urinary dopamine level, Skin nodule",.,"HGVS Name(s): c.1315-1758A>C, c.1315-1758A>G, c.365-1758A>C, c.365-1758A>G, c.907-1758A>C, c.907-1758A>G.",,,,,,
rs377100808,Variant,0.000562459,dbSNP,Neuroblastoma,",","SUSCEPTIBILITY TO, 3",,"(NBLST3). Phenotype ontologies: neuroblastoma, susceptibility to, 3. HGVS Name(s): c.787+4A>C, c.787+4A>G.",,,,,,,,
rs377570278,Variant,0.25321832,dbSNP,Neuroblastoma,.,Phenotype ontologies,:,"Diarrhea, Abnormal thorax morphology, Myoclonus, Neuroblastoma, Elevated urinary homovanillic acid, Skin nodule, Elevated urinary dopamine level, Hypertension, Spinal cord compression, obsolete Heterogeneous, Horner syndrome, Failure to thrive, Typified by incomplete penetrance, Neoplasm of the nervous system, Sporadic, Weight loss, Anemia, Elevated urinary vanillylmandelic acid, neuroblastoma, Bone pain, Ataxia, Autosomal dominant inheritance, Fever, Abdominal pain",.,"HGVS Name(s): c.1159G>A, c.1159G>T, c.1177G>A, c.1177G>T, p.Asp387Asn, p.Asp387Tyr, p.Asp393Asn, p.Asp393Tyr.",,,,,,
rs3790171,Variant,0.31848878,dbSNP,Neuroblastoma,.,Phenotype ontologies,:,"Elevated urinary vanillylmandelic acid, Bone pain, Ataxia, neuroblastoma, Fever, Abdominal pain, Autosomal dominant inheritance, Typified by incomplete penetrance, Failure to thrive, Neoplasm of the nervous system, Anemia, Sporadic, Weight loss, Elevated urinary homovanillic acid, Neuroblastoma, Hypertension, Spinal cord compression, obsolete Heterogeneous, Horner syndrome, Skin nodule, Elevated urinary dopamine level, Diarrhea, Abnormal thorax morphology, Myoclonus",.,"HGVS Name(s): c.143-3210T>A, c.143-3210T>C, n.529+5390A>G, n.529+5390A>T.",,,,,,
rs3794370,Variant,0.31353796,dbSNP,Neuroblastoma,.,Phenotype ontologies,:,"Diarrhea, Abnormal thorax morphology, Myoclonus, Elevated urinary homovanillic acid, Neuroblastoma, Elevated urinary dopamine level, Skin nodule, obsolete Heterogeneous, Horner syndrome, Hypertension, Spinal cord compression, Failure to thrive, Typified by incomplete penetrance, Anemia, Sporadic, Weight loss, Neoplasm of the nervous system, neuroblastoma, Bone pain, Ataxia, Elevated urinary vanillylmandelic acid, Autosomal dominant inheritance, Abdominal pain, Fever",.,HGVS Name(s): c.-1+1413T>G.,,,,,,
rs3795857,Variant,0.25321832,dbSNP,Neuroblastoma,;,Time to osteonecrosis,,"in systemic lupus erythematosus. Phenotype ontologies: Myoclonus, Diarrhea, Abnormal thorax morphology, Elevated urinary dopamine level, Skin nodule, obsolete Heterogeneous, Horner syndrome, Hypertension, Spinal cord compression, Neuroblastoma, Elevated urinary homovanillic acid, Sporadic, Anemia, Weight loss, Neoplasm of the nervous system, Failure to thrive, Typified by incomplete penetrance, Autosomal dominant inheritance, Abdominal pain, Fever, osteonecrosis, Bon",e,"pain, neuroblastoma, Ataxia, Elevated urinary vanillylmandelic acid. HGVS Name(s): c.4736+321T>A, c.4736+321T>C, c.4736+321T>G, c.5690+321T>A, c.5",69,0+321T,">C,",c,0.5,690+321T>G.
rs3796727,Variant,0.27798963,dbSNP,Sporadic neur,o,blastoma. Phenotype o,n,"tologies: neuroblastoma. HGVS Name(s): c.1195-728G>A, c.1228-728G>A, c.817-728G>A.",,,,,,,,
rs3820449,Variant,0.25321832,dbSNP,Neuroblastoma,.,Phenotype ontologies,:,"Elevated urinary dopamine level, Skin nodule, obsolete Heterogeneous, Horner syndrome, Hypertension, Spinal cord compression, Neuroblastoma, Elevated urinary homovanillic acid, Myoclonus, Abnormal thorax morphology, Diarrhea, Autosomal dominant inheritance, Fever, Abdominal pain, Ataxia, Bone pain, neuroblastoma, Elevated urinary vanillylmandelic acid, Weight loss, Sporadic, Anemia, Neoplasm of the nervous system, Failure to thrive, Typified by incomplete penetrance",.,"HGVS Name(s): n.373-7015C>A, n.373-7015C>T.",,,,,,
rs3828112,Variant,0.25321832,dbSNP,Neuroblastoma,.,Phenotype ontologies,:,"Myoclonus, Diarrhea, Abnormal thorax morphology, Elevated urinary dopamine level, Skin nodule, Horner syndrome, obsolete Heterogeneous, Hypertension, Spinal cord compression, Neuroblastoma, Elevated urinary homovanillic acid, Sporadic, Weight loss, Anemia, Neoplasm of the nervous system, Failure to thrive, Typified by incomplete penetrance, Autosomal dominant inheritance, Fever, Abdominal pain, Bone pain, Ataxia, neuroblastoma, Elevated urinary vanillylmandelic acid",.,"HGVS Name(s): c.1110+24085T>C, c.1110+24085T>G, c.972+24085T>C, c.972+24085T>G.",,,,,,
rs391164,Variant,0.27798963,dbSNP,Neuroblastoma,.,Phenotype ontologies,:,"Diarrhea, Abnormal thorax morphology, Myoclonus, Elevated urinary homovanillic acid, Neuroblastoma, Skin nodule, Elevated urinary dopamine level, Hypertension, Spinal cord compression, obsolete Heterogeneous, Horner syndrome, Failure to thrive, Typified by incomplete penetrance, Neoplasm of the nervous system, Weight loss, Sporadic, Anemia, Elevated urinary vanillylmandelic acid, Bone pain, Ataxia, neuroblastoma, Autosomal dominant inheritance, Fever, Abdominal pain",.,HGVS Name(s): c.2704-2790A>G.,,,,,,
rs3915772,Variant,0.31848878,dbSNP,Eicosenoylcar,n,itine C20:1 levels in,,"elite athletes;Neuroblastoma;Palmitoylcarnitine C16 levels in elite athletes;Stearoylcarnitine C18 levels in elite athletes. Phenotype ontologies: Failure to thrive, Typified by incomplete penetrance, Sporadic, Anemia, Weight loss, Neoplasm of the nervous system, Bone pain, Ataxia, neuroblastoma, Elevated urinary vanillylmandelic acid, Autosomal dominant inheritance, Fever, Abdominal pain, Diarrhea, Abnormal thorax morphology, Myoclonus, Neuroblastoma, Elevated urina",r,"y homovanillic acid, Elevated urinary dopamine level, Skin nodule, Horner syndrome, obsolete Heterogeneous, Hypertension, Spinal cord compression.",HG,VS Nam,e(s,):,c,".75+25328A>G, c.81+25322A>G, c.957+30286A>G."
rs397840867,Variant,0.27798963,dbSNP,Congenital ce,n,tral hypoventilation;,N,"euroblastoma. Phenotype ontologies: Diarrhea, Abnormal thorax morphology, obsolete Heterogeneous, Spinal cord compression, Hypertension, Elevated urinary dopamine level, Weight loss, Neoplasm of the nervous system, Failure to thrive, Abdominal pain, Fever, Autosomal dominant inheritance, Bone pain, Myoclonus, Horner syndrome, Skin nodule, Neuroblastoma, Elevated urinary homovanillic acid, Sporadic, Anemia, central hypoventilation syndrome, congenital, 1, with or with",o,"ut Hirschsprung disease, Typified by incomplete penetrance, Ataxia, neuroblastoma, Elevated urinary vanillylmandelic acid. HGVS Name(s): c.*674dup.",,,,,,
rs4084113,Variant,0.31353796,dbSNP,Not specified,o,type not specified;Ne,u,"roblastoma. Phenotype ontologies: Autosomal dominant inheritance, Fever, Abdominal pain, Elevated urinary vanillylmandelic acid, Ataxia, Bone pain, neuroblastoma, Neoplasm of the nervous system, Weight loss, Sporadic, Anemia, Failure to thrive, Typified by incomplete penetrance, Skin nodule, Elevated urinary dopamine level, Hypertension, Spinal cord compression, Horner syndrome, obsolete Heterogeneous, Elevated urinary homovanillic acid, Neuroblastoma, Myoclonus, Dia",r,"rhea, Abnormal thorax morphology. HGVS Name(s): c.280-472C>G, c.280-472C>T, c.468+111C>G, c.468+111C>T.",,,,,,
rs41301987,Variant,0.25321832,dbSNP,Not specified,o,type not specified;Ne,u,"roblastoma. Phenotype ontologies: Typified by incomplete penetrance, Failure to thrive, Neoplasm of the nervous system, Weight loss, Sporadic, Anemia, Elevated urinary vanillylmandelic acid, Ataxia, Bone pain, neuroblastoma, Fever, Abdominal pain, Autosomal dominant inheritance, Diarrhea, Abnormal thorax morphology, Myoclonus, Neuroblastoma, Elevated urinary homovanillic acid, Hypertension, Spinal cord compression, Horner syndrome, obsolete Heterogeneous, Skin nodule",",","Elevated urinary dopamine level. HGVS Name(s): c.*1220G>A, c.*3035G>A.",,,,,,
rs41310365,Variant,0.25321832,dbSNP,Neuroblastoma,.,Phenotype ontologies,:,"Neoplasm of the nervous system, Sporadic, Weight loss, Anemia, Failure to thrive, Typified by incomplete penetrance, Autosomal dominant inheritance, Abdominal pain, Fever, Elevated urinary vanillylmandelic acid, neuroblastoma, Bone pain, Ataxia, Myoclonus, Abnormal thorax morphology, Diarrhea, Skin nodule, Elevated urinary dopamine level, Hypertension, Spinal cord compression, Horner syndrome, obsolete Heterogeneous, Neuroblastoma, Elevated urinary homovanillic acid",.,"HGVS Name(s): c.*1339A>G, c.*3154A>G.",,,,,,
rs4134468,Variant,0.32279584,dbSNP,Neuroblastoma,.,Phenotype ontologies,:,"Myoclonus, Abnormal thorax morphology, Diarrhea, Elevated urinary dopamine level, Skin nodule, Horner syndrome, obsolete Heterogeneous, Spinal cord compression, Hypertension, Elevated urinary homovanillic acid, Neuroblastoma, Anemia, Sporadic, Weight loss, Neoplasm of the nervous system, Failure to thrive, Typified by incomplete penetrance, Autosomal dominant inheritance, Fever, Abdominal pain, Bone pain, Ataxia, neuroblastoma, Elevated urinary vanillylmandelic acid",.,"HGVS Name(s): c.532+10024T>A, c.532+10024T>C, c.532+10024T>G.",,,,,,
rs4234840,Variant,0.27798963,dbSNP,Neuroblastoma,.,Phenotype ontologies,:,"Neuroblastoma, Elevated urinary homovanillic acid, Hypertension, Spinal cord compression, obsolete Heterogeneous, Horner syndrome, Skin nodule, Elevated urinary dopamine level, Diarrhea, Abnormal thorax morphology, Myoclonus, Elevated urinary vanillylmandelic acid, Bone pain, Ataxia, neuroblastoma, Fever, Abdominal pain, Autosomal dominant inheritance, Typified by incomplete penetrance, Failure to thrive, Neoplasm of the nervous system, Weight loss, Sporadic, Anemia",.,"HGVS Name(s): n.97-1126T>A, n.97-1126T>C.",,,,,,
rs4237255,Variant,0.32279584,dbSNP,Neuroblastoma,.,Phenotype ontologies,:,"Elevated urinary dopamine level, Skin nodule, Horner syndrome, obsolete Heterogeneous, Spinal cord compression, Hypertension, Neuroblastoma, Elevated urinary homovanillic acid, Myoclonus, Diarrhea, Abnormal thorax morphology, Autosomal dominant inheritance, Abdominal pain, Fever, neuroblastoma, Bone pain, Ataxia, Elevated urinary vanillylmandelic acid, Weight loss, Sporadic, Anemia, Neoplasm of the nervous system, Failure to thrive, Typified by incomplete penetrance",.,"HGVS Name(s): c.312+655C>A, c.312+655C>G.",,,,,,
rs4240912,Variant,0.25321832,dbSNP,Neuroblastoma,;,Platelet side scatter,.,"Phenotype ontologies: Myoclonus, Diarrhea, Abnormal thorax morphology, Spinal cord compression, Hypertension, Horner syndrome, obsolete Heterogeneous, Skin nodule, Elevated urinary dopamine level, Elevated urinary homovanillic acid, Neuroblastoma, Neoplasm of the nervous system, Sporadic, Weight loss, Anemia, Typified by incomplete penetrance, Failure to thrive, Abdominal pain, Fever, Autosomal dominant inheritance, Elevated urinary vanillylmandelic acid, Ataxia, Bo",n,"e pain, neuroblastoma. HGVS Name(s): c.*1133C>T, c.5367-619C>T.",,,,,,
rs4240913,Variant,0.25321832,dbSNP,Neuroblastoma,.,Phenotype ontologies,:,"Diarrhea, Abnormal thorax morphology, Myoclonus, Elevated urinary homovanillic acid, Neuroblastoma, Horner syndrome, obsolete Heterogeneous, Hypertension, Spinal cord compression, Elevated urinary dopamine level, Skin nodule, Typified by incomplete penetrance, Failure to thrive, Weight loss, Sporadic, Anemia, Neoplasm of the nervous system, Bone pain, neuroblastoma, Ataxia, Elevated urinary vanillylmandelic acid, Abdominal pain, Fever, Autosomal dominant inheritance",.,"HGVS Name(s): c.*1159G>A, c.5367-593G>A.",,,,,,
rs4267812,Variant,0.27798963,dbSNP,Neuroblastoma,.,Phenotype ontologies,:,"Neuroblastoma, Elevated urinary homovanillic acid, Elevated urinary dopamine level, Skin nodule, obsolete Heterogeneous, Horner syndrome, Hypertension, Spinal cord compression, Diarrhea, Abnormal thorax morphology, Myoclonus, Ataxia, Bone pain, neuroblastoma, Elevated urinary vanillylmandelic acid, Autosomal dominant inheritance, Abdominal pain, Fever, Failure to thrive, Typified by incomplete penetrance, Anemia, Sporadic, Weight loss, Neoplasm of the nervous system",.,HGVS Name(s): n.213+43774G>A.,,,,,,
rs4336470,Variant,0.27798963,dbSNP,Neuroblastoma,.,Phenotype ontologies,:,"Myoclonus, Abnormal thorax morphology, Diarrhea, Skin nodule, Elevated urinary dopamine level, Hypertension, Spinal cord compression, Horner syndrome, obsolete Heterogeneous, Elevated urinary homovanillic acid, Neuroblastoma, Neoplasm of the nervous system, Weight loss, Sporadic, Anemia, Failure to thrive, Typified by incomplete penetrance, Autosomal dominant inheritance, Abdominal pain, Fever, Elevated urinary vanillylmandelic acid, Bone pain, Ataxia, neuroblastoma",.,HGVS Name(s): c.2514-2494G>A.,,,,,,
rs4436359,Variant,0.25321832,dbSNP,Neuroblastoma,,or malignant cutaneou,s,"melanoma. Phenotype ontologies: cutaneous melanoma, neuroblastoma. HGVS Name(s): n.279-12823C>A, n.279-12823C>G.",,,,,,,,
rs4438469,Variant,0.25321832,dbSNP,Neuroblastoma,.,Phenotype ontologies,:,"Spinal cord compression, Hypertension, obsolete Heterogeneous, Horner syndrome, Skin nodule, Elevated urinary dopamine level, Neuroblastoma, Elevated urinary homovanillic acid, Myoclonus, Diarrhea, Abnormal thorax morphology, Abdominal pain, Fever, Autosomal dominant inheritance, Elevated urinary vanillylmandelic acid, Ataxia, Bone pain, neuroblastoma, Neoplasm of the nervous system, Anemia, Sporadic, Weight loss, Typified by incomplete penetrance, Failure to thrive",.,"HGVS Name(s): c.247-30786C>A, c.247-30786C>G, c.247-30786C>T.",,,,,,
rs4487594,Variant,0.27798963,dbSNP,Neuroblastoma,.,Phenotype ontologies,:,"Abnormal thorax morphology, Diarrhea, Myoclonus, Elevated urinary homovanillic acid, Neuroblastoma, Elevated urinary dopamine level, Skin nodule, Horner syndrome, obsolete Heterogeneous, Hypertension, Spinal cord compression, Failure to thrive, Typified by incomplete penetrance, Sporadic, Weight loss, Anemia, Neoplasm of the nervous system, neuroblastoma, Bone pain, Ataxia, Elevated urinary vanillylmandelic acid, Autosomal dominant inheritance, Fever, Abdominal pain",.,"HGVS Name(s): n.327-12439A>C, n.327-12439A>G, n.327-12439A>T, n.562-11993T>A, n.562-11993T>C, n.562-11993T>G.",,,,,,
rs4505549,Variant,0.25321832,dbSNP,Blood pressur,e,;Neuroblastoma. Pheno,t,"ype ontologies: Elevated urinary vanillylmandelic acid, Ataxia, neuroblastoma, systolic blood pressure, Typified by incomplete penetrance, Anemia, Sporadic, diastolic blood pressure, Neuroblastoma, Elevated urinary homovanillic acid, Skin nodule, Horner syndrome, Myoclonus, mean arterial pressure, Bone pain, Autosomal dominant inheritance, Fever, Abdominal pain, Failure to thrive, Neoplasm of the nervous system, Weight loss, Elevated urinary dopamine level, Hypertens",i,"on, Spinal cord compression, obsolete Heterogeneous, Abnormal thorax morphology, Diarrhea.",,,,,,
rs454212,Variant,0.27798963,dbSNP,3-ketodihydro,s,phingosine reductase,l,evels;Activin receptor type-2A levels;Advanced age related macular degeneration;Age Related Macular Degeneration with GeographicAtropy;Age Related Macular Degeneration with neovascularization;Bone morphogenetic protein 3 levels;Cadherin-11 levels;Complement component C8 levels;Cytochrome b-c1 complex subunit 7 levels;Endothelial differentiation-related factor 1 levels;Epididymal-specific lipocalin-10 levels;Hexokinase-3 levels;Interleukin-36 receptor antagonist prote,i,"n levels;Keratin, type II cytoskeletal 7 levels;Killer cell immunoglobulin-like receptor 2DL1 levels;Lymphokine-activated killer T-cell-originated",pr,otein,kin,as,e,"levels;Macular Degeneration;Magnesium transporter NIPA4 levels;Melanoma-associated antigen 5 levels;Neuroblastoma;Neuroendocrine protein 7B2 levels;OCIA domain-containing protein 1 levels;Oral cancer-overexpressed protein 1 levels;PR domain zinc finger protein 1 levels;Prorelaxin H2 levels;Regulator of G-protein signaling 8 levels;Retinoic acid early t. Phenotype ontologies: Neuroblastoma, Elevated urinary homovanillic acid, Horner syndrome, Skin nodule, Myoclonus, Ataxia, neuroblastoma, Elevated urinary vanillylmandelic acid, protein measurement, Typified by incomplete penetrance, Macular degeneration, atrophic macular degeneration, wet macular degeneration, Sporadic, Anemia, obsolete Heterogeneous, Spinal cord compression, Hypertension, Elevated urinary dopamine level, Diarrhea, Abnormal thorax morphology, age-related macular degeneration, Bone pain, Fever, Abdominal pain, macular degeneration, Autosomal dominant inheritance, Failure to thrive, Weight loss, Neoplasm of the nervous system. HGVS Name(s): c.2068-114C>T, c.2203-114C>T, c.2239-114C>T."
rs45517289,Variant,0.31848878,dbSNP,Not specified,o,type not specified;Ne,u,"roblastoma;Tuberous sclerosis 2 (TSC2);Tuberous sclerosis syndrome. Phenotype ontologies: Abnormal thorax morphology, Diarrhea, Precocious puberty, obsolete Heterogeneous, Spinal cord compression, Hypertension, Elevated urinary dopamine level, Phenotypic variability, Intellectual disability, Renal angiomyolipoma, tuberous sclerosis, Failure to thrive, Optic nerve glioma, Renal cyst, Subcutaneous nodule, Weight loss, Neoplasm of the nervous system, Bone pain, Abdomina",l,"pain, Fever, Achromatic retinal patches, Hypothyroidism, Autosomal dominant inheritance, Myoclonus, Renal cell carcinoma, Elevated urinary homovan",il,lic ac,"id,",N,eu,"roblastoma, Horner syndrome, Adenoma sebaceum, Skin nodule, Typified by incomplete penetrance, Sporadic, Subungual fibromas, Anemia, Attention deficit hyperactivity disorder, Ataxia, neuroblastoma, Elevated urinary vanillylmandelic acid, Autism, Cafe-au-lait spot, Cerebral calcification, Gingival fibromatosis. HGVS Name(s): c.3152+1G>A, c.3152+1G>C, c.3152+1G>T, c.3155+1G>A, c.3155+1G>C, c.3155+1G>T, c.3200+1G>A, c.3200+1G>C, c.3200+1G>T, c.3284+1G>A, c.3284+1G>C, c.3284+1G>T."
rs4566595,Variant,0.27798963,dbSNP,Neuroblastoma,.,Phenotype ontologies,:,"Typified by incomplete penetrance, Failure to thrive, Neoplasm of the nervous system, Sporadic, Anemia, Weight loss, Elevated urinary vanillylmandelic acid, Ataxia, Bone pain, neuroblastoma, Fever, Abdominal pain, Autosomal dominant inheritance, Diarrhea, Abnormal thorax morphology, Myoclonus, Elevated urinary homovanillic acid, Neuroblastoma, Spinal cord compression, Hypertension, Horner syndrome, obsolete Heterogeneous, Skin nodule, Elevated urinary dopamine level",.,,,,,,,
rs4594848,Variant,0.27798963,dbSNP,Height;Neurob,l,astoma. Phenotype ont,o,"logies: Myoclonus, Neuroblastoma, Elevated urinary homovanillic acid, Skin nodule, Horner syndrome, body height, Typified by incomplete penetrance, Sporadic, Anemia, neuroblastoma, Ataxia, Elevated urinary vanillylmandelic acid, Diarrhea, Abnormal thorax morphology, Elevated urinary dopamine level, obsolete Heterogeneous, Spinal cord compression, Hypertension, Failure to thrive, Weight loss, Neoplasm of the nervous system, Bone pain, Autosomal dominant inheritance, A",b,"dominal pain, Fever.",,,,,,
rs4609161,Variant,0.32279584,dbSNP,Neuroblastoma,.,Phenotype ontologies,:,"Elevated urinary dopamine level, Skin nodule, Horner syndrome, obsolete Heterogeneous, Spinal cord compression, Hypertension, Neuroblastoma, Elevated urinary homovanillic acid, Myoclonus, Diarrhea, Abnormal thorax morphology, Autosomal dominant inheritance, Abdominal pain, Fever, Bone pain, Ataxia, neuroblastoma, Elevated urinary vanillylmandelic acid, Weight loss, Sporadic, Anemia, Neoplasm of the nervous system, Failure to thrive, Typified by incomplete penetrance",.,"HGVS Name(s): c.184-27635G>A, c.651+26148G>A.",,,,,,
rs4613118,Variant,0.31848878,dbSNP,Neuroblastoma,.,Phenotype ontologies,:,"Elevated urinary vanillylmandelic acid, Ataxia, Bone pain, neuroblastoma, Abdominal pain, Fever, Autosomal dominant inheritance, Typified by incomplete penetrance, Failure to thrive, Neoplasm of the nervous system, Weight loss, Sporadic, Anemia, Neuroblastoma, Elevated urinary homovanillic acid, Hypertension, Spinal cord compression, obsolete Heterogeneous, Horner syndrome, Skin nodule, Elevated urinary dopamine level, Abnormal thorax morphology, Diarrhea, Myoclonus",.,"HGVS Name(s): c.*776T>A, c.*776T>C, c.-23T>A, c.-23T>C.",,,,,,
rs4620711,Variant,0.31353796,dbSNP,Neuroblastoma,.,Phenotype ontologies,:,"Abnormal thorax morphology, Diarrhea, Myoclonus, Elevated urinary homovanillic acid, Neuroblastoma, Spinal cord compression, Hypertension, Horner syndrome, obsolete Heterogeneous, Skin nodule, Elevated urinary dopamine level, Typified by incomplete penetrance, Failure to thrive, Neoplasm of the nervous system, Sporadic, Weight loss, Anemia, Elevated urinary vanillylmandelic acid, neuroblastoma, Bone pain, Ataxia, Abdominal pain, Fever, Autosomal dominant inheritance",.,"HGVS Name(s): c.160+11306C>G, c.160+11306C>T, n.281+51259C>G, n.281+51259C>T.",,,,,,
rs4632732,Variant,0.27798963,dbSNP,Neuroblastoma,.,Phenotype ontologies,:,"Abnormal thorax morphology, Diarrhea, Myoclonus, Elevated urinary homovanillic acid, Neuroblastoma, Spinal cord compression, Hypertension, obsolete Heterogeneous, Horner syndrome, Skin nodule, Elevated urinary dopamine level, Typified by incomplete penetrance, Failure to thrive, Neoplasm of the nervous system, Anemia, Sporadic, Weight loss, Elevated urinary vanillylmandelic acid, Ataxia, Bone pain, neuroblastoma, Fever, Abdominal pain, Autosomal dominant inheritance",.,"HGVS Name(s): n.262+50854T>C, n.262+50854T>G.",,,,,,
rs4657121,Variant,0.25321832,dbSNP,Neuroblastoma,.,Phenotype ontologies,:,"Elevated urinary vanillylmandelic acid, Ataxia, Bone pain, neuroblastoma, Autosomal dominant inheritance, Fever, Abdominal pain, Failure to thrive, Typified by incomplete penetrance, Neoplasm of the nervous system, Weight loss, Sporadic, Anemia, Neuroblastoma, Elevated urinary homovanillic acid, Skin nodule, Elevated urinary dopamine level, Spinal cord compression, Hypertension, Horner syndrome, obsolete Heterogeneous, Abnormal thorax morphology, Diarrhea, Myoclonus",.,"HGVS Name(s): c.1801+913G>A, c.1801+913G>C, c.1804+913G>A, c.1804+913G>C, c.1861+913G>A, c.1861+913G>C.",,,,,,
rs4689963,Variant,0.27798963,dbSNP,Neuroblastoma,.,Phenotype ontologies,:,"Diarrhea, Abnormal thorax morphology, Myoclonus, Neuroblastoma, Elevated urinary homovanillic acid, Skin nodule, Elevated urinary dopamine level, Hypertension, Spinal cord compression, Horner syndrome, obsolete Heterogeneous, Failure to thrive, Typified by incomplete penetrance, Neoplasm of the nervous system, Sporadic, Anemia, Weight loss, Elevated urinary vanillylmandelic acid, Bone pain, neuroblastoma, Ataxia, Autosomal dominant inheritance, Fever, Abdominal pain",.,"HGVS Name(s): n.142-342G>A, n.142-342G>T.",,,,,,
rs4693128,Variant,0.27798963,dbSNP,Neuroblastoma,,or malignant cutaneou,s,"melanoma;Systolic blood pressure standard GWA. Phenotype ontologies: cutaneous melanoma, neuroblastoma, systolic blood pressure. HGVS Name(s): c.268+87589C>T.",,,,,,,,
rs4696715,Variant,0.27798963,dbSNP,Neuroblastoma,.,Phenotype ontologies,:,"Ataxia, Bone pain, neuroblastoma, Elevated urinary vanillylmandelic acid, Autosomal dominant inheritance, Fever, Abdominal pain, Failure to thrive, Typified by incomplete penetrance, Sporadic, Weight loss, Anemia, Neoplasm of the nervous system, Elevated urinary homovanillic acid, Neuroblastoma, Elevated urinary dopamine level, Skin nodule, obsolete Heterogeneous, Horner syndrome, Hypertension, Spinal cord compression, Diarrhea, Abnormal thorax morphology, Myoclonus",.,"HGVS Name(s): c.1194+2024A>C, c.1194+2024A>G, c.1194+2024A>T, c.1227+2024A>C, c.1227+2024A>G, c.1227+2024A>T, c.816+2024A>C, c.816+2024A>G, c.816+",20,24A>T.,,,,
rs4712653,Variant,0.27798963,dbSNP,Hemoglobin co,n,centration;Neuroblast,o,"ma;Neuroblastoma (1p deletion);Neuroblastoma (MYCN amplification). Phenotype ontologies: Skin nodule, Horner syndrome, Elevated urinary homovanillic acid, Neuroblastoma, Myoclonus, mean corpuscular hemoglobin concentration, Elevated urinary vanillylmandelic acid, neuroblastoma, Ataxia, Sporadic, Anemia, Typified by incomplete penetrance, Elevated urinary dopamine level, Hypertension, Spinal cord compression, obsolete Heterogeneous, Abnormal thorax morphology, Diarrhe",a,", Autosomal dominant inheritance, hemoglobin measurement, Abdominal pain, Fever, Bone pain, Neoplasm of the nervous system, Weight loss, Failure to",t,hrive.,HG,VS,N,"ame(s): n.1334+14815T>A, n.1334+14815T>C, n.1334+14815T>G."
rs4712656,Variant,0.27798963,dbSNP,Diastolic blo,o,d pressure;Hemoglobin,;,"Hemoglobin concentration;Red blood cell count;Sporadic neuroblastoma;Systolic blood pressure. Phenotype ontologies: mean corpuscular hemoglobin concentration, erythrocyte count, diastolic blood pressure, neuroblastoma, systolic blood pressure, hemoglobin measurement. HGVS Name(s): n.1334+25113G>A, n.1334+25113G>C, n.1334+25113G>T, n.705C>A, n.705C>G, n.705C>T.",,,,,,,,
rs4719687,Variant,0.32279584,dbSNP,Neuroblastoma,.,Phenotype ontologies,:,"Neuroblastoma, Elevated urinary homovanillic acid, Hypertension, Spinal cord compression, obsolete Heterogeneous, Horner syndrome, Skin nodule, Elevated urinary dopamine level, Diarrhea, Abnormal thorax morphology, Myoclonus, Elevated urinary vanillylmandelic acid, Bone pain, neuroblastoma, Ataxia, Abdominal pain, Fever, Autosomal dominant inheritance, Typified by incomplete penetrance, Failure to thrive, Neoplasm of the nervous system, Anemia, Sporadic, Weight loss",.,"HGVS Name(s): c.997-8884A>G, c.997-8884A>T.",,,,,,
rs4755731,Variant,0.31353796,dbSNP,Cigarettes sm,o,ked per day (MTAG);Ne,u,"roblastoma. Phenotype ontologies: Elevated urinary homovanillic acid, Neuroblastoma, Elevated urinary dopamine level, Skin nodule, obsolete Heterogeneous, Horner syndrome, Hypertension, Spinal cord compression, Abnormal thorax morphology, Diarrhea, Myoclonus, Ataxia, Bone pain, neuroblastoma, Elevated urinary vanillylmandelic acid, cigarettes per day measurement, Autosomal dominant inheritance, Abdominal pain, Fever, Failure to thrive, Typified by incomplete penetran",c,"e, Anemia, Sporadic, Weight loss, Neoplasm of the nervous system. HGVS Name(s): n.186+5919T>C, n.281+22584A>G, n.287-9373A>G.",,,,,,
rs4758051,Variant,0.31353796,dbSNP,Height;Neurob,l,astoma. Phenotype ont,o,"logies: Weight loss, Neoplasm of the nervous system, Failure to thrive, Abdominal pain, Fever, Autosomal dominant inheritance, Bone pain, Abnormal thorax morphology, Diarrhea, obsolete Heterogeneous, Hypertension, Spinal cord compression, Elevated urinary dopamine level, Sporadic, Anemia, Typified by incomplete penetrance, body height, neuroblastoma, Ataxia, Elevated urinary vanillylmandelic acid, Myoclonus, Horner syndrome, Skin nodule, Neuroblastoma, Elevated urina",r,"y homovanillic acid. HGVS Name(s): n.228+368G>A, n.228+368G>C.",,,,,,
rs4769414,Variant,0.31353796,dbSNP,Heart failure,;,Neuroblastoma. Phenot,y,"pe ontologies: Neuroblastoma, Elevated urinary homovanillic acid, Skin nodule, Horner syndrome, Myoclonus, Ataxia, neuroblastoma, Elevated urinary vanillylmandelic acid, heart failure, Typified by incomplete penetrance, Anemia, Sporadic, Elevated urinary dopamine level, obsolete Heterogeneous, Hypertension, Spinal cord compression, Diarrhea, Abnormal thorax morphology, Bone pain, Autosomal dominant inheritance, Abdominal pain, Fever, Failure to thrive, Weight loss, N",e,"oplasm of the nervous system, Congestive heart failure. HGVS Name(s): n.299-21235A>C, n.299-21235A>G, n.299-21235A>T.",,,,,,
rs4770073,Variant,0.31353796,dbSNP,Neuroblastoma,.,Phenotype ontologies,:,"Myoclonus, Abnormal thorax morphology, Diarrhea, Skin nodule, Elevated urinary dopamine level, Spinal cord compression, Hypertension, obsolete Heterogeneous, Horner syndrome, Neuroblastoma, Elevated urinary homovanillic acid, Neoplasm of the nervous system, Anemia, Sporadic, Weight loss, Failure to thrive, Typified by incomplete penetrance, Autosomal dominant inheritance, Fever, Abdominal pain, Elevated urinary vanillylmandelic acid, Bone pain, neuroblastoma, Ataxia",.,HGVS Name(s): c.1640-344T>C.,,,,,,
rs4779984,Variant,0.31353796,dbSNP,Neuroblastoma,.,Phenotype ontologies,:,"Elevated urinary homovanillic acid, Neuroblastoma, Skin nodule, Elevated urinary dopamine level, Hypertension, Spinal cord compression, Horner syndrome, obsolete Heterogeneous, Abnormal thorax morphology, Diarrhea, Myoclonus, Elevated urinary vanillylmandelic acid, neuroblastoma, Bone pain, Ataxia, Autosomal dominant inheritance, Fever, Abdominal pain, Failure to thrive, Typified by incomplete penetrance, Neoplasm of the nervous system, Anemia, Sporadic, Weight loss",.,HGVS Name(s): n.188-14527T>C.,,,,,,
rs4780959,Variant,0.31848878,dbSNP,Neuroblastoma,.,Phenotype ontologies,:,"Autosomal dominant inheritance, Fever, Abdominal pain, Bone pain, Ataxia, neuroblastoma, Elevated urinary vanillylmandelic acid, Sporadic, Weight loss, Anemia, Neoplasm of the nervous system, Failure to thrive, Typified by incomplete penetrance, Elevated urinary dopamine level, Skin nodule, Horner syndrome, obsolete Heterogeneous, Spinal cord compression, Hypertension, Elevated urinary homovanillic acid, Neuroblastoma, Myoclonus, Abnormal thorax morphology, Diarrhea",.,"HGVS Name(s): n.226+12099T>A, n.226+12099T>C, n.226+12099T>G.",,,,,,
rs4834308,Variant,0.27798963,dbSNP,Neuroblastoma,.,Phenotype ontologies,:,"Neuroblastoma, Elevated urinary homovanillic acid, Elevated urinary dopamine level, Skin nodule, Horner syndrome, obsolete Heterogeneous, Spinal cord compression, Hypertension, Abnormal thorax morphology, Diarrhea, Myoclonus, Bone pain, neuroblastoma, Ataxia, Elevated urinary vanillylmandelic acid, Autosomal dominant inheritance, Fever, Abdominal pain, Failure to thrive, Typified by incomplete penetrance, Sporadic, Anemia, Weight loss, Neoplasm of the nervous system",.,HGVS Name(s): c.-39-17485A>C.,,,,,,
rs4850679,Variant,0.25321832,dbSNP,Neuroblastoma,.,Phenotype ontologies,:,"Elevated urinary vanillylmandelic acid, neuroblastoma, Bone pain, Ataxia, Abdominal pain, Fever, Autosomal dominant inheritance, Typified by incomplete penetrance, Failure to thrive, Neoplasm of the nervous system, Sporadic, Anemia, Weight loss, Neuroblastoma, Elevated urinary homovanillic acid, Hypertension, Spinal cord compression, Horner syndrome, obsolete Heterogeneous, Skin nodule, Elevated urinary dopamine level, Abnormal thorax morphology, Diarrhea, Myoclonus",.,"HGVS Name(s): c.*4849G>A, c.*4849G>C, c.*4849G>T.",,,,,,
rs4877519,Variant,0.32279584,dbSNP,Neuroblastoma,.,Phenotype ontologies,:,"Elevated urinary homovanillic acid, Neuroblastoma, Hypertension, Spinal cord compression, obsolete Heterogeneous, Horner syndrome, Skin nodule, Elevated urinary dopamine level, Abnormal thorax morphology, Diarrhea, Myoclonus, Elevated urinary vanillylmandelic acid, Bone pain, neuroblastoma, Ataxia, Fever, Abdominal pain, Autosomal dominant inheritance, Typified by incomplete penetrance, Failure to thrive, Neoplasm of the nervous system, Anemia, Sporadic, Weight loss",.,HGVS Name(s): n.598-8628A>C.,,,,,,
rs4902467,Variant,0.31353796,dbSNP,Neuroblastoma,.,Phenotype ontologies,:,"Neoplasm of the nervous system, Weight loss, Sporadic, Anemia, Failure to thrive, Typified by incomplete penetrance, Autosomal dominant inheritance, Abdominal pain, Fever, Elevated urinary vanillylmandelic acid, neuroblastoma, Bone pain, Ataxia, Myoclonus, Abnormal thorax morphology, Diarrhea, Skin nodule, Elevated urinary dopamine level, Hypertension, Spinal cord compression, Horner syndrome, obsolete Heterogeneous, Neuroblastoma, Elevated urinary homovanillic acid",.,"HGVS Name(s): c.*53+1379T>A, c.*53+1379T>C, n.322+40985A>G, n.322+40985A>T, n.853+1379T>A, n.853+1379T>C.",,,,,,
rs4925229,Variant,0.31848878,dbSNP,Not specified,o,type not specified;Ne,u,"roblastoma pediatric. Phenotype ontologies: neuroblastoma. HGVS Name(s): c.1201A>G, p.Thr401Ala.",,,,,,,,
rs4930431,Variant,0.31353796,dbSNP,Neuroblastoma,.,Phenotype ontologies,:,"Myoclonus, Diarrhea, Abnormal thorax morphology, obsolete Heterogeneous, Horner syndrome, Hypertension, Spinal cord compression, Elevated urinary dopamine level, Skin nodule, Neuroblastoma, Elevated urinary homovanillic acid, Sporadic, Anemia, Weight loss, Neoplasm of the nervous system, Typified by incomplete penetrance, Failure to thrive, Fever, Abdominal pain, Autosomal dominant inheritance, Bone pain, neuroblastoma, Ataxia, Elevated urinary vanillylmandelic acid",.,,,,,,,
rs4942925,Variant,0.31353796,dbSNP,Neuroblastoma,.,Phenotype ontologies,:,"Abnormal thorax morphology, Diarrhea, Myoclonus, Neuroblastoma, Elevated urinary homovanillic acid, obsolete Heterogeneous, Horner syndrome, Spinal cord compression, Hypertension, Elevated urinary dopamine level, Skin nodule, Typified by incomplete penetrance, Failure to thrive, Weight loss, Sporadic, Anemia, Neoplasm of the nervous system, Bone pain, Ataxia, neuroblastoma, Elevated urinary vanillylmandelic acid, Abdominal pain, Fever, Autosomal dominant inheritance",.,,,,,,,
rs4954564,Variant,0.25321832,dbSNP,Neuroblastoma,.,Phenotype ontologies,:,"Elevated urinary dopamine level, Skin nodule, obsolete Heterogeneous, Horner syndrome, Hypertension, Spinal cord compression, Neuroblastoma, Elevated urinary homovanillic acid, Myoclonus, Diarrhea, Abnormal thorax morphology, Autosomal dominant inheritance, Fever, Abdominal pain, Ataxia, Bone pain, neuroblastoma, Elevated urinary vanillylmandelic acid, Sporadic, Anemia, Weight loss, Neoplasm of the nervous system, Failure to thrive, Typified by incomplete penetrance",.,"HGVS Name(s): n.685+10488A>C, n.685+10488A>G, n.685+10488A>T.",,,,,,
rs4971342,Variant,0.25321832,dbSNP,Neuroblastoma,.,Phenotype ontologies,:,"Fever, Abdominal pain, Autosomal dominant inheritance, Bone pain, Ataxia, neuroblastoma, Elevated urinary vanillylmandelic acid, Sporadic, Anemia, Weight loss, Neoplasm of the nervous system, Typified by incomplete penetrance, Failure to thrive, obsolete Heterogeneous, Horner syndrome, Hypertension, Spinal cord compression, Elevated urinary dopamine level, Skin nodule, Elevated urinary homovanillic acid, Neuroblastoma, Myoclonus, Abnormal thorax morphology, Diarrhea",.,HGVS Name(s): n.184-365C>T.,,,,,,
rs4978813,Variant,0.32279584,dbSNP,Neuroblastoma,;,Plantar warts. Phenot,y,"pe ontologies: Autosomal dominant inheritance, Abdominal pain, Fever, Bone pain, Ataxia, neuroblastoma, Elevated urinary vanillylmandelic acid, Weight loss, Sporadic, Anemia, Neoplasm of the nervous system, Failure to thrive, Typified by incomplete penetrance, Elevated urinary dopamine level, Skin nodule, obsolete Heterogeneous, Horner syndrome, Hypertension, Spinal cord compression, Elevated urinary homovanillic acid, Neuroblastoma, Myoclonus, Diarrhea, Abnormal tho",r,"ax morphology. HGVS Name(s): c.-18+8936C>A, c.-18+8936C>G, c.-18+8936C>T.",,,,,,
rs528315610,Variant,0.000562459,dbSNP,Hereditary cancer-predisposing syndrome,n,cer-predisposing synd,r,"ome;NEUROBLASTOMA, SUSCEPTIBILITY TO, 3 (NBLST3). Phenotype ontologies: neuroblastoma, susceptibility to, 3. HGVS Name(s): c.2622C>T, p.Ser874=.",,,,,,,,
rs528568887,Variant,0.25321832,dbSNP,Neuroblastoma,.,Phenotype ontologies,:,"Diarrhea, Abnormal thorax morphology, Myoclonus, Neuroblastoma, Elevated urinary homovanillic acid, Spinal cord compression, Hypertension, obsolete Heterogeneous, Horner syndrome, Skin nodule, Elevated urinary dopamine level, Typified by incomplete penetrance, Failure to thrive, Neoplasm of the nervous system, Anemia, Sporadic, Weight loss, Elevated urinary vanillylmandelic acid, neuroblastoma, Bone pain, Ataxia, Abdominal pain, Fever, Autosomal dominant inheritance",.,HGVS Name(s): c.-127G>A.,,,,,,
rs528844155,Variant,0.000562459,dbSNP,Not specified,o,type not specified;NE,U,"ROBLASTOMA, SUSCEPTIBILITY TO, 3 (NBLST3). Phenotype ontologies: neuroblastoma, susceptibility to, 3. HGVS Name(s): c.2597C>T, p.Ser866Leu.",,,,,,,,
rs528928041,Variant,0.000562459,dbSNP,ALK-related d,i,"sorder;NEUROBLASTOMA,",,"SUSCEPTIBILITY TO, 3 (NBLST3). Phenotype ontologies: neuroblastoma, susceptibility to, 3. HGVS Name(s): c.2895G>A, p.Leu965=.",,,,,,,,
rs529564378,Variant,0.25321832,dbSNP,Neuroblastoma,.,Phenotype ontologies,:,"Diarrhea, Abnormal thorax morphology, Myoclonus, Neuroblastoma, Elevated urinary homovanillic acid, Spinal cord compression, Hypertension, obsolete Heterogeneous, Horner syndrome, Skin nodule, Elevated urinary dopamine level, Typified by incomplete penetrance, Failure to thrive, Neoplasm of the nervous system, Weight loss, Sporadic, Anemia, Elevated urinary vanillylmandelic acid, Bone pain, Ataxia, neuroblastoma, Abdominal pain, Fever, Autosomal dominant inheritance",.,"HGVS Name(s): c.-68G>A, c.-68G>T.",,,,,,
rs530550940,Variant,0.27798963,dbSNP,Congenital ce,n,tral hypoventilation;,N,"EUROBLASTOMA, SUSCEPTIBILITY TO, 2 (NBLST2). Phenotype ontologies: central hypoventilation syndrome, congenital, 1, with or without Hirschsprung disease, neuroblastoma, Aganglionic megacolon, Autosomal dominant inheritance, neuroblastoma, susceptibility to, 2. HGVS Name(s): c.*1486T>C.",,,,,,,,
rs530566864,Variant,0.25321832,dbSNP,Charcot-Marie,-,Tooth disease type 2;,C,"linVar: phenotype not specified;Neuroblastoma. Phenotype ontologies: Bone pain, Ataxia, neuroblastoma, Elevated urinary vanillylmandelic acid, Fever, Abdominal pain, Autosomal dominant inheritance, Typified by incomplete penetrance, Failure to thrive, Anemia, Sporadic, Weight loss, Neoplasm of the nervous system, Elevated urinary homovanillic acid, Neuroblastoma, obsolete Heterogeneous, Horner syndrome, Spinal cord compression, Hypertension, Elevated urinary dopamine",,"level, Skin nodule, Diarrhea, Abnormal thorax morphology, Myoclonus, Charcot-Marie-Tooth disease type 2. HGVS Name(s): c.168C>T, p.Tyr56=.",,,,,,
rs531296689,Variant,0.25321832,dbSNP,Neuroblastoma,.,Phenotype ontologies,:,"Elevated urinary homovanillic acid, Neuroblastoma, obsolete Heterogeneous, Horner syndrome, Hypertension, Spinal cord compression, Elevated urinary dopamine level, Skin nodule, Diarrhea, Abnormal thorax morphology, Myoclonus, Bone pain, Ataxia, neuroblastoma, Elevated urinary vanillylmandelic acid, Fever, Abdominal pain, Autosomal dominant inheritance, Typified by incomplete penetrance, Failure to thrive, Sporadic, Weight loss, Anemia, Neoplasm of the nervous system",.,"HGVS Name(s): c.*663C>T, c.5367-1089C>T.",,,,,,
rs531640427,Variant,0.25321832,dbSNP,Charcot-Marie,-,Tooth disease type 2;,N,"euroblastoma;Pheochromocytoma. Phenotype ontologies: Typified by incomplete penetrance, Hypercalcemia, Anemia, Sporadic, Proteinuria, Ataxia, Abnormality of the genitourinary system, Elevated urinary vanillylmandelic acid, Cafe-au-lait spot, Abnormality of the cardiovascular system, Tachycardia, Abnormality of blood and blood-forming tissues, Myoclonus, Hemangioma, Episodic hypertension, Elevated urinary homovanillic acid, Neuroblastoma, Pheochromocytoma, Failure to",t,"hrive, Weight loss, adrenal gland pheochromocytoma, Diarrhea, Abnormal thorax morphology, Elevated urinary dopamine level, Abnormality of the endoc",ri,ne sys,tem,",",Sp,"inal cord compression, pheochromocytoma, Abnormality of the nervous system, neuroblastoma, Cerebral hemorrhage, Hyperhidrosis, Abnormality of metabolism/homeostasis, Skin nodule, Horner syndrome, Neoplasm, Neoplasm of the nervous system, Congestive heart failure, Bone pain, Autosomal dominant inheritance, Fever, Abdominal pain, Charcot-Marie-Tooth disease type 2, Abnormality of the eye, Renal artery stenosis, obsolete Heterogeneous, Hypertension. HGVS Name(s): c.*2465_*2464insT, c.*4280_*4279insT."
rs5326,Variant,0.27798963,dbSNP,Neuroblastoma,.,Phenotype ontologies,:,"Anemia, Sporadic, Weight loss, Neoplasm of the nervous system, Failure to thrive, Typified by incomplete penetrance, Autosomal dominant inheritance, Abdominal pain, Fever, Bone pain, neuroblastoma, Ataxia, Elevated urinary vanillylmandelic acid, Myoclonus, Abnormal thorax morphology, Diarrhea, Elevated urinary dopamine level, Skin nodule, Horner syndrome, obsolete Heterogeneous, Hypertension, Spinal cord compression, Elevated urinary homovanillic acid, Neuroblastoma",.,HGVS Name(s): c.-94G>A.,,,,,,
rs532711949,Variant,0.27798963,dbSNP,Not specified,o,type not specified;Co,n,"genital central hypoventilation;Haddad syndrome;Hereditary cancer-predisposing syndrome;NEUROBLASTOMA, SUSCEPTIBILITY TO, 2 (NBLST2);PHOX2B-related disorder. Phenotype ontologies: neuroblastoma, Autosomal dominant inheritance, Aganglionic megacolon, central hypoventilation syndrome, congenital, 1, with or without Hirschsprung disease, Haddad syndrome, neuroblastoma, susceptibility to, 2. HGVS Name(s): c.227G>C, n.39C>G, p.Ser76Thr.",,,,,,,,
rs532808222,Variant,0.000562459,dbSNP,Neuroblastoma,",","SUSCEPTIBILITY TO, 3",,"(NBLST3). Phenotype ontologies: neuroblastoma, susceptibility to, 3. HGVS Name(s): c.2816-5C>T.",,,,,,,,
rs533733008,Variant,0.000562459,dbSNP,Neuroblastoma,",","SUSCEPTIBILITY TO, 3",,"(NBLST3). Phenotype ontologies: neuroblastoma, susceptibility to, 3. HGVS Name(s): c.2816-3C>T.",,,,,,,,
rs535441820,Variant,0.000562459,dbSNP,Neuroblastoma,",","SUSCEPTIBILITY TO, 3",,"(NBLST3). Phenotype ontologies: neuroblastoma, susceptibility to, 3. HGVS Name(s): c.2041+6G>T.",,,,,,,,
rs535962589,Variant,0.27798963,dbSNP,Congenital ce,n,tral hypoventilation;,N,"EUROBLASTOMA, SUSCEPTIBILITY TO, 2 (NBLST2). Phenotype ontologies: neuroblastoma, central hypoventilation syndrome, congenital, 1, with or without Hirschsprung disease, Aganglionic megacolon, Autosomal dominant inheritance, neuroblastoma, susceptibility to, 2. HGVS Name(s): c.*693C>T.",,,,,,,,
rs535976639,Variant,0.25321832,dbSNP,Neuroblastoma,.,Phenotype ontologies,:,"Elevated urinary homovanillic acid, Neuroblastoma, obsolete Heterogeneous, Horner syndrome, Hypertension, Spinal cord compression, Elevated urinary dopamine level, Skin nodule, Abnormal thorax morphology, Diarrhea, Myoclonus, Ataxia, Bone pain, neuroblastoma, Elevated urinary vanillylmandelic acid, Fever, Abdominal pain, Autosomal dominant inheritance, Typified by incomplete penetrance, Failure to thrive, Anemia, Sporadic, Weight loss, Neoplasm of the nervous system",.,"HGVS Name(s): c.*2806C>T, c.*4621C>T.",,,,,,
rs536529721,Variant,0.25321832,dbSNP,Neuroblastoma,.,Phenotype ontologies,:,"Abdominal pain, Fever, Autosomal dominant inheritance, Elevated urinary vanillylmandelic acid, Ataxia, Bone pain, neuroblastoma, Neoplasm of the nervous system, Sporadic, Weight loss, Anemia, Typified by incomplete penetrance, Failure to thrive, Spinal cord compression, Hypertension, Horner syndrome, obsolete Heterogeneous, Skin nodule, Elevated urinary dopamine level, Elevated urinary homovanillic acid, Neuroblastoma, Myoclonus, Abnormal thorax morphology, Diarrhea",.,"HGVS Name(s): c.*2042G>A, c.*2042G>C, c.*2042G>T, c.*3857G>A, c.*3857G>C, c.*3857G>T.",,,,,,
rs538087576,Variant,0.000562459,dbSNP,Neuroblastoma,",","SUSCEPTIBILITY TO, 3",,"(NBLST3). Phenotype ontologies: neuroblastoma, susceptibility to, 3. HGVS Name(s): c.2355+6T>G.",,,,,,,,
rs538445545,Variant,0.27798963,dbSNP,Congenital ce,n,tral hypoventilation;,N,"EUROBLASTOMA, SUSCEPTIBILITY TO, 2 (NBLST2). Phenotype ontologies: central hypoventilation syndrome, congenital, 1, with or without Hirschsprung disease, neuroblastoma, neuroblastoma, susceptibility to, 2, Aganglionic megacolon, Autosomal dominant inheritance. HGVS Name(s): c.-105G>A, n.241+129C>T.",,,,,,,,
rs539018263,Variant,0.000562459,dbSNP,Neuroblastoma,",","SUSCEPTIBILITY TO, 3",,"(NBLST3). Phenotype ontologies: neuroblastoma, susceptibility to, 3. HGVS Name(s): c.1817+10A>C, c.1817+10A>G.",,,,,,,,
rs539372635,Variant,0.25321832,dbSNP,Neuroblastoma,.,Phenotype ontologies,:,"Elevated urinary homovanillic acid, Neuroblastoma, Elevated urinary dopamine level, Skin nodule, Horner syndrome, obsolete Heterogeneous, Spinal cord compression, Hypertension, Diarrhea, Abnormal thorax morphology, Myoclonus, Ataxia, Bone pain, neuroblastoma, Elevated urinary vanillylmandelic acid, Autosomal dominant inheritance, Abdominal pain, Fever, Failure to thrive, Typified by incomplete penetrance, Anemia, Sporadic, Weight loss, Neoplasm of the nervous system",.,"HGVS Name(s): c.*1238G>A, c.5367-514G>A.",,,,,,
rs539585617,Variant,0.000562459,dbSNP,Hereditary cancer-predisposing syndrome,n,cer-predisposing synd,r,"ome;NEUROBLASTOMA, SUSCEPTIBILITY TO, 3 (NBLST3). Phenotype ontologies: neuroblastoma, susceptibility to, 3. HGVS Name(s): c.2949T>C, p.His983=.",,,,,,,,
rs539763601,Variant,0.000562459,dbSNP,Neuroblastoma,",","SUSCEPTIBILITY TO, 3",,"(NBLST3). Phenotype ontologies: neuroblastoma, susceptibility to, 3. HGVS Name(s): c.1999G>A, c.1999G>C, p.Gly667Arg.",,,,,,,,
rs539967376,Variant,0.25321832,dbSNP,Neuroblastoma,.,Phenotype ontologies,:,"Typified by incomplete penetrance, Failure to thrive, Neoplasm of the nervous system, Anemia, Sporadic, Weight loss, Elevated urinary vanillylmandelic acid, Bone pain, neuroblastoma, Ataxia, Abdominal pain, Fever, Autosomal dominant inheritance, Abnormal thorax morphology, Diarrhea, Myoclonus, Neuroblastoma, Elevated urinary homovanillic acid, Hypertension, Spinal cord compression, obsolete Heterogeneous, Horner syndrome, Skin nodule, Elevated urinary dopamine level",.,"HGVS Name(s): c.*2226C>G, c.*4041C>G.",,,,,,
rs540616562,Variant,0.25321832,dbSNP,Not specified,o,type not specified;Ne,u,"roblastoma. Phenotype ontologies: Typified by incomplete penetrance, Failure to thrive, Neoplasm of the nervous system, Weight loss, Sporadic, Anemia, Elevated urinary vanillylmandelic acid, neuroblastoma, Bone pain, Ataxia, Abdominal pain, Fever, Autosomal dominant inheritance, Diarrhea, Abnormal thorax morphology, Myoclonus, Neuroblastoma, Elevated urinary homovanillic acid, Spinal cord compression, Hypertension, Horner syndrome, obsolete Heterogeneous, Skin nodule",",","Elevated urinary dopamine level. HGVS Name(s): c.*1875C>A, c.*3690C>A.",,,,,,
rs544491872,Variant,0.27798963,dbSNP,Congenital ce,n,tral hypoventilation;,N,"EUROBLASTOMA, SUSCEPTIBILITY TO, 2 (NBLST2). Phenotype ontologies: neuroblastoma, central hypoventilation syndrome, congenital, 1, with or without Hirschsprung disease, neuroblastoma, susceptibility to, 2, Aganglionic megacolon, Autosomal dominant inheritance. HGVS Name(s): c.*638G>C.",,,,,,,,
rs544754092,Variant,0.25321832,dbSNP,Neuroblastoma,.,Phenotype ontologies,:,"Neoplasm of the nervous system, Anemia, Sporadic, Weight loss, Failure to thrive, Typified by incomplete penetrance, Autosomal dominant inheritance, Fever, Abdominal pain, Elevated urinary vanillylmandelic acid, Bone pain, Ataxia, neuroblastoma, Myoclonus, Diarrhea, Abnormal thorax morphology, Skin nodule, Elevated urinary dopamine level, Spinal cord compression, Hypertension, Horner syndrome, obsolete Heterogeneous, Elevated urinary homovanillic acid, Neuroblastoma",.,"HGVS Name(s): c.*2423G>T, c.*4238G>T.",,,,,,
rs545139412,Variant,0.000562459,dbSNP,Neuroblastoma,",","SUSCEPTIBILITY TO, 3",,"(NBLST3). Phenotype ontologies: neuroblastoma, susceptibility to, 3. HGVS Name(s): c.3837-17C>G, c.3837-17C>T.",,,,,,,,
rs546229540,Variant,0.25321832,dbSNP,Neuroblastoma,.,Phenotype ontologies,:,"Elevated urinary dopamine level, Skin nodule, Horner syndrome, obsolete Heterogeneous, Hypertension, Spinal cord compression, Neuroblastoma, Elevated urinary homovanillic acid, Myoclonus, Diarrhea, Abnormal thorax morphology, Autosomal dominant inheritance, Fever, Abdominal pain, Bone pain, neuroblastoma, Ataxia, Elevated urinary vanillylmandelic acid, Sporadic, Weight loss, Anemia, Neoplasm of the nervous system, Failure to thrive, Typified by incomplete penetrance",.,"HGVS Name(s): c.*1043G>C, c.*2858G>C.",,,,,,
rs546527912,Variant,0.25321832,dbSNP,Neuroblastoma,.,Phenotype ontologies,:,"Autosomal dominant inheritance, Fever, Abdominal pain, Elevated urinary vanillylmandelic acid, Bone pain, neuroblastoma, Ataxia, Neoplasm of the nervous system, Sporadic, Anemia, Weight loss, Failure to thrive, Typified by incomplete penetrance, Skin nodule, Elevated urinary dopamine level, Spinal cord compression, Hypertension, obsolete Heterogeneous, Horner syndrome, Neuroblastoma, Elevated urinary homovanillic acid, Myoclonus, Abnormal thorax morphology, Diarrhea",.,"HGVS Name(s): c.*2435C>A, c.*620C>A.",,,,,,
rs547409544,Variant,0.25321832,dbSNP,Neuroblastoma,.,Phenotype ontologies,:,"Elevated urinary vanillylmandelic acid, Ataxia, Bone pain, neuroblastoma, Fever, Abdominal pain, Autosomal dominant inheritance, Typified by incomplete penetrance, Failure to thrive, Neoplasm of the nervous system, Anemia, Sporadic, Weight loss, Elevated urinary homovanillic acid, Neuroblastoma, Spinal cord compression, Hypertension, Horner syndrome, obsolete Heterogeneous, Skin nodule, Elevated urinary dopamine level, Abnormal thorax morphology, Diarrhea, Myoclonus",.,"HGVS Name(s): c.*256A>G, c.5366+1470A>G.",,,,,,
rs547677836,Variant,0.27798963,dbSNP,Congenital ce,n,tral hypoventilation;,H,"addad syndrome;Hereditary cancer-predisposing syndrome;NEUROBLASTOMA, SUSCEPTIBILITY TO, 2 (NBLST2). Phenotype ontologies: Autosomal dominant inheritance, Aganglionic megacolon, neuroblastoma, neuroblastoma, susceptibility to, 2, Haddad syndrome, central hypoventilation syndrome, congenital, 1, with or without Hirschsprung disease. HGVS Name(s): c.486C>A, c.486C>T, p.Ala162=.",,,,,,,,
rs548680591,Variant,0.25321832,dbSNP,Charcot-Marie,-,Tooth disease type 2;,N,"euroblastoma;Pheochromocytoma. Phenotype ontologies: Abnormality of the nervous system, neuroblastoma, Hyperhidrosis, Abnormality of metabolism/homeostasis, Cerebral hemorrhage, Skin nodule, Horner syndrome, Neoplasm, Neoplasm of the nervous system, Congestive heart failure, Autosomal dominant inheritance, Fever, Abdominal pain, Bone pain, Charcot-Marie-Tooth disease type 2, Abnormality of the eye, Renal artery stenosis, obsolete Heterogeneous, Hypertension, Anemia,",S,"poradic, Typified by incomplete penetrance, Hypercalcemia, Cafe-au-lait spot, Abnormality of the cardiovascular system, Proteinuria, Ataxia, Abnorm",al,ity of,th,e,ge,"nitourinary system, Elevated urinary vanillylmandelic acid, Myoclonus, Abnormality of blood and blood-forming tissues, Tachycardia, Pheochromocytoma, Hemangioma, Episodic hypertension, Neuroblastoma, Elevated urinary homovanillic acid, Weight loss, Failure to thrive, adrenal gland pheochromocytoma, Diarrhea, Abnormal thorax morphology, Elevated urinary dopamine level, Abnormality of the endocrine system, Spinal cord compression, pheochromocytoma. HGVS Name(s): c.*2304_*2312dup, c.*2312del, c.*2313_*2312insA, c.*4119_*4127dup, c.*4127del, c.*4128_*4127insA."
rs549049444,Variant,0.25321832,dbSNP,Neuroblastoma,.,Phenotype ontologies,:,"Myoclonus, Abnormal thorax morphology, Diarrhea, Skin nodule, Elevated urinary dopamine level, Spinal cord compression, Hypertension, obsolete Heterogeneous, Horner syndrome, Elevated urinary homovanillic acid, Neuroblastoma, Neoplasm of the nervous system, Sporadic, Weight loss, Anemia, Failure to thrive, Typified by incomplete penetrance, Autosomal dominant inheritance, Fever, Abdominal pain, Elevated urinary vanillylmandelic acid, Bone pain, Ataxia, neuroblastoma",.,"HGVS Name(s): c.*2115C>G, c.*2115C>T, c.*3930C>G, c.*3930C>T.",,,,,,
rs549614550,Variant,0.25321832,dbSNP,Not specified,o,type not specified;Ne,u,"roblastoma. Phenotype ontologies: Abdominal pain, Fever, Autosomal dominant inheritance, Bone pain, Ataxia, neuroblastoma, Elevated urinary vanillylmandelic acid, Sporadic, Anemia, Weight loss, Neoplasm of the nervous system, Typified by incomplete penetrance, Failure to thrive, obsolete Heterogeneous, Horner syndrome, Hypertension, Spinal cord compression, Elevated urinary dopamine level, Skin nodule, Neuroblastoma, Elevated urinary homovanillic acid, Myoclonus, Abn",o,"rmal thorax morphology, Diarrhea. HGVS Name(s): c.*839C>A, c.*839C>T, c.5367-913C>A, c.5367-913C>T.",,,,,,
rs549825750,Variant,0.000562459,dbSNP,Hereditary cancer-predisposing syndrome,n,cer-predisposing synd,r,"ome;NEUROBLASTOMA, SUSCEPTIBILITY TO, 3 (NBLST3). Phenotype ontologies: neuroblastoma, susceptibility to, 3. HGVS Name(s): c.1998C>T, p.Pro666=.",,,,,,,,
rs550608288,Variant,0.000562459,dbSNP,Hereditary cancer-predisposing syndrome,n,cer-predisposing synd,r,"ome;NEUROBLASTOMA, SUSCEPTIBILITY TO, 3 (NBLST3). Phenotype ontologies: neuroblastoma, susceptibility to, 3. HGVS Name(s): c.719A>G, p.Tyr240Cys.",,,,,,,,
rs551392566,Variant,0.25321832,dbSNP,Not specified,o,type not specified;Ne,u,"roblastoma. Phenotype ontologies: Failure to thrive, Typified by incomplete penetrance, Sporadic, Weight loss, Anemia, Neoplasm of the nervous system, Ataxia, Bone pain, neuroblastoma, Elevated urinary vanillylmandelic acid, Autosomal dominant inheritance, Abdominal pain, Fever, Diarrhea, Abnormal thorax morphology, Myoclonus, Elevated urinary homovanillic acid, Neuroblastoma, Elevated urinary dopamine level, Skin nodule, Horner syndrome, obsolete Heterogeneous, Spin",a,"l cord compression, Hypertension. HGVS Name(s): c.*1824T>C, c.*3639T>C.",,,,,,
rs551543997,Variant,0.25321832,dbSNP,Charcot-Marie,-,Tooth disease;Charcot,-,"Marie-Tooth disease type 2;ClinVar: phenotype not specified;Neuroblastoma. Phenotype ontologies: Charcot-Marie-Tooth disease, Neuroblastoma, Elevated urinary homovanillic acid, EMG abnormality, Horner syndrome, Reduced tendon reflexes, Skeletal muscle atrophy, Skin nodule, Decreased nerve conduction velocity, Incoordination, Myoclonus, neuroblastoma, Ataxia, Elevated urinary vanillylmandelic acid, Typified by incomplete penetrance, Impaired pain sensation, Sporadic,",A,"nemia, Hemiplegia/hemiparesis, obsolete Heterogeneous, Spinal cord compression, Hypertension, Elevated urinary dopamine level, Diarrhea, Abnormal t",ho,rax mo,rph,ol,og,"y, Laryngomalacia, Kyphosis, Charcot-Marie-Tooth disease type 2, Bone pain, Fever, Abdominal pain, Autosomal dominant inheritance, Gait disturbance, Abnormality of the voice, Failure to thrive, Scoliosis, Weight loss, Neoplasm of the nervous system. HGVS Name(s): c.2107T>C, c.2203T>C, c.2245T>C, p.Trp703Arg, p.Trp735Arg, p.Trp749Arg."
rs553404052,Variant,0.25321832,dbSNP,Neuroblastoma,.,Phenotype ontologies,:,"Typified by incomplete penetrance, Failure to thrive, Neoplasm of the nervous system, Anemia, Sporadic, Weight loss, Elevated urinary vanillylmandelic acid, neuroblastoma, Bone pain, Ataxia, Abdominal pain, Fever, Autosomal dominant inheritance, Diarrhea, Abnormal thorax morphology, Myoclonus, Neuroblastoma, Elevated urinary homovanillic acid, Hypertension, Spinal cord compression, Horner syndrome, obsolete Heterogeneous, Skin nodule, Elevated urinary dopamine level",.,"HGVS Name(s): c.*2133G>A, c.*3948G>A.",,,,,,
rs554239975,Variant,0.25321832,dbSNP,Neuroblastoma,.,Phenotype ontologies,:,"Myoclonus, Abnormal thorax morphology, Diarrhea, Elevated urinary dopamine level, Skin nodule, Horner syndrome, obsolete Heterogeneous, Hypertension, Spinal cord compression, Elevated urinary homovanillic acid, Neuroblastoma, Anemia, Sporadic, Weight loss, Neoplasm of the nervous system, Failure to thrive, Typified by incomplete penetrance, Autosomal dominant inheritance, Abdominal pain, Fever, Ataxia, Bone pain, neuroblastoma, Elevated urinary vanillylmandelic acid",.,"HGVS Name(s): c.*375A>G, c.5367-1377A>G.",,,,,,
rs557129908,Variant,0.25321832,dbSNP,Neuroblastoma,.,Phenotype ontologies,:,"Diarrhea, Abnormal thorax morphology, Myoclonus, Elevated urinary homovanillic acid, Neuroblastoma, Skin nodule, Elevated urinary dopamine level, Hypertension, Spinal cord compression, obsolete Heterogeneous, Horner syndrome, Failure to thrive, Typified by incomplete penetrance, Neoplasm of the nervous system, Sporadic, Anemia, Weight loss, Elevated urinary vanillylmandelic acid, Bone pain, Ataxia, neuroblastoma, Autosomal dominant inheritance, Abdominal pain, Fever",.,"HGVS Name(s): c.*171C>G, c.*171C>T, c.*1986C>G, c.*1986C>T.",,,,,,
rs55825883,Variant,0.27798963,dbSNP,Neuroblastoma,.,Phenotype ontologies,:,"Abnormal thorax morphology, Diarrhea, Myoclonus, Neuroblastoma, Elevated urinary homovanillic acid, Skin nodule, Elevated urinary dopamine level, Hypertension, Spinal cord compression, obsolete Heterogeneous, Horner syndrome, Failure to thrive, Typified by incomplete penetrance, Neoplasm of the nervous system, Weight loss, Sporadic, Anemia, Elevated urinary vanillylmandelic acid, Bone pain, neuroblastoma, Ataxia, Autosomal dominant inheritance, Fever, Abdominal pain",.,,,,,,,
rs558416040,Variant,0.27798963,dbSNP,Congenital ce,n,tral hypoventilation;,N,"EUROBLASTOMA, SUSCEPTIBILITY TO, 2 (NBLST2). Phenotype ontologies: central hypoventilation syndrome, congenital, 1, with or without Hirschsprung disease, neuroblastoma, neuroblastoma, susceptibility to, 2, Aganglionic megacolon, Autosomal dominant inheritance. HGVS Name(s): c.*60G>A.",,,,,,,,
rs559140260,Variant,0.25321832,dbSNP,Neuroblastoma,.,Phenotype ontologies,:,"Diarrhea, Abnormal thorax morphology, Myoclonus, Neuroblastoma, Elevated urinary homovanillic acid, Horner syndrome, obsolete Heterogeneous, Hypertension, Spinal cord compression, Elevated urinary dopamine level, Skin nodule, Typified by incomplete penetrance, Failure to thrive, Sporadic, Weight loss, Anemia, Neoplasm of the nervous system, Bone pain, Ataxia, neuroblastoma, Elevated urinary vanillylmandelic acid, Fever, Abdominal pain, Autosomal dominant inheritance",.,"HGVS Name(s): c.*1603C>T, c.*3418C>T.",,,,,,
rs559227588,Variant,0.27798963,dbSNP,Not specified,o,type not specified;Ha,d,"dad syndrome;Hereditary cancer-predisposing syndrome;NEUROBLASTOMA, SUSCEPTIBILITY TO, 2 (NBLST2). Phenotype ontologies: Autosomal dominant inheritance, Aganglionic megacolon, neuroblastoma, neuroblastoma, susceptibility to, 2, Haddad syndrome, central hypoventilation syndrome, congenital, 1, with or without Hirschsprung disease. HGVS Name(s): c.146C>A, n.120G>T, p.Thr49Asn.",,,,,,,,
rs560163657,Variant,0.000596574,dbSNP,Hereditary cancer-predisposing syndrome,n,cer-predisposing synd,r,"ome;Neuroblastoma Susceptibility;NEUROBLASTOMA, SUSCEPTIBILITY TO, 3 (NBLST3). Phenotype ontologies: neuroblastoma, susceptibility to, 3. HGVS Name(s): c.2109C>T, p.Asn703=.",,,,,,,,
rs560413438,Variant,0.27798963,dbSNP,Congenital ce,n,tral hypoventilation;,N,"EUROBLASTOMA, SUSCEPTIBILITY TO, 2 (NBLST2). Phenotype ontologies: Autosomal dominant inheritance, Aganglionic megacolon, neuroblastoma, susceptibility to, 2, central hypoventilation syndrome, congenital, 1, with or without Hirschsprung disease, neuroblastoma. HGVS Name(s): c.*1156C>A, c.*1156C>T.",,,,,,,,
rs56249474,Variant,0.000562459,dbSNP,Hereditary cancer-predisposing syndrome,n,cer-predisposing synd,r,"ome;NEUROBLASTOMA, SUSCEPTIBILITY TO, 3 (NBLST3). Phenotype ontologies: neuroblastoma, susceptibility to, 3. HGVS Name(s): c.1917C>T, p.Ser639=.",,,,,,,,
rs563120454,Variant,0.000562459,dbSNP,Hereditary cancer-predisposing syndrome,n,cer-predisposing synd,r,"ome;NEUROBLASTOMA, SUSCEPTIBILITY TO, 3 (NBLST3). Phenotype ontologies: neuroblastoma, susceptibility to, 3. HGVS Name(s): c.2396A>G, p.Asn799Ser.",,,,,,,,
rs563916,Variant,0.31848878,dbSNP,Neuroblastoma,.,Phenotype ontologies,:,"Abnormal thorax morphology, Diarrhea, Myoclonus, Neuroblastoma, Elevated urinary homovanillic acid, Skin nodule, Elevated urinary dopamine level, Spinal cord compression, Hypertension, obsolete Heterogeneous, Horner syndrome, Failure to thrive, Typified by incomplete penetrance, Neoplasm of the nervous system, Weight loss, Sporadic, Anemia, Elevated urinary vanillylmandelic acid, neuroblastoma, Bone pain, Ataxia, Autosomal dominant inheritance, Fever, Abdominal pain",.,"HGVS Name(s): c.912+533G>A, n.226+25719C>T.",,,,,,
rs566982691,Variant,0.000562459,dbSNP,Neuroblastoma,",","SUSCEPTIBILITY TO, 3",,"(NBLST3). Phenotype ontologies: neuroblastoma, susceptibility to, 3. HGVS Name(s): c.3294T>A, p.Phe1098Leu.",,,,,,,,
rs567435289,Variant,0.25321832,dbSNP,Charcot-Marie,-,Tooth disease type 2;,N,"euroblastoma;Pheochromocytoma. Phenotype ontologies: Abnormal thorax morphology, Diarrhea, pheochromocytoma, Spinal cord compression, Abnormality of the endocrine system, Elevated urinary dopamine level, Weight loss, Failure to thrive, adrenal gland pheochromocytoma, Myoclonus, Tachycardia, Abnormality of blood and blood-forming tissues, Pheochromocytoma, Neuroblastoma, Elevated urinary homovanillic acid, Episodic hypertension, Hemangioma, Anemia, Sporadic, Hypercalc",e,"mia, Typified by incomplete penetrance, Cafe-au-lait spot, Abnormality of the cardiovascular system, Elevated urinary vanillylmandelic acid, Abnorm",al,ity of,th,e,ge,"nitourinary system, Ataxia, Proteinuria, Charcot-Marie-Tooth disease type 2, Hypertension, obsolete Heterogeneous, Renal artery stenosis, Abnormality of the eye, Congestive heart failure, Neoplasm of the nervous system, Fever, Abdominal pain, Autosomal dominant inheritance, Bone pain, Abnormality of metabolism/homeostasis, Hyperhidrosis, Cerebral hemorrhage, Neoplasm, Horner syndrome, Skin nodule, neuroblastoma, Abnormality of the nervous system. HGVS Name(s): c.*1360_*1363del, c.*1362_*1363del, c.*1363del, c.*1364_*1363insA, c.5367-389del, c.5367-389_5367-388insA, c.5367-390_5367-389del, c.5367-392_5367-389del."
rs567547345,Variant,0.25321832,dbSNP,Neuroblastoma,.,Phenotype ontologies,:,"Typified by incomplete penetrance, Failure to thrive, Neoplasm of the nervous system, Weight loss, Sporadic, Anemia, Elevated urinary vanillylmandelic acid, neuroblastoma, Bone pain, Ataxia, Fever, Abdominal pain, Autosomal dominant inheritance, Diarrhea, Abnormal thorax morphology, Myoclonus, Neuroblastoma, Elevated urinary homovanillic acid, Spinal cord compression, Hypertension, Horner syndrome, obsolete Heterogeneous, Skin nodule, Elevated urinary dopamine level",.,"HGVS Name(s): c.*2321A>G, c.*506A>G.",,,,,,
rs567769024,Variant,0.25321832,dbSNP,Neuroblastoma,.,Phenotype ontologies,:,"Fever, Abdominal pain, Autosomal dominant inheritance, neuroblastoma, Bone pain, Ataxia, Elevated urinary vanillylmandelic acid, Sporadic, Anemia, Weight loss, Neoplasm of the nervous system, Typified by incomplete penetrance, Failure to thrive, Horner syndrome, obsolete Heterogeneous, Hypertension, Spinal cord compression, Elevated urinary dopamine level, Skin nodule, Neuroblastoma, Elevated urinary homovanillic acid, Myoclonus, Diarrhea, Abnormal thorax morphology",.,"HGVS Name(s): c.*1537G>A, c.*1537G>C, c.*3352G>A, c.*3352G>C.",,,,,,
rs571017977,Variant,0.000562459,dbSNP,Neuroblastoma,",","SUSCEPTIBILITY TO, 3",,"(NBLST3). Phenotype ontologies: neuroblastoma, susceptibility to, 3. HGVS Name(s): c.2552C>A, c.2552C>T, p.Ala851Asp, p.Ala851Val.",,,,,,,,
rs571451087,Variant,0.25321832,dbSNP,Neuroblastoma,.,Phenotype ontologies,:,"Bone pain, neuroblastoma, Ataxia, Elevated urinary vanillylmandelic acid, Autosomal dominant inheritance, Abdominal pain, Fever, Failure to thrive, Typified by incomplete penetrance, Weight loss, Sporadic, Anemia, Neoplasm of the nervous system, Elevated urinary homovanillic acid, Neuroblastoma, Elevated urinary dopamine level, Skin nodule, Horner syndrome, obsolete Heterogeneous, Spinal cord compression, Hypertension, Abnormal thorax morphology, Diarrhea, Myoclonus",.,"HGVS Name(s): c.*2173G>A, c.*3988G>A.",,,,,,
rs571589510,Variant,0.25321832,dbSNP,Charcot-Marie,-,Tooth disease type 2;,N,"euroblastoma;Pheochromocytoma. Phenotype ontologies: Ataxia, Elevated urinary vanillylmandelic acid, Abnormality of the genitourinary system, Proteinuria, Cafe-au-lait spot, Abnormality of the cardiovascular system, Typified by incomplete penetrance, Hypercalcemia, Sporadic, Anemia, Episodic hypertension, Elevated urinary homovanillic acid, Neuroblastoma, Hemangioma, Pheochromocytoma, Tachycardia, Abnormality of blood and blood-forming tissues, Myoclonus, adrenal gla",n,"d pheochromocytoma, Failure to thrive, Weight loss, Spinal cord compression, pheochromocytoma, Elevated urinary dopamine level, Abnormality of the",en,docrin,e s,ys,te,"m, Abnormal thorax morphology, Diarrhea, neuroblastoma, Abnormality of the nervous system, Horner syndrome, Neoplasm, Skin nodule, Cerebral hemorrhage, Abnormality of metabolism/homeostasis, Hyperhidrosis, Bone pain, Abdominal pain, Fever, Autosomal dominant inheritance, Congestive heart failure, Neoplasm of the nervous system, obsolete Heterogeneous, Hypertension, Abnormality of the eye, Renal artery stenosis, Charcot-Marie-Tooth disease type 2. HGVS Name(s): c.*2849_*2850insG, c.*4664_*4665insG."
rs572963793,Variant,0.000562459,dbSNP,Hereditary cancer-predisposing syndrome,n,cer-predisposing synd,r,"ome;NEUROBLASTOMA, SUSCEPTIBILITY TO, 3 (NBLST3). Phenotype ontologies: neuroblastoma, susceptibility to, 3. HGVS Name(s): c.1963C>T, p.Leu655=.",,,,,,,,
rs574168097,Variant,0.25321832,dbSNP,Charcot-Marie,-,Tooth disease type 2;,C,"linVar: phenotype not specified;Neuroblastoma. Phenotype ontologies: Neuroblastoma, Elevated urinary homovanillic acid, obsolete Heterogeneous, Horner syndrome, Hypertension, Spinal cord compression, Elevated urinary dopamine level, Skin nodule, Abnormal thorax morphology, Diarrhea, Myoclonus, Charcot-Marie-Tooth disease type 2, Ataxia, Bone pain, neuroblastoma, Elevated urinary vanillylmandelic acid, Abdominal pain, Fever, Autosomal dominant inheritance, Typified by",,"incomplete penetrance, Failure to thrive, Weight loss, Sporadic, Anemia, Neoplasm of the nervous system. HGVS Name(s): c.3318G>A, c.3318G>T, c.3414",G>,"A, c.3",414,G>,"T,","c.3456G>A, c.3456G>T, p.Thr1106=, p.Thr1138=, p.Thr1152=."
rs574858597,Variant,0.25321832,dbSNP,Not specified,o,type not specified;Ne,u,"roblastoma. Phenotype ontologies: Skin nodule, Elevated urinary dopamine level, Spinal cord compression, Hypertension, Horner syndrome, obsolete Heterogeneous, Neuroblastoma, Elevated urinary homovanillic acid, Myoclonus, Abnormal thorax morphology, Diarrhea, Autosomal dominant inheritance, Abdominal pain, Fever, Elevated urinary vanillylmandelic acid, neuroblastoma, Bone pain, Ataxia, Neoplasm of the nervous system, Anemia, Sporadic, Weight loss, Failure to thrive,",T,"ypified by incomplete penetrance. HGVS Name(s): c.*2268C>T, c.*453C>T.",,,,,,
rs574859747,Variant,0.25321832,dbSNP,Not specified,o,type not specified;Ne,u,"roblastoma. Phenotype ontologies: Autosomal dominant inheritance, Fever, Abdominal pain, Elevated urinary vanillylmandelic acid, Bone pain, neuroblastoma, Ataxia, Neoplasm of the nervous system, Sporadic, Weight loss, Anemia, Failure to thrive, Typified by incomplete penetrance, Skin nodule, Elevated urinary dopamine level, Spinal cord compression, Hypertension, obsolete Heterogeneous, Horner syndrome, Neuroblastoma, Elevated urinary homovanillic acid, Myoclonus, Dia",r,"rhea, Abnormal thorax morphology. HGVS Name(s): c.*2114C>G, c.*299C>G.",,,,,,
rs5752592,Variant,0.31848878,dbSNP,Heart rate in,,heart failure with re,d,"uced ejection fraction;Neuroblastoma. Phenotype ontologies: neuroblastoma, Ataxia, Elevated urinary vanillylmandelic acid, heart failure, Typified by incomplete penetrance, Sporadic, Anemia, Elevated urinary homovanillic acid, Neuroblastoma, Skin nodule, Horner syndrome, Myoclonus, Bone pain, heart rate, Autosomal dominant inheritance, Abdominal pain, Fever, Failure to thrive, Weight loss, Neoplasm of the nervous system, Elevated urinary dopamine level, obsolete Hete",r,"ogeneous, Hypertension, Spinal cord compression, Diarrhea, Abnormal thorax morphology, Reduced left ventricular ejection fraction. HGVS Name(s): n.",10,5+1817,C>T,.,,
rs57677160,Variant,0.25321832,dbSNP,Not specified,o,type not specified;Ne,u,"roblastoma pediatric. Phenotype ontologies: neuroblastoma. HGVS Name(s): c.1316C>A, c.1316C>T, c.1319C>A, c.1319C>T, p.Ala439Glu, p.Ala439Val, p.Ala440Glu, p.Ala440Val.",,,,,,,,
rs577788,Variant,0.31353796,dbSNP,Neuroblastoma,.,Phenotype ontologies,:,"Abnormal thorax morphology, Diarrhea, Myoclonus, Neuroblastoma, Elevated urinary homovanillic acid, obsolete Heterogeneous, Horner syndrome, Hypertension, Spinal cord compression, Elevated urinary dopamine level, Skin nodule, Typified by incomplete penetrance, Failure to thrive, Sporadic, Anemia, Weight loss, Neoplasm of the nervous system, Ataxia, Bone pain, neuroblastoma, Elevated urinary vanillylmandelic acid, Fever, Abdominal pain, Autosomal dominant inheritance",.,HGVS Name(s): n.181+51984C>T.,,,,,,
rs577950819,Variant,0.27798963,dbSNP,Congenital ce,n,tral hypoventilation;,N,"EUROBLASTOMA, SUSCEPTIBILITY TO, 2 (NBLST2). Phenotype ontologies: neuroblastoma, susceptibility to, 2, Autosomal dominant inheritance, Aganglionic megacolon, neuroblastoma, central hypoventilation syndrome, congenital, 1, with or without Hirschsprung disease. HGVS Name(s): c.*550G>A.",,,,,,,,
rs58430496,Variant,0.25321832,dbSNP,Sporadic neur,o,blastoma. Phenotype o,n,tologies: neuroblastoma. HGVS Name(s): n.514+618C>T.,,,,,,,,
rs587778606,Variant,0.27798963,dbSNP,Not specified,o,type not specified;Ha,d,"dad syndrome;Hereditary cancer-predisposing syndrome;NEUROBLASTOMA, SUSCEPTIBILITY TO, 2 (NBLST2). Phenotype ontologies: central hypoventilation syndrome, congenital, 1, with or without Hirschsprung disease, Haddad syndrome, neuroblastoma, susceptibility to, 2, neuroblastoma, Aganglionic megacolon, Autosomal dominant inheritance. HGVS Name(s): c.617C>A, c.617C>G, c.617C>T, p.Pro206Arg, p.Pro206His, p.Pro206Leu.",,,,,,,,
rs587778607,Variant,0.27798963,dbSNP,Not specified,o,type not specified;Ha,d,"dad syndrome;Hereditary cancer-predisposing syndrome;NEUROBLASTOMA, SUSCEPTIBILITY TO, 2 (NBLST2). Phenotype ontologies: central hypoventilation syndrome, congenital, 1, with or without Hirschsprung disease, neuroblastoma, susceptibility to, 2, Haddad syndrome, neuroblastoma, Autosomal dominant inheritance, Aganglionic megacolon. HGVS Name(s): c.826G>A, p.Gly276Ser.",,,,,,,,
rs587781525,Variant,0.31848878,dbSNP,Adrenocortical carcinoma,L,"CARCINOMA, HEREDITAR",Y,;B-cell chronic lymphocytic leukemia;breast neoplasm;ClinVar: phenotype not specified;gastric adenocarcinoma;Glioblastoma;Hepatocellular Carcinoma;Hereditary cancer-predisposing syndrome;Li-Fraumeni syndrome;LI-FRAUMENI SYNDROME 1 (LFS1);Lung adenocarcinoma;Malignant melanoma of skin;Malignant neoplasm of body of uterus;Multiple myeloma;Neuroblastoma;Ovarian Serous Cystadenocarcinoma;Pancreatic adenocarcinoma;Papillary renal cell carcinoma type 1;Squamous cell carcin,o,ma of the head and neck;Squamous cell carcinoma of the skin;squamous cell lung carcinoma;Transitional cell carcinoma of the bladder;Uterine Carcino,sa,rcoma.,Ph,en,ot,"ype ontologies: carcinosarcoma of the corpus uteri, Elevated urinary vanillylmandelic acid, Ataxia, Neoplasm of the skin, Sporadic, Anemia, Hepatocellular carcinoma, adrenocortical carcinoma, hereditary, Typified by incomplete penetrance, Lymphoma, Soft tissue sarcoma, non-small cell lung adenocarcinoma, Leukemia, Neuroblastoma, Elevated urinary homovanillic acid, squamous cell lung carcinoma, ovarian serous cystadenocarcinoma, Myoclonus, central nervous system cancer, multiple myeloma, chronic lymphocytic leukemia, uterine neoplasm, pancreatic adenocarcinoma, glioma, breast carcinoma, Glioblastoma multiforme, head and neck squamous cell carcinoma, Nephroblastoma, Neoplasm of the breast, Weight loss, Neoplasm of the adrenal cortex, Squamous cell carcinoma of the skin, Failure to thrive, Spinal cord compression, Elevated urinary dopamine level, Sarcoma, Neoplasm of the central nervous system, Osteosarcoma, uterine corpus cancer, Neoplasm of the skeletal system, Diarrhea, Abnormal thorax morphology, Acute leukemia, gastric adenocarcinoma, Melanoma, neuroblastoma, Adrenocortical carcinoma, skin squamous cell carcinoma, glioblastoma, Neoplasm of the lung, cutaneous melanoma, Horner syndrome, Skin nodule, Neoplasm of the pancreas, lung adenocarcinoma, pancreatic carcinoma, Prostate cancer, Neoplasm of the colon, Transitional cell carcinoma of the bladder, breast neoplasm, Fever, Abdominal pain, Autosomal dominant inheritance, Bone pain, glioblastoma multiforme, Neoplasm of the nervous system, Autosomal recessive inheritance, Hypertension, obsolete Heterogeneous, Uterine Carcinosarcoma, Breast carcinoma, hepatocellular carcinoma, Multiple myeloma, Li-Fraumeni syndrome, Colon cancer. HGVS Name(s): c.782+403A>C, c.782+403A>G, c.782+403A>T, c.821A>C, c.821A>G, c.821A>T, c.842A>C, c.842A>G, c.842A>T, p.Asp274Ala, p.Asp274Gly, p.Asp274Val, p.Asp281Ala, p.Asp281Gly, p.Asp281Val."
rs59260453,Variant,0.27798963,dbSNP,Congenital ce,n,tral hypoventilation;,N,"EUROBLASTOMA, SUSCEPTIBILITY TO, 2 (NBLST2). Phenotype ontologies: central hypoventilation syndrome, congenital, 1, with or without Hirschsprung disease, neuroblastoma, neuroblastoma, susceptibility to, 2, Aganglionic megacolon, Autosomal dominant inheritance. HGVS Name(s): c.*1381C>T.",,,,,,,,
rs6014573,Variant,0.31848878,dbSNP,Neuroblastoma,.,Phenotype ontologies,:,"Failure to thrive, Typified by incomplete penetrance, Anemia, Sporadic, Weight loss, Neoplasm of the nervous system, neuroblastoma, Bone pain, Ataxia, Elevated urinary vanillylmandelic acid, Autosomal dominant inheritance, Fever, Abdominal pain, Diarrhea, Abnormal thorax morphology, Myoclonus, Neuroblastoma, Elevated urinary homovanillic acid, Elevated urinary dopamine level, Skin nodule, Horner syndrome, obsolete Heterogeneous, Hypertension, Spinal cord compression",.,HGVS Name(s): c.-232G>T.,,,,,,
rs6021571,Variant,0.31848878,dbSNP,Neuroblastoma,.,Phenotype ontologies,:,"Elevated urinary homovanillic acid, Neuroblastoma, Skin nodule, Elevated urinary dopamine level, Spinal cord compression, Hypertension, Horner syndrome, obsolete Heterogeneous, Diarrhea, Abnormal thorax morphology, Myoclonus, Elevated urinary vanillylmandelic acid, Bone pain, Ataxia, neuroblastoma, Autosomal dominant inheritance, Fever, Abdominal pain, Failure to thrive, Typified by incomplete penetrance, Neoplasm of the nervous system, Weight loss, Sporadic, Anemia",.,"HGVS Name(s): n.90+39216A>G, n.90+39216A>T.",,,,,,
rs6024619,Variant,0.31848878,dbSNP,Neuroblastoma,.,Phenotype ontologies,:,"Neuroblastoma, Elevated urinary homovanillic acid, Spinal cord compression, Hypertension, Horner syndrome, obsolete Heterogeneous, Skin nodule, Elevated urinary dopamine level, Abnormal thorax morphology, Diarrhea, Myoclonus, Elevated urinary vanillylmandelic acid, Bone pain, neuroblastoma, Ataxia, Fever, Abdominal pain, Autosomal dominant inheritance, Typified by incomplete penetrance, Failure to thrive, Neoplasm of the nervous system, Sporadic, Weight loss, Anemia",.,,,,,,,
rs6038449,Variant,0.31848878,dbSNP,Neuroblastoma,.,Phenotype ontologies,:,"Typified by incomplete penetrance, Failure to thrive, Sporadic, Weight loss, Anemia, Neoplasm of the nervous system, Ataxia, Bone pain, neuroblastoma, Elevated urinary vanillylmandelic acid, Abdominal pain, Fever, Autosomal dominant inheritance, Abnormal thorax morphology, Diarrhea, Myoclonus, Elevated urinary homovanillic acid, Neuroblastoma, obsolete Heterogeneous, Horner syndrome, Spinal cord compression, Hypertension, Elevated urinary dopamine level, Skin nodule",.,,,,,,,
rs60431508,Variant,0.31848878,dbSNP,Neuroblastoma,.,Phenotype ontologies,:,"Elevated urinary homovanillic acid, Neuroblastoma, Skin nodule, Elevated urinary dopamine level, Hypertension, Spinal cord compression, Horner syndrome, obsolete Heterogeneous, Abnormal thorax morphology, Diarrhea, Myoclonus, Elevated urinary vanillylmandelic acid, neuroblastoma, Bone pain, Ataxia, Autosomal dominant inheritance, Abdominal pain, Fever, Failure to thrive, Typified by incomplete penetrance, Neoplasm of the nervous system, Anemia, Sporadic, Weight loss",.,,,,,,,
rs6069551,Variant,0.31848878,dbSNP,Neuroblastoma,.,Phenotype ontologies,:,"Failure to thrive, Typified by incomplete penetrance, Weight loss, Sporadic, Anemia, Neoplasm of the nervous system, Bone pain, neuroblastoma, Ataxia, Elevated urinary vanillylmandelic acid, Autosomal dominant inheritance, Fever, Abdominal pain, Abnormal thorax morphology, Diarrhea, Myoclonus, Neuroblastoma, Elevated urinary homovanillic acid, Elevated urinary dopamine level, Skin nodule, Horner syndrome, obsolete Heterogeneous, Hypertension, Spinal cord compression",.,,,,,,,
rs60724844,Variant,0.31848878,dbSNP,Neuroblastoma,.,Phenotype ontologies,:,"Typified by incomplete penetrance, Failure to thrive, Neoplasm of the nervous system, Sporadic, Anemia, Weight loss, Elevated urinary vanillylmandelic acid, neuroblastoma, Bone pain, Ataxia, Fever, Abdominal pain, Autosomal dominant inheritance, Abnormal thorax morphology, Diarrhea, Myoclonus, Elevated urinary homovanillic acid, Neuroblastoma, Spinal cord compression, Hypertension, obsolete Heterogeneous, Horner syndrome, Skin nodule, Elevated urinary dopamine level",.,HGVS Name(s): n.871+2415C>G.,,,,,,
rs6073330,Variant,0.31848878,dbSNP,Attention def,i,cit hyperactivity dis,o,"rder (inattention symptoms);Neuroblastoma. Phenotype ontologies: attention deficit hyperactivity disorder, Elevated urinary vanillylmandelic acid, Ataxia, Bone pain, neuroblastoma, Autosomal dominant inheritance, Fever, Abdominal pain, Failure to thrive, Typified by incomplete penetrance, Neoplasm of the nervous system, Sporadic, Anemia, Weight loss, Elevated urinary homovanillic acid, Neuroblastoma, Skin nodule, Elevated urinary dopamine level, Hypertension, Spinal",c,"ord compression, obsolete Heterogeneous, Horner syndrome, Diarrhea, Abnormal thorax morphology, Myoclonus. HGVS Name(s): c.*4664G>T.",,,,,,
rs61754933,Variant,0.000562459,dbSNP,ALK-related d,i,sorder;Hereditary can,c,"er-predisposing syndrome;NEUROBLASTOMA, SUSCEPTIBILITY TO, 3 (NBLST3). Phenotype ontologies: neuroblastoma, susceptibility to, 3. HGVS Name(s): c.2343C>T, p.Asp781=.",,,,,,,,
rs61999305,Variant,0.25321832,dbSNP,Charcot-Marie,-,Tooth disease;Charcot,-,"Marie-Tooth disease type 2;ClinVar: phenotype not specified;Neuroblastoma. Phenotype ontologies: Charcot-Marie-Tooth disease type 2, Laryngomalacia, Kyphosis, Diarrhea, Abnormal thorax morphology, Elevated urinary dopamine level, obsolete Heterogeneous, Spinal cord compression, Hypertension, Hemiplegia/hemiparesis, Scoliosis, Weight loss, Neoplasm of the nervous system, Failure to thrive, Abnormality of the voice, Gait disturbance, Autosomal dominant inheritance, Fev",e,"r, Abdominal pain, Bone pain, Myoclonus, Decreased nerve conduction velocity, Incoordination, Skeletal muscle atrophy, Skin nodule, Horner syndrome",",",Reduce,d t,en,do,"n reflexes, EMG abnormality, Charcot-Marie-Tooth disease, Neuroblastoma, Elevated urinary homovanillic acid, Anemia, Sporadic, Impaired pain sensation, Typified by incomplete penetrance, neuroblastoma, Ataxia, Elevated urinary vanillylmandelic acid. HGVS Name(s): c.5366+1195C>G, c.5366+1195C>T, c.5432C>G, c.5432C>T, c.5495C>G, c.5495C>T, p.Pro1811Arg, p.Pro1811Leu, p.Pro1832Arg, p.Pro1832Leu."
rs62342460,Variant,0.27798963,dbSNP,Neuroblastoma,.,Phenotype ontologies,:,"Elevated urinary homovanillic acid, Neuroblastoma, Horner syndrome, obsolete Heterogeneous, Spinal cord compression, Hypertension, Elevated urinary dopamine level, Skin nodule, Diarrhea, Abnormal thorax morphology, Myoclonus, neuroblastoma, Bone pain, Ataxia, Elevated urinary vanillylmandelic acid, Fever, Abdominal pain, Autosomal dominant inheritance, Typified by incomplete penetrance, Failure to thrive, Sporadic, Weight loss, Anemia, Neoplasm of the nervous system",.,"HGVS Name(s): n.142+242A>C, n.374+43851T>G.",,,,,,
rs62412180,Variant,0.27798963,dbSNP,Congenital ce,n,tral hypoventilation;,N,"EUROBLASTOMA, SUSCEPTIBILITY TO, 2 (NBLST2). Phenotype ontologies: Aganglionic megacolon, Autosomal dominant inheritance, neuroblastoma, susceptibility to, 2, central hypoventilation syndrome, congenital, 1, with or without Hirschsprung disease, neuroblastoma. HGVS Name(s): c.*1347A>G.",,,,,,,,
rs62621389,Variant,0.31848878,dbSNP,Neuroblastoma,,pediatric. Phenotype,o,"ntologies: neuroblastoma. HGVS Name(s): c.269G>A, p.Arg90Gln.",,,,,,,,
rs633816,Variant,0.31353796,dbSNP,Neuroblastoma,.,Phenotype ontologies,:,"Elevated urinary vanillylmandelic acid, Bone pain, Ataxia, neuroblastoma, Abdominal pain, Fever, Autosomal dominant inheritance, Typified by incomplete penetrance, Failure to thrive, Neoplasm of the nervous system, Anemia, Sporadic, Weight loss, Elevated urinary homovanillic acid, Neuroblastoma, Hypertension, Spinal cord compression, obsolete Heterogeneous, Horner syndrome, Skin nodule, Elevated urinary dopamine level, Diarrhea, Abnormal thorax morphology, Myoclonus",.,,,,,,,
rs6430612,Variant,0.25321832,dbSNP,Elbow;Neurobl,a,stoma;Response of lum,b,"ar spine BMD to teriparatide in osteoporosis. Phenotype ontologies: Diarrhea, Abnormal thorax morphology, Myoclonus, Elevated urinary homovanillic acid, Neuroblastoma, Skin nodule, Elevated urinary dopamine level, Hypertension, Spinal cord compression, Horner syndrome, obsolete Heterogeneous, Failure to thrive, Typified by incomplete penetrance, Neoplasm of the nervous system, Anemia, Sporadic, Weight loss, Elevated urinary vanillylmandelic acid, Ataxia, Bone pain, n",e,"uroblastoma, Autosomal dominant inheritance, Fever, Abdominal pain. HGVS Name(s): n.120+2103C>T.",,,,,,
rs6435862,Variant,0.25321832,dbSNP,Neuroblastoma,;,Neuroblastoma (high-r,i,"sk). Phenotype ontologies: Neuroblastoma, Elevated urinary homovanillic acid, Elevated urinary dopamine level, Skin nodule, Horner syndrome, obsolete Heterogeneous, Hypertension, Spinal cord compression, Abnormal thorax morphology, Diarrhea, Myoclonus, Bone pain, Ataxia, neuroblastoma, Elevated urinary vanillylmandelic acid, Autosomal dominant inheritance, Abdominal pain, Fever, Failure to thrive, Typified by incomplete penetrance, Weight loss, Sporadic, Anemia, Neop",l,"asm of the nervous system. HGVS Name(s): c.158+1590C>A, c.158+1590C>G, c.158+1590C>T.",,,,,,
rs6441188,Variant,0.25321832,dbSNP,Neuroblastoma,.,Phenotype ontologies,:,"Typified by incomplete penetrance, Failure to thrive, Anemia, Sporadic, Weight loss, Neoplasm of the nervous system, Bone pain, Ataxia, neuroblastoma, Elevated urinary vanillylmandelic acid, Abdominal pain, Fever, Autosomal dominant inheritance, Abnormal thorax morphology, Diarrhea, Myoclonus, Neuroblastoma, Elevated urinary homovanillic acid, obsolete Heterogeneous, Horner syndrome, Hypertension, Spinal cord compression, Elevated urinary dopamine level, Skin nodule",.,"HGVS Name(s): c.532-3539C>A, c.532-3539C>G.",,,,,,
rs6441201,Variant,0.25321832,dbSNP,Neuroblastoma,;,Sporadic neuroblastom,a,". Phenotype ontologies: Myoclonus, Diarrhea, Abnormal thorax morphology, Elevated urinary dopamine level, Skin nodule, Horner syndrome, obsolete Heterogeneous, Hypertension, Spinal cord compression, Elevated urinary homovanillic acid, Neuroblastoma, Weight loss, Sporadic, Anemia, Neoplasm of the nervous system, Failure to thrive, Typified by incomplete penetrance, Autosomal dominant inheritance, Fever, Abdominal pain, Bone pain, neuroblastoma, Ataxia, Elevated urinar",y,"vanillylmandelic acid. HGVS Name(s): c.584-400G>A, c.584-400G>C.",,,,,,
rs6446700,Variant,0.27798963,dbSNP,Neuroblastoma,.,Phenotype ontologies,:,"Failure to thrive, Typified by incomplete penetrance, Neoplasm of the nervous system, Anemia, Sporadic, Weight loss, Elevated urinary vanillylmandelic acid, Ataxia, Bone pain, neuroblastoma, Autosomal dominant inheritance, Fever, Abdominal pain, Diarrhea, Abnormal thorax morphology, Myoclonus, Elevated urinary homovanillic acid, Neuroblastoma, Skin nodule, Elevated urinary dopamine level, Hypertension, Spinal cord compression, Horner syndrome, obsolete Heterogeneous",.,,,,,,,
rs6495001,Variant,0.31353796,dbSNP,Neuroblastoma,.,Phenotype ontologies,:,"Sporadic, Anemia, Weight loss, Neoplasm of the nervous system, Failure to thrive, Typified by incomplete penetrance, Autosomal dominant inheritance, Fever, Abdominal pain, Bone pain, neuroblastoma, Ataxia, Elevated urinary vanillylmandelic acid, Myoclonus, Abnormal thorax morphology, Diarrhea, Elevated urinary dopamine level, Skin nodule, Horner syndrome, obsolete Heterogeneous, Spinal cord compression, Hypertension, Elevated urinary homovanillic acid, Neuroblastoma",.,"HGVS Name(s): n.439-13279C>A, n.439-13279C>G, n.439-13279C>T.",,,,,,
rs6498326,Variant,0.31848878,dbSNP,Neuroblastoma,,or malignant cutaneou,s,"melanoma. Phenotype ontologies: cutaneous melanoma, neuroblastoma. HGVS Name(s): n.346+18459T>A, n.346+18459T>C.",,,,,,,,
rs664576,Variant,0.25321832,dbSNP,Neuroblastoma,.,Phenotype ontologies,:,"Myoclonus, Diarrhea, Abnormal thorax morphology, obsolete Heterogeneous, Horner syndrome, Hypertension, Spinal cord compression, Elevated urinary dopamine level, Skin nodule, Neuroblastoma, Elevated urinary homovanillic acid, Weight loss, Sporadic, Anemia, Neoplasm of the nervous system, Typified by incomplete penetrance, Failure to thrive, Abdominal pain, Fever, Autosomal dominant inheritance, Ataxia, Bone pain, neuroblastoma, Elevated urinary vanillylmandelic acid",.,,,,,,,
rs6682554,Variant,0.25321832,dbSNP,Neuroblastoma,.,Phenotype ontologies,:,"Myoclonus, Diarrhea, Abnormal thorax morphology, Horner syndrome, obsolete Heterogeneous, Spinal cord compression, Hypertension, Elevated urinary dopamine level, Skin nodule, Elevated urinary homovanillic acid, Neuroblastoma, Sporadic, Anemia, Weight loss, Neoplasm of the nervous system, Typified by incomplete penetrance, Failure to thrive, Abdominal pain, Fever, Autosomal dominant inheritance, Bone pain, neuroblastoma, Ataxia, Elevated urinary vanillylmandelic acid",.,,,,,,,
rs6694522,Variant,0.25321832,dbSNP,Neuroblastoma,.,Phenotype ontologies,:,"Typified by incomplete penetrance, Failure to thrive, Neoplasm of the nervous system, Anemia, Sporadic, Weight loss, Elevated urinary vanillylmandelic acid, Ataxia, Bone pain, neuroblastoma, Fever, Abdominal pain, Autosomal dominant inheritance, Abnormal thorax morphology, Diarrhea, Myoclonus, Elevated urinary homovanillic acid, Neuroblastoma, Spinal cord compression, Hypertension, Horner syndrome, obsolete Heterogeneous, Skin nodule, Elevated urinary dopamine level",.,"HGVS Name(s): c.*2661A>T, c.*846A>T.",,,,,,
rs6712055,Variant,0.25321832,dbSNP,Neuroblastoma,.,Phenotype ontologies,:,"Neuroblastoma, Elevated urinary homovanillic acid, obsolete Heterogeneous, Horner syndrome, Spinal cord compression, Hypertension, Elevated urinary dopamine level, Skin nodule, Diarrhea, Abnormal thorax morphology, Myoclonus, Bone pain, Ataxia, neuroblastoma, Elevated urinary vanillylmandelic acid, Abdominal pain, Fever, Autosomal dominant inheritance, Typified by incomplete penetrance, Failure to thrive, Sporadic, Weight loss, Anemia, Neoplasm of the nervous system",.,HGVS Name(s): c.159-5063A>G.,,,,,,
rs6714748,Variant,0.25321832,dbSNP,Body Fat Dist,r,ibution;Neuroblastoma,.,"Phenotype ontologies: neuroblastoma, Ataxia, body fat distribution, Elevated urinary vanillylmandelic acid, Typified by incomplete penetrance, Sporadic, Anemia, Elevated urinary homovanillic acid, Neuroblastoma, Skin nodule, Horner syndrome, Myoclonus, Bone pain, Autosomal dominant inheritance, Abdominal pain, Fever, Failure to thrive, Weight loss, Neoplasm of the nervous system, Elevated urinary dopamine level, obsolete Heterogeneous, Hypertension, Spinal cord comp",r,"ession, Abnormal thorax morphology, Diarrhea. HGVS Name(s): c.1217-4428G>A.",,,,,,
rs6715570,Variant,0.25321832,dbSNP,Neuroblastoma,.,Phenotype ontologies,:,"Abdominal pain, Fever, Autosomal dominant inheritance, Elevated urinary vanillylmandelic acid, Ataxia, Bone pain, neuroblastoma, Neoplasm of the nervous system, Weight loss, Sporadic, Anemia, Typified by incomplete penetrance, Failure to thrive, Spinal cord compression, Hypertension, Horner syndrome, obsolete Heterogeneous, Skin nodule, Elevated urinary dopamine level, Elevated urinary homovanillic acid, Neuroblastoma, Myoclonus, Diarrhea, Abnormal thorax morphology",.,"HGVS Name(s): c.158+696A>G, c.158+696A>T.",,,,,,
rs6716793,Variant,0.25321832,dbSNP,Neuroblastoma,.,Phenotype ontologies,:,"Diarrhea, Abnormal thorax morphology, Myoclonus, Elevated urinary homovanillic acid, Neuroblastoma, Horner syndrome, obsolete Heterogeneous, Hypertension, Spinal cord compression, Elevated urinary dopamine level, Skin nodule, Typified by incomplete penetrance, Failure to thrive, Weight loss, Sporadic, Anemia, Neoplasm of the nervous system, Bone pain, Ataxia, neuroblastoma, Elevated urinary vanillylmandelic acid, Fever, Abdominal pain, Autosomal dominant inheritance",.,"HGVS Name(s): n.221+9594G>A, n.221+9594G>T.",,,,,,
rs67182840,Variant,0.31353796,dbSNP,Neuroblastoma,.,Phenotype ontologies,:,"Myoclonus, Diarrhea, Abnormal thorax morphology, Skin nodule, Elevated urinary dopamine level, Spinal cord compression, Hypertension, obsolete Heterogeneous, Horner syndrome, Neuroblastoma, Elevated urinary homovanillic acid, Neoplasm of the nervous system, Anemia, Sporadic, Weight loss, Failure to thrive, Typified by incomplete penetrance, Autosomal dominant inheritance, Fever, Abdominal pain, Elevated urinary vanillylmandelic acid, Ataxia, Bone pain, neuroblastoma",.,"HGVS Name(s): c.1114+1275C>A, c.1114+1275C>T.",,,,,,
rs6719500,Variant,0.25321832,dbSNP,Not specified,o,type not specified;DN,A,"H7-related disorder;Neuroblastoma. Phenotype ontologies: Elevated urinary homovanillic acid, Neuroblastoma, obsolete Heterogeneous, Horner syndrome, Spinal cord compression, Hypertension, Elevated urinary dopamine level, Skin nodule, Abnormal thorax morphology, Diarrhea, Myoclonus, Bone pain, neuroblastoma, Ataxia, Elevated urinary vanillylmandelic acid, Abdominal pain, Fever, Autosomal dominant inheritance, Typified by incomplete penetrance, Failure to thrive, Anemi",a,", Sporadic, Weight loss, Neoplasm of the nervous system. HGVS Name(s): c.2473A>G, p.Lys825Glu.",,,,,,
rs6735489,Variant,0.25321832,dbSNP,Neuroblastoma,.,Phenotype ontologies,:,"Elevated urinary dopamine level, Skin nodule, obsolete Heterogeneous, Horner syndrome, Spinal cord compression, Hypertension, Neuroblastoma, Elevated urinary homovanillic acid, Myoclonus, Abnormal thorax morphology, Diarrhea, Autosomal dominant inheritance, Fever, Abdominal pain, neuroblastoma, Bone pain, Ataxia, Elevated urinary vanillylmandelic acid, Anemia, Sporadic, Weight loss, Neoplasm of the nervous system, Failure to thrive, Typified by incomplete penetrance",.,HGVS Name(s): c.5360-17543T>G.,,,,,,
rs6744811,Variant,0.25321832,dbSNP,Neuroblastoma,.,Phenotype ontologies,:,"Fever, Abdominal pain, Autosomal dominant inheritance, Elevated urinary vanillylmandelic acid, Bone pain, neuroblastoma, Ataxia, Neoplasm of the nervous system, Weight loss, Sporadic, Anemia, Typified by incomplete penetrance, Failure to thrive, Hypertension, Spinal cord compression, Horner syndrome, obsolete Heterogeneous, Skin nodule, Elevated urinary dopamine level, Neuroblastoma, Elevated urinary homovanillic acid, Myoclonus, Abnormal thorax morphology, Diarrhea",.,"HGVS Name(s): n.397+2152A>C, n.397+2152A>T.",,,,,,
rs6760875,Variant,0.25321832,dbSNP,Neuroblastoma,.,Phenotype ontologies,:,"Abnormal thorax morphology, Diarrhea, Myoclonus, Neuroblastoma, Elevated urinary homovanillic acid, Elevated urinary dopamine level, Skin nodule, obsolete Heterogeneous, Horner syndrome, Hypertension, Spinal cord compression, Failure to thrive, Typified by incomplete penetrance, Sporadic, Weight loss, Anemia, Neoplasm of the nervous system, Bone pain, neuroblastoma, Ataxia, Elevated urinary vanillylmandelic acid, Autosomal dominant inheritance, Fever, Abdominal pain",.,HGVS Name(s): c.247-33639T>C.,,,,,,
rs6774870,Variant,0.25321832,dbSNP,Neuroblastoma,.,Phenotype ontologies,:,"Myoclonus, Diarrhea, Abnormal thorax morphology, Elevated urinary dopamine level, Skin nodule, obsolete Heterogeneous, Horner syndrome, Spinal cord compression, Hypertension, Elevated urinary homovanillic acid, Neuroblastoma, Weight loss, Sporadic, Anemia, Neoplasm of the nervous system, Failure to thrive, Typified by incomplete penetrance, Autosomal dominant inheritance, Abdominal pain, Fever, Ataxia, Bone pain, neuroblastoma, Elevated urinary vanillylmandelic acid",.,,,,,,,
rs6778370,Variant,0.25321832,dbSNP,Neuroblastoma,.,Phenotype ontologies,:,"Neuroblastoma, Elevated urinary homovanillic acid, obsolete Heterogeneous, Horner syndrome, Hypertension, Spinal cord compression, Elevated urinary dopamine level, Skin nodule, Abnormal thorax morphology, Diarrhea, Myoclonus, neuroblastoma, Bone pain, Ataxia, Elevated urinary vanillylmandelic acid, Fever, Abdominal pain, Autosomal dominant inheritance, Typified by incomplete penetrance, Failure to thrive, Sporadic, Weight loss, Anemia, Neoplasm of the nervous system",.,"HGVS Name(s): c.583+21725C>G, c.583+21725C>T.",,,,,,
rs6782527,Variant,0.25321832,dbSNP,Neuroblastoma,.,Phenotype ontologies,:,"Neoplasm of the nervous system, Sporadic, Anemia, Weight loss, Typified by incomplete penetrance, Failure to thrive, Fever, Abdominal pain, Autosomal dominant inheritance, Elevated urinary vanillylmandelic acid, Bone pain, Ataxia, neuroblastoma, Myoclonus, Diarrhea, Abnormal thorax morphology, Spinal cord compression, Hypertension, obsolete Heterogeneous, Horner syndrome, Skin nodule, Elevated urinary dopamine level, Neuroblastoma, Elevated urinary homovanillic acid",.,HGVS Name(s): c.1307-2618C>T.,,,,,,
rs6817411,Variant,0.27798963,dbSNP,Neuroblastoma,.,Phenotype ontologies,:,"Abdominal pain, Fever, Autosomal dominant inheritance, Elevated urinary vanillylmandelic acid, Bone pain, Ataxia, neuroblastoma, Neoplasm of the nervous system, Weight loss, Sporadic, Anemia, Typified by incomplete penetrance, Failure to thrive, Hypertension, Spinal cord compression, obsolete Heterogeneous, Horner syndrome, Skin nodule, Elevated urinary dopamine level, Neuroblastoma, Elevated urinary homovanillic acid, Myoclonus, Abnormal thorax morphology, Diarrhea",.,,,,,,,
rs6826373,Variant,0.27798963,dbSNP,Congenital ce,n,tral hypoventilation;,C,"reatine levels in elite athletes;Hirschsprung disease;NEUROBLASTOMA, SUSCEPTIBILITY TO, 2 (NBLST2). Phenotype ontologies: Neoplasm of the thyroid gland, Hirschsprung disease, Sensorineural hearing impairment, Aganglionic megacolon, Intestinal polyposis, Diarrhea, Sepsis, Short stature, Nausea and vomiting, neuroblastoma, susceptibility to, 2, neuroblastoma, Abdominal pain, Autosomal dominant inheritance, Intestinal obstruction, Cognitive impairment, central hypoventi",l,"ation syndrome, congenital, 1, with or without Hirschsprung disease, Adducted thumb, Constipation, Weight loss. HGVS Name(s): c.*1364G>A.",,,,,,
rs6911198,Variant,0.27798963,dbSNP,Height;Neurob,l,astoma. Phenotype ont,o,"logies: Abnormal thorax morphology, Diarrhea, Elevated urinary dopamine level, Spinal cord compression, Hypertension, obsolete Heterogeneous, Failure to thrive, Neoplasm of the nervous system, Weight loss, Bone pain, Autosomal dominant inheritance, Abdominal pain, Fever, Myoclonus, Neuroblastoma, Elevated urinary homovanillic acid, Skin nodule, Horner syndrome, body height, Typified by incomplete penetrance, Sporadic, Anemia, Elevated urinary vanillylmandelic acid, n",e,"uroblastoma, Ataxia. HGVS Name(s): c.-61+9993G>A.",,,,,,
rs6929659,Variant,0.27798963,dbSNP,Neuroblastoma,.,Phenotype ontologies,:,"obsolete Heterogeneous, Horner syndrome, Spinal cord compression, Hypertension, Elevated urinary dopamine level, Skin nodule, Neuroblastoma, Elevated urinary homovanillic acid, Myoclonus, Abnormal thorax morphology, Diarrhea, Abdominal pain, Fever, Autosomal dominant inheritance, neuroblastoma, Bone pain, Ataxia, Elevated urinary vanillylmandelic acid, Sporadic, Weight loss, Anemia, Neoplasm of the nervous system, Typified by incomplete penetrance, Failure to thrive",.,"HGVS Name(s): c.1215+113T>A, c.1215+113T>C, c.1215+113T>G.",,,,,,
rs6939340,Variant,0.27798963,dbSNP,Mean arterial,,pressure;Neuroblastom,a,";Red blood cell count. Phenotype ontologies: Elevated urinary vanillylmandelic acid, neuroblastoma, Ataxia, erythrocyte count, Anemia, Sporadic, Typified by incomplete penetrance, Horner syndrome, Skin nodule, Elevated urinary homovanillic acid, Neuroblastoma, mean arterial pressure, Myoclonus, Abdominal pain, Fever, Autosomal dominant inheritance, Bone pain, Neoplasm of the nervous system, Weight loss, Failure to thrive, Spinal cord compression, Hypertension, obsole",t,"e Heterogeneous, Elevated urinary dopamine level, Abnormal thorax morphology, Diarrhea. HGVS Name(s): n.1334+28855A>G, n.69-3106T>C.",,,,,,
rs6940363,Variant,0.27798963,dbSNP,Neuroblastoma,.,Phenotype ontologies,:,"Diarrhea, Abnormal thorax morphology, Myoclonus, Neuroblastoma, Elevated urinary homovanillic acid, Skin nodule, Elevated urinary dopamine level, Hypertension, Spinal cord compression, Horner syndrome, obsolete Heterogeneous, Failure to thrive, Typified by incomplete penetrance, Neoplasm of the nervous system, Anemia, Sporadic, Weight loss, Elevated urinary vanillylmandelic acid, Ataxia, Bone pain, neuroblastoma, Autosomal dominant inheritance, Fever, Abdominal pain",.,"HGVS Name(s): n.370-21985G>C, n.370-21985G>T.",,,,,,
rs6945242,Variant,0.32279584,dbSNP,Neuroblastoma,.,Phenotype ontologies,:,"Neuroblastoma, Elevated urinary homovanillic acid, Skin nodule, Elevated urinary dopamine level, Spinal cord compression, Hypertension, obsolete Heterogeneous, Horner syndrome, Diarrhea, Abnormal thorax morphology, Myoclonus, Elevated urinary vanillylmandelic acid, Ataxia, Bone pain, neuroblastoma, Autosomal dominant inheritance, Abdominal pain, Fever, Failure to thrive, Typified by incomplete penetrance, Neoplasm of the nervous system, Sporadic, Weight loss, Anemia",.,"HGVS Name(s): n.170-4098G>C, n.170-4098G>T, n.308-310G>C, n.308-310G>T.",,,,,,
rs6992153,Variant,0.32279584,dbSNP,Neuroblastoma,.,Phenotype ontologies,:,"Sporadic, Anemia, Weight loss, Neoplasm of the nervous system, Typified by incomplete penetrance, Failure to thrive, Abdominal pain, Fever, Autosomal dominant inheritance, Ataxia, Bone pain, neuroblastoma, Elevated urinary vanillylmandelic acid, Myoclonus, Abnormal thorax morphology, Diarrhea, obsolete Heterogeneous, Horner syndrome, Spinal cord compression, Hypertension, Elevated urinary dopamine level, Skin nodule, Elevated urinary homovanillic acid, Neuroblastoma",.,"HGVS Name(s): c.14-2445C>A, c.14-2445C>T, c.212-2445C>A, c.212-2445C>T, c.212-2445T>A, c.212-2445T>C.",,,,,,
rs704225,Variant,0.31353796,dbSNP,Neuroblastoma,.,Phenotype ontologies,:,"Bone pain, neuroblastoma, Ataxia, Elevated urinary vanillylmandelic acid, Autosomal dominant inheritance, Fever, Abdominal pain, Failure to thrive, Typified by incomplete penetrance, Sporadic, Anemia, Weight loss, Neoplasm of the nervous system, Neuroblastoma, Elevated urinary homovanillic acid, Elevated urinary dopamine level, Skin nodule, Horner syndrome, obsolete Heterogeneous, Spinal cord compression, Hypertension, Diarrhea, Abnormal thorax morphology, Myoclonus",.,"HGVS Name(s): n.121+10083A>C, n.121+10083A>G.",,,,,,
rs7114014,Variant,0.31353796,dbSNP,Neuroblastoma,.,Phenotype ontologies,:,"Sporadic, Weight loss, Anemia, Neoplasm of the nervous system, Typified by incomplete penetrance, Failure to thrive, Fever, Abdominal pain, Autosomal dominant inheritance, Bone pain, Ataxia, neuroblastoma, Elevated urinary vanillylmandelic acid, Myoclonus, Diarrhea, Abnormal thorax morphology, obsolete Heterogeneous, Horner syndrome, Spinal cord compression, Hypertension, Elevated urinary dopamine level, Skin nodule, Neuroblastoma, Elevated urinary homovanillic acid",.,,,,,,,
rs7129386,Variant,0.31353796,dbSNP,Neuroblastoma,.,Phenotype ontologies,:,"Elevated urinary vanillylmandelic acid, Ataxia, Bone pain, neuroblastoma, Abdominal pain, Fever, Autosomal dominant inheritance, Typified by incomplete penetrance, Failure to thrive, Neoplasm of the nervous system, Weight loss, Sporadic, Anemia, Neuroblastoma, Elevated urinary homovanillic acid, Hypertension, Spinal cord compression, Horner syndrome, obsolete Heterogeneous, Skin nodule, Elevated urinary dopamine level, Abnormal thorax morphology, Diarrhea, Myoclonus",.,,,,,,,
rs7134594,Variant,0.31353796,dbSNP,HDL cholester,o,l;HDL cholesterol lev,e,"ls;High density lipoprotein cholesterol levels;High-density lipoprotein cholesterol;Low density lipoprotein cholesterol levels;Neuroblastoma;Total cholesterol levels. Phenotype ontologies: Abdominal pain, Fever, Autosomal dominant inheritance, high density lipoprotein cholesterol measurement, Bone pain, Weight loss, Neoplasm of the nervous system, Failure to thrive, obsolete Heterogeneous, Spinal cord compression, Hypertension, Elevated urinary dopamine level, high-d",e,"nsity lipoprotein cholesterol, total cholesterol measurement, Diarrhea, Abnormal thorax morphology, low density lipoprotein cholesterol measurement",",",neurob,las,to,ma,", Ataxia, Elevated urinary vanillylmandelic acid, Sporadic, Anemia, Typified by incomplete penetrance, Horner syndrome, Skin nodule, Elevated urinary homovanillic acid, Neuroblastoma, Myoclonus, LDL cholesterol. HGVS Name(s): c.349-536G>A, c.349-536G>C."
rs7152233,Variant,0.31353796,dbSNP,Neuroblastoma,.,Phenotype ontologies,:,"neuroblastoma, Bone pain, Ataxia, Elevated urinary vanillylmandelic acid, Autosomal dominant inheritance, Fever, Abdominal pain, Failure to thrive, Typified by incomplete penetrance, Sporadic, Weight loss, Anemia, Neoplasm of the nervous system, Elevated urinary homovanillic acid, Neuroblastoma, Elevated urinary dopamine level, Skin nodule, Horner syndrome, obsolete Heterogeneous, Spinal cord compression, Hypertension, Diarrhea, Abnormal thorax morphology, Myoclonus",.,,,,,,,
rs7272481,Variant,0.31848878,dbSNP,Neuroblastoma,.,Phenotype ontologies,:,"Neuroblastoma, Elevated urinary homovanillic acid, Skin nodule, Elevated urinary dopamine level, Hypertension, Spinal cord compression, obsolete Heterogeneous, Horner syndrome, Abnormal thorax morphology, Diarrhea, Myoclonus, Elevated urinary vanillylmandelic acid, Bone pain, Ataxia, neuroblastoma, Autosomal dominant inheritance, Abdominal pain, Fever, Failure to thrive, Typified by incomplete penetrance, Neoplasm of the nervous system, Weight loss, Sporadic, Anemia",.,,,,,,,
rs72867431,Variant,0.25321832,dbSNP,Charcot-Marie,-,Tooth disease;Charcot,-,"Marie-Tooth disease type 2;ClinVar: phenotype not specified;Neuroblastoma. Phenotype ontologies: Weight loss, Scoliosis, Neoplasm of the nervous system, Abnormality of the voice, Failure to thrive, Gait disturbance, Autosomal dominant inheritance, Abdominal pain, Fever, Bone pain, Charcot-Marie-Tooth disease type 2, Laryngomalacia, Kyphosis, Diarrhea, Abnormal thorax morphology, Elevated urinary dopamine level, obsolete Heterogeneous, Hypertension, Spinal cord compre",s,"sion, Hemiplegia/hemiparesis, Anemia, Sporadic, Impaired pain sensation, Typified by incomplete penetrance, Ataxia, neuroblastoma, Elevated urinary",v,anilly,lma,nd,el,"ic acid, Myoclonus, Decreased nerve conduction velocity, Incoordination, Skeletal muscle atrophy, Skin nodule, Horner syndrome, Reduced tendon reflexes, EMG abnormality, Charcot-Marie-Tooth disease, Elevated urinary homovanillic acid, Neuroblastoma. HGVS Name(s): c.4904+9C>T, c.4946+9C>T, c.5009+9C>T."
rs72867441,Variant,0.25321832,dbSNP,Neuroblastoma,.,Phenotype ontologies,:,"Failure to thrive, Typified by incomplete penetrance, Weight loss, Sporadic, Anemia, Neoplasm of the nervous system, neuroblastoma, Bone pain, Ataxia, Elevated urinary vanillylmandelic acid, Autosomal dominant inheritance, Fever, Abdominal pain, Diarrhea, Abnormal thorax morphology, Myoclonus, Elevated urinary homovanillic acid, Neuroblastoma, Elevated urinary dopamine level, Skin nodule, obsolete Heterogeneous, Horner syndrome, Hypertension, Spinal cord compression",.,"HGVS Name(s): c.*2577A>G, c.*4392A>G.",,,,,,
rs7298565,Variant,0.31353796,dbSNP,Body Mass Ind,e,x (BMI);ClinVar: phen,o,"type not specified;High-density lipoprotein cholesterol;High-density lipoprotein levels MTAG;Monocyte count;Neuroblastoma;Oculocerebrofacial syndrome, Kaufman type;Total cholesterol levels. Phenotype ontologies: Myoclonus, LDL cholesterol, Horner syndrome, Skin nodule, Neuroblastoma, Elevated urinary homovanillic acid, Sporadic, Anemia, Typified by incomplete penetrance, neuroblastoma, Ataxia, Elevated urinary vanillylmandelic acid, oculocerebrofacial syndrome, Kaufm",a,"n type, total cholesterol measurement, Diarrhea, Abnormal thorax morphology, obsolete Heterogeneous, Hypertension, Spinal cord compression, Elevate",d,urinar,y d,op,am,"ine level, Weight loss, longitudinal BMI measurement, Neoplasm of the nervous system, Failure to thrive, Abdominal pain, Fever, body mass index, Autosomal dominant inheritance, Bone pain, high density lipoprotein cholesterol measurement. HGVS Name(s): c.1037G>A, c.1037G>C, p.Arg346Gln, p.Arg346Pro."
rs72990858,Variant,0.27798963,dbSNP,Age at first,s,exual intercourse;Edu,c,"ational attainment;Educational attainment (MTAG);Smoking initiation;Smoking initiation (ever regular vs never regular) (MTAG);Sporadic neuroblastoma. Phenotype ontologies: educational attainment, neuroblastoma.",,,,,,,,
rs7308861,Variant,0.31353796,dbSNP,Neuroblastoma,.,Phenotype ontologies,:,"Bone pain, Ataxia, neuroblastoma, Elevated urinary vanillylmandelic acid, Autosomal dominant inheritance, Fever, Abdominal pain, Failure to thrive, Typified by incomplete penetrance, Weight loss, Sporadic, Anemia, Neoplasm of the nervous system, Neuroblastoma, Elevated urinary homovanillic acid, Elevated urinary dopamine level, Skin nodule, Horner syndrome, obsolete Heterogeneous, Hypertension, Spinal cord compression, Abnormal thorax morphology, Diarrhea, Myoclonus",.,"HGVS Name(s): n.190-12326G>A, n.190-12326G>C, n.432-4854C>G, n.432-4854C>T.",,,,,,
rs73139116,Variant,0.27798963,dbSNP,Congenital ce,n,tral hypoventilation;,N,"EUROBLASTOMA, SUSCEPTIBILITY TO, 2 (NBLST2). Phenotype ontologies: central hypoventilation syndrome, congenital, 1, with or without Hirschsprung disease, neuroblastoma, neuroblastoma, susceptibility to, 2, Aganglionic megacolon, Autosomal dominant inheritance. HGVS Name(s): c.*600T>G.",,,,,,,,
rs731956,Variant,0.32279584,dbSNP,Neuroblastoma,.,Phenotype ontologies,:,"Skin nodule, Elevated urinary dopamine level, Spinal cord compression, Hypertension, obsolete Heterogeneous, Horner syndrome, Neuroblastoma, Elevated urinary homovanillic acid, Myoclonus, Abnormal thorax morphology, Diarrhea, Autosomal dominant inheritance, Abdominal pain, Fever, Elevated urinary vanillylmandelic acid, Ataxia, Bone pain, neuroblastoma, Neoplasm of the nervous system, Sporadic, Anemia, Weight loss, Failure to thrive, Typified by incomplete penetrance",.,HGVS Name(s): n.123+39231A>G.,,,,,,
rs73201031,Variant,0.31353796,dbSNP,Neuroblastoma,.,Phenotype ontologies,:,"Neoplasm of the nervous system, Anemia, Sporadic, Weight loss, Failure to thrive, Typified by incomplete penetrance, Autosomal dominant inheritance, Abdominal pain, Fever, Elevated urinary vanillylmandelic acid, Bone pain, Ataxia, neuroblastoma, Myoclonus, Abnormal thorax morphology, Diarrhea, Skin nodule, Elevated urinary dopamine level, Spinal cord compression, Hypertension, obsolete Heterogeneous, Horner syndrome, Elevated urinary homovanillic acid, Neuroblastoma",.,,,,,,,
rs73707118,Variant,0.32279584,dbSNP,Neuroblastoma,.,Phenotype ontologies,:,"Neoplasm of the nervous system, Weight loss, Sporadic, Anemia, Typified by incomplete penetrance, Failure to thrive, Abdominal pain, Fever, Autosomal dominant inheritance, Elevated urinary vanillylmandelic acid, Ataxia, Bone pain, neuroblastoma, Myoclonus, Abnormal thorax morphology, Diarrhea, Spinal cord compression, Hypertension, Horner syndrome, obsolete Heterogeneous, Skin nodule, Elevated urinary dopamine level, Elevated urinary homovanillic acid, Neuroblastoma",.,"HGVS Name(s): n.621+17752C>G, n.621+17752C>T.",,,,,,
rs73719611,Variant,0.27798963,dbSNP,Neuroblastoma,.,Phenotype ontologies,:,"obsolete Heterogeneous, Horner syndrome, Hypertension, Spinal cord compression, Elevated urinary dopamine level, Skin nodule, Elevated urinary homovanillic acid, Neuroblastoma, Myoclonus, Abnormal thorax morphology, Diarrhea, Fever, Abdominal pain, Autosomal dominant inheritance, neuroblastoma, Bone pain, Ataxia, Elevated urinary vanillylmandelic acid, Anemia, Sporadic, Weight loss, Neoplasm of the nervous system, Typified by incomplete penetrance, Failure to thrive",.,"HGVS Name(s): c.904+26091T>A, c.904+26091T>C, n.314-235A>G, n.314-235A>T.",,,,,,
rs73810341,Variant,0.27798963,dbSNP,Congenital ce,n,tral hypoventilation;,N,"EUROBLASTOMA, SUSCEPTIBILITY TO, 2 (NBLST2). Phenotype ontologies: neuroblastoma, susceptibility to, 2, Autosomal dominant inheritance, Aganglionic megacolon, neuroblastoma, central hypoventilation syndrome, congenital, 1, with or without Hirschsprung disease. HGVS Name(s): c.*278T>A.",,,,,,,,
rs73810366,Variant,0.27798963,dbSNP,Not specified,o,type not specified;Co,n,"genital central hypoventilation;Haddad syndrome;Hereditary cancer-predisposing syndrome;NEUROBLASTOMA, SUSCEPTIBILITY TO, 2 (NBLST2). Phenotype ontologies: neuroblastoma, susceptibility to, 2, Haddad syndrome, central hypoventilation syndrome, congenital, 1, with or without Hirschsprung disease, Aganglionic megacolon, Autosomal dominant inheritance, neuroblastoma. HGVS Name(s): c.234C>G, c.234C>T, n.32G>A, n.32G>C, p.Tyr78=, p.Tyr78Ter.",,,,,,,,
rs73944114,Variant,0.25321832,dbSNP,Neuroblastoma,.,Phenotype ontologies,:,"Neoplasm of the nervous system, Anemia, Sporadic, Weight loss, Typified by incomplete penetrance, Failure to thrive, Abdominal pain, Fever, Autosomal dominant inheritance, Elevated urinary vanillylmandelic acid, neuroblastoma, Bone pain, Ataxia, Myoclonus, Diarrhea, Abnormal thorax morphology, Spinal cord compression, Hypertension, Horner syndrome, obsolete Heterogeneous, Skin nodule, Elevated urinary dopamine level, Elevated urinary homovanillic acid, Neuroblastoma",.,HGVS Name(s): n.122-31785T>C.,,,,,,
rs74360487,Variant,0.000562459,dbSNP,ALK-related d,i,"sorder;NEUROBLASTOMA,",,"SUSCEPTIBILITY TO, 3 (NBLST3). Phenotype ontologies: neuroblastoma, susceptibility to, 3. HGVS Name(s): c.2497G>T, p.Gly833Ter.",,,,,,,,
rs745317944,Variant,0.000562459,dbSNP,Neuroblastoma,",","SUSCEPTIBILITY TO, 3",,"(NBLST3). Phenotype ontologies: neuroblastoma, susceptibility to, 3. HGVS Name(s): c.2764G>A, p.Gly922Arg.",,,,,,,,
rs745322358,Variant,0.000562459,dbSNP,Hereditary cancer-predisposing syndrome,n,cer-predisposing synd,r,"ome;NEUROBLASTOMA, SUSCEPTIBILITY TO, 3 (NBLST3). Phenotype ontologies: neuroblastoma, susceptibility to, 3. HGVS Name(s): c.1392A>G, n.380+5844T>C, p.Gly464=.",,,,,,,,
rs745380720,Variant,0.25321832,dbSNP,Charcot-Marie,-,Tooth disease type 2;,C,"linVar: phenotype not specified;Neuroblastoma. Phenotype ontologies: Typified by incomplete penetrance, Failure to thrive, Sporadic, Weight loss, Anemia, Neoplasm of the nervous system, neuroblastoma, Bone pain, Ataxia, Elevated urinary vanillylmandelic acid, Abdominal pain, Fever, Autosomal dominant inheritance, Diarrhea, Abnormal thorax morphology, Myoclonus, Charcot-Marie-Tooth disease type 2, Neuroblastoma, Elevated urinary homovanillic acid, Horner syndrome, obs",o,"lete Heterogeneous, Hypertension, Spinal cord compression, Elevated urinary dopamine level, Skin nodule. HGVS Name(s): c.3683G>T, c.3725G>T, c.3788",G>,"T, p.S",er1,22,8I,"le, p.Ser1242Ile, p.Ser1263Ile."
rs745406091,Variant,0.000562459,dbSNP,Not specified,o,type not specified;NE,U,"ROBLASTOMA, SUSCEPTIBILITY TO, 3 (NBLST3). Phenotype ontologies: neuroblastoma, susceptibility to, 3. HGVS Name(s): c.2654A>G, p.Asp885Gly.",,,,,,,,
rs745503233,Variant,0.27798963,dbSNP,Congenital ce,n,tral hypoventilation;,N,"EUROBLASTOMA, SUSCEPTIBILITY TO, 2 (NBLST2). Phenotype ontologies: Autosomal dominant inheritance, Aganglionic megacolon, neuroblastoma, susceptibility to, 2, central hypoventilation syndrome, congenital, 1, with or without Hirschsprung disease, neuroblastoma. HGVS Name(s): c.*737C>T.",,,,,,,,
rs745521483,Variant,0.000562459,dbSNP,Neuroblastoma,",","SUSCEPTIBILITY TO, 3",,"(NBLST3). Phenotype ontologies: neuroblastoma, susceptibility to, 3. HGVS Name(s): c.788-19C>G.",,,,,,,,
rs745610953,Variant,0.000562459,dbSNP,Hereditary cancer-predisposing syndrome,n,cer-predisposing synd,r,"ome;NEUROBLASTOMA, SUSCEPTIBILITY TO, 3 (NBLST3). Phenotype ontologies: neuroblastoma, susceptibility to, 3. HGVS Name(s): c.2439G>A, p.Glu813=.",,,,,,,,
rs745673569,Variant,0.000562459,dbSNP,Neuroblastoma,",","SUSCEPTIBILITY TO, 3",,"(NBLST3). Phenotype ontologies: neuroblastoma, susceptibility to, 3. HGVS Name(s): c.2356-19G>A.",,,,,,,,
rs745980716,Variant,0.000562459,dbSNP,Neuroblastoma,",","SUSCEPTIBILITY TO, 3",,"(NBLST3). Phenotype ontologies: neuroblastoma, susceptibility to, 3. HGVS Name(s): c.3450+6A>G, c.3450+6A>T.",,,,,,,,
rs746073787,Variant,0.000562459,dbSNP,Neuroblastoma,",","SUSCEPTIBILITY TO, 3",,"(NBLST3). Phenotype ontologies: neuroblastoma, susceptibility to, 3. HGVS Name(s): c.953-5T>C.",,,,,,,,
rs74618543,Variant,0.31848878,dbSNP,Neuroblastoma,.,Phenotype ontologies,:,"Elevated urinary homovanillic acid, Neuroblastoma, obsolete Heterogeneous, Horner syndrome, Hypertension, Spinal cord compression, Elevated urinary dopamine level, Skin nodule, Diarrhea, Abnormal thorax morphology, Myoclonus, Bone pain, neuroblastoma, Ataxia, Elevated urinary vanillylmandelic acid, Abdominal pain, Fever, Autosomal dominant inheritance, Typified by incomplete penetrance, Failure to thrive, Sporadic, Weight loss, Anemia, Neoplasm of the nervous system",.,HGVS Name(s): c.160+1207G>A.,,,,,,
rs74669215,Variant,0.000562459,dbSNP,Not specified,o,type not specified;NE,U,"ROBLASTOMA, SUSCEPTIBILITY TO, 3 (NBLST3). Phenotype ontologies: neuroblastoma, susceptibility to, 3. HGVS Name(s): c.*111C>T, c.1923-3815G>A.",,,,,,,,
rs746732487,Variant,0.000562459,dbSNP,Neuroblastoma,",","SUSCEPTIBILITY TO, 3",,"(NBLST3). Phenotype ontologies: neuroblastoma, susceptibility to, 3. HGVS Name(s): c.2355+17G>A.",,,,,,,,
rs746818719,Variant,0.000562459,dbSNP,Not specified,o,type not specified;NE,U,"ROBLASTOMA, SUSCEPTIBILITY TO, 3 (NBLST3). Phenotype ontologies: neuroblastoma, susceptibility to, 3. HGVS Name(s): c.920_922dup, p.Pro307_Gly308insAla.",,,,,,,,
rs746980680,Variant,0.25321832,dbSNP,Charcot-Marie,-,Tooth disease type 2;,C,"linVar: phenotype not specified;Neuroblastoma. Phenotype ontologies: Elevated urinary vanillylmandelic acid, Bone pain, Ataxia, neuroblastoma, Autosomal dominant inheritance, Abdominal pain, Fever, Failure to thrive, Typified by incomplete penetrance, Neoplasm of the nervous system, Sporadic, Weight loss, Anemia, Elevated urinary homovanillic acid, Neuroblastoma, Skin nodule, Elevated urinary dopamine level, Hypertension, Spinal cord compression, Horner syndrome, obs",o,"lete Heterogeneous, Diarrhea, Abnormal thorax morphology, Charcot-Marie-Tooth disease type 2, Myoclonus. HGVS Name(s): c.3807A>G, c.3849A>G, c.3912",A>,"G, p.T",hr1,26,9=,", p.Thr1283=, p.Thr1304=."
rs747000305,Variant,0.000562459,dbSNP,Neuroblastoma,",","SUSCEPTIBILITY TO, 3",,"(NBLST3). Phenotype ontologies: neuroblastoma, susceptibility to, 3. HGVS Name(s): c.1790T>C, c.1790T>G, p.Val597Ala, p.Val597Gly.",,,,,,,,
rs747320964,Variant,0.000562459,dbSNP,Neuroblastoma,",","SUSCEPTIBILITY TO, 3",,"(NBLST3). Phenotype ontologies: neuroblastoma, susceptibility to, 3. HGVS Name(s): c.3081G>A, c.3081G>C, p.Pro1027=.",,,,,,,,
rs747355737,Variant,0.000562459,dbSNP,Neuroblastoma,",","SUSCEPTIBILITY TO, 3",,"(NBLST3). Phenotype ontologies: neuroblastoma, susceptibility to, 3. HGVS Name(s): c.1039C>T, p.Leu347=.",,,,,,,,
rs747626591,Variant,0.27798963,dbSNP,Not specified,o,type not specified;Co,n,"genital central hypoventilation;Haddad syndrome;Hereditary cancer-predisposing syndrome;NEUROBLASTOMA, SUSCEPTIBILITY TO, 2 (NBLST2). Phenotype ontologies: Aganglionic megacolon, Autosomal dominant inheritance, neuroblastoma, Haddad syndrome, neuroblastoma, susceptibility to, 2, central hypoventilation syndrome, congenital, 1, with or without Hirschsprung disease. HGVS Name(s): c.773C>A, p.Ala258Glu.",,,,,,,,
rs748614674,Variant,0.27798963,dbSNP,Haddad syndro,m,e;Hereditary cancer-p,r,"edisposing syndrome;NEUROBLASTOMA, SUSCEPTIBILITY TO, 2 (NBLST2). Phenotype ontologies: neuroblastoma, susceptibility to, 2, Haddad syndrome, central hypoventilation syndrome, congenital, 1, with or without Hirschsprung disease, Autosomal dominant inheritance, Aganglionic megacolon, neuroblastoma. HGVS Name(s): c.391C>A, c.391C>G, p.Leu131Met, p.Leu131Val.",,,,,,,,
rs7486178,Variant,0.31353796,dbSNP,Neuroblastoma,.,Phenotype ontologies,:,"Diarrhea, Abnormal thorax morphology, Myoclonus, Neuroblastoma, Elevated urinary homovanillic acid, Skin nodule, Elevated urinary dopamine level, Spinal cord compression, Hypertension, Horner syndrome, obsolete Heterogeneous, Failure to thrive, Typified by incomplete penetrance, Neoplasm of the nervous system, Anemia, Sporadic, Weight loss, Elevated urinary vanillylmandelic acid, Ataxia, Bone pain, neuroblastoma, Autosomal dominant inheritance, Abdominal pain, Fever",.,,,,,,,
rs749154726,Variant,0.25321832,dbSNP,Charcot-Marie,-,Tooth disease;Charcot,-,"Marie-Tooth disease type 2;ClinVar: phenotype not specified;Neuroblastoma. Phenotype ontologies: Typified by incomplete penetrance, Sporadic, Anemia, Impaired pain sensation, Elevated urinary vanillylmandelic acid, neuroblastoma, Ataxia, Incoordination, Decreased nerve conduction velocity, Myoclonus, EMG abnormality, Elevated urinary homovanillic acid, Neuroblastoma, Charcot-Marie-Tooth disease, Skin nodule, Skeletal muscle atrophy, Reduced tendon reflexes, Horner sy",n,"drome, Abnormality of the voice, Failure to thrive, Gait disturbance, Neoplasm of the nervous system, Scoliosis, Weight loss, Bone pain, Autosomal",do,minant,in,he,ri,"tance, Fever, Abdominal pain, Abnormal thorax morphology, Diarrhea, Charcot-Marie-Tooth disease type 2, Kyphosis, Laryngomalacia, Hemiplegia/hemiparesis, Elevated urinary dopamine level, Spinal cord compression, Hypertension, obsolete Heterogeneous. HGVS Name(s): c.2796T>G, c.2892T>G, c.2934T>G, p.Val932=, p.Val964=, p.Val978=."
rs749389756,Variant,0.25321832,dbSNP,Charcot-Marie,-,Tooth disease type 2;,C,"linVar: phenotype not specified;KIF1B-related disorder;Neuroblastoma. Phenotype ontologies: Neuroblastoma, Elevated urinary homovanillic acid, Elevated urinary dopamine level, Skin nodule, Horner syndrome, obsolete Heterogeneous, Spinal cord compression, Hypertension, Abnormal thorax morphology, Diarrhea, Charcot-Marie-Tooth disease type 2, Myoclonus, Ataxia, Bone pain, neuroblastoma, Elevated urinary vanillylmandelic acid, Autosomal dominant inheritance, Abdominal p",a,"in, Fever, Failure to thrive, Typified by incomplete penetrance, Sporadic, Weight loss, Anemia, Neoplasm of the nervous system. HGVS Name(s): c.107",-8,T>A.,,,,
rs749873,Variant,0.25321832,dbSNP,Neuroblastoma,.,Phenotype ontologies,:,"Myoclonus, Diarrhea, Abnormal thorax morphology, Skin nodule, Elevated urinary dopamine level, Hypertension, Spinal cord compression, Horner syndrome, obsolete Heterogeneous, Elevated urinary homovanillic acid, Neuroblastoma, Neoplasm of the nervous system, Anemia, Sporadic, Weight loss, Failure to thrive, Typified by incomplete penetrance, Autosomal dominant inheritance, Fever, Abdominal pain, Elevated urinary vanillylmandelic acid, neuroblastoma, Bone pain, Ataxia",.,HGVS Name(s): n.548-18630C>T.,,,,,,
rs750420134,Variant,0.25321832,dbSNP,Neuroblastoma,.,Phenotype ontologies,:,"Abnormal thorax morphology, Diarrhea, Myoclonus, Elevated urinary homovanillic acid, Neuroblastoma, Spinal cord compression, Hypertension, obsolete Heterogeneous, Horner syndrome, Skin nodule, Elevated urinary dopamine level, Typified by incomplete penetrance, Failure to thrive, Neoplasm of the nervous system, Sporadic, Weight loss, Anemia, Elevated urinary vanillylmandelic acid, Bone pain, neuroblastoma, Ataxia, Abdominal pain, Fever, Autosomal dominant inheritance",.,"HGVS Name(s): c.*2567G>C, c.*752G>C.",,,,,,
rs750664148,Variant,0.32279584,dbSNP,Carcinoma of esophagus,e,sophagus;ClinVar: phe,n,"otype not specified;Lung adenocarcinoma;Malignant melanoma of skin;Neuroblastoma;Non-Hodgkin lymphoma. Phenotype ontologies: Myoclonus, Neuroblastoma, Elevated urinary homovanillic acid, Horner syndrome, non-small cell lung adenocarcinoma, lung adenocarcinoma, Skin nodule, Typified by incomplete penetrance, cutaneous melanoma, Sporadic, Anemia, Ataxia, neuroblastoma, Elevated urinary vanillylmandelic acid, Abnormal thorax morphology, Diarrhea, obsolete Heterogeneous,",,"Spinal cord compression, Hypertension, Elevated urinary dopamine level, non-Hodgkins lymphoma, Failure to thrive, Weight loss, Neoplasm of the nerv",ou,s syst,"em,",B,on,"e pain, esophageal carcinoma, Fever, Abdominal pain, Autosomal dominant inheritance. HGVS Name(s): c.-129A>C, c.-129A>G, c.172A>C, c.172A>G, c.214A>C, c.214A>G, c.217A>C, c.217A>G, p.Thr58Ala, p.Thr58Pro, p.Thr72Ala, p.Thr72Pro, p.Thr73Ala, p.Thr73Pro."
rs751084365,Variant,0.25321832,dbSNP,Charcot-Marie,-,Tooth disease type 2;,C,"linVar: phenotype not specified;KIF1B-related disorder;Neuroblastoma. Phenotype ontologies: Elevated urinary vanillylmandelic acid, neuroblastoma, Bone pain, Ataxia, Fever, Abdominal pain, Autosomal dominant inheritance, Typified by incomplete penetrance, Failure to thrive, Neoplasm of the nervous system, Anemia, Sporadic, Weight loss, Neuroblastoma, Elevated urinary homovanillic acid, Hypertension, Spinal cord compression, Horner syndrome, obsolete Heterogeneous, Sk",i,"n nodule, Elevated urinary dopamine level, Diarrhea, Abnormal thorax morphology, Myoclonus, Charcot-Marie-Tooth disease type 2. HGVS Name(s): c.464",1C,">T, c.",468,3C,>T,", c.4746C>T, p.Ser1547=, p.Ser1561=, p.Ser1582=."
rs751420024,Variant,0.000562459,dbSNP,Neuroblastoma,",","SUSCEPTIBILITY TO, 3",,"(NBLST3). Phenotype ontologies: neuroblastoma, susceptibility to, 3. HGVS Name(s): c.1648-11C>T.",,,,,,,,
rs751581475,Variant,0.000562459,dbSNP,Neuroblastoma,",","SUSCEPTIBILITY TO, 3",,"(NBLST3). Phenotype ontologies: neuroblastoma, susceptibility to, 3. HGVS Name(s): c.2802C>G, c.2802C>T, p.Gly934=.",,,,,,,,
rs751829128,Variant,0.27798963,dbSNP,Congenital ce,n,tral hypoventilation;,H,"addad syndrome;Hereditary cancer-predisposing syndrome;NEUROBLASTOMA, SUSCEPTIBILITY TO, 2 (NBLST2). Phenotype ontologies: central hypoventilation syndrome, congenital, 1, with or without Hirschsprung disease, Haddad syndrome, neuroblastoma, susceptibility to, 2, neuroblastoma, Aganglionic megacolon, Autosomal dominant inheritance. HGVS Name(s): c.729A>C, c.729A>G, p.Ala243=.",,,,,,,,
rs752129360,Variant,0.000562459,dbSNP,Hereditary cancer-predisposing syndrome,n,cer-predisposing synd,r,"ome;NEUROBLASTOMA, SUSCEPTIBILITY TO, 3 (NBLST3). Phenotype ontologies: neuroblastoma, susceptibility to, 3. HGVS Name(s): c.506A>G, n.534+6065A>G, p.Asn169Ser.",,,,,,,,
rs752257152,Variant,0.000562459,dbSNP,Neuroblastoma,",","SUSCEPTIBILITY TO, 3",,"(NBLST3). Phenotype ontologies: neuroblastoma, susceptibility to, 3. HGVS Name(s): c.3938+7_3938+8dup.",,,,,,,,
rs752439739,Variant,0.000562459,dbSNP,Neuroblastoma,",","SUSCEPTIBILITY TO, 3",,"(NBLST3). Phenotype ontologies: neuroblastoma, susceptibility to, 3. HGVS Name(s): c.1996C>G, c.1996C>T, p.Pro666Ala, p.Pro666Ser.",,,,,,,,
rs752674254,Variant,0.25321832,dbSNP,Not specified,o,type not specified;Ne,u,"roblastoma. Phenotype ontologies: Myoclonus, Diarrhea, Abnormal thorax morphology, Elevated urinary dopamine level, Skin nodule, Horner syndrome, obsolete Heterogeneous, Hypertension, Spinal cord compression, Elevated urinary homovanillic acid, Neuroblastoma, Weight loss, Sporadic, Anemia, Neoplasm of the nervous system, Failure to thrive, Typified by incomplete penetrance, Autosomal dominant inheritance, Fever, Abdominal pain, neuroblastoma, Bone pain, Ataxia, Eleva",t,"ed urinary vanillylmandelic acid. HGVS Name(s): c.159C>T, p.Asp53=.",,,,,,
rs752799164,Variant,0.000562459,dbSNP,Hereditary cancer-predisposing syndrome,n,cer-predisposing synd,r,"ome;NEUROBLASTOMA, SUSCEPTIBILITY TO, 3 (NBLST3). Phenotype ontologies: neuroblastoma, susceptibility to, 3. HGVS Name(s): c.1836C>G, c.1836C>T, p.Val612=.",,,,,,,,
rs752838625,Variant,0.000642801,dbSNP,Neuroblastoma,",","SUSCEPTIBILITY TO, 3",,"(NBLST3). Phenotype ontologies: neuroblastoma, susceptibility to, 3. HGVS Name(s): c.2356-16del.",,,,,,,,
rs752867315,Variant,0.27798963,dbSNP,Not specified,o,type not specified;Ha,d,"dad syndrome;Hereditary cancer-predisposing syndrome;NEUROBLASTOMA, SUSCEPTIBILITY TO, 2 (NBLST2). Phenotype ontologies: neuroblastoma, Autosomal dominant inheritance, Aganglionic megacolon, central hypoventilation syndrome, congenital, 1, with or without Hirschsprung disease, Haddad syndrome, neuroblastoma, susceptibility to, 2. HGVS Name(s): c.746C>T, p.Ala249Val.",,,,,,,,
rs752879767,Variant,0.27798963,dbSNP,Haddad syndro,m,e;Hereditary cancer-p,r,"edisposing syndrome;NEUROBLASTOMA, SUSCEPTIBILITY TO, 2 (NBLST2). Phenotype ontologies: central hypoventilation syndrome, congenital, 1, with or without Hirschsprung disease, Haddad syndrome, neuroblastoma, susceptibility to, 2, neuroblastoma, Autosomal dominant inheritance, Aganglionic megacolon. HGVS Name(s): c.837_838insGGCCCC, p.Gly278_Pro279dup.",,,,,,,,
rs752920768,Variant,0.000562459,dbSNP,Hereditary cancer-predisposing syndrome,n,cer-predisposing synd,r,"ome;NEUROBLASTOMA, SUSCEPTIBILITY TO, 3 (NBLST3). Phenotype ontologies: neuroblastoma, susceptibility to, 3. HGVS Name(s): c.735C>T, p.Leu245=.",,,,,,,,
rs753385730,Variant,0.000562459,dbSNP,Neuroblastoma,",","SUSCEPTIBILITY TO, 3",,"(NBLST3). Phenotype ontologies: neuroblastoma, susceptibility to, 3. HGVS Name(s): c.3067+3A>G.",,,,,,,,
rs753474713,Variant,0.000562459,dbSNP,Hereditary cancer-predisposing syndrome,n,cer-predisposing synd,r,"ome;NEUROBLASTOMA, SUSCEPTIBILITY TO, 3 (NBLST3). Phenotype ontologies: neuroblastoma, susceptibility to, 3. HGVS Name(s): c.3087A>C, c.3087A>T, p.Pro1029=.",,,,,,,,
rs753584062,Variant,0.000562459,dbSNP,Neuroblastoma,",","SUSCEPTIBILITY TO, 3",,"(NBLST3). Phenotype ontologies: neuroblastoma, susceptibility to, 3. HGVS Name(s): c.2480T>C, p.Val827Ala.",,,,,,,,
rs753622072,Variant,0.000562459,dbSNP,Neuroblastoma,",","SUSCEPTIBILITY TO, 3",,"(NBLST3). Phenotype ontologies: neuroblastoma, susceptibility to, 3. HGVS Name(s): c.1923-3519A>G, c.4678T>C, p.Ser1560Pro.",,,,,,,,
rs753646573,Variant,0.000562459,dbSNP,Hereditary cancer-predisposing syndrome,n,cer-predisposing synd,r,"ome;NEUROBLASTOMA, SUSCEPTIBILITY TO, 3 (NBLST3). Phenotype ontologies: neuroblastoma, susceptibility to, 3. HGVS Name(s): c.730A>T, p.Asn244Tyr.",,,,,,,,
rs753965995,Variant,0.000562459,dbSNP,Neuroblastoma,",","SUSCEPTIBILITY TO, 3",,"(NBLST3). Phenotype ontologies: neuroblastoma, susceptibility to, 3. HGVS Name(s): c.3645+12C>G, c.3645+12C>T.",,,,,,,,
rs754062671,Variant,0.000562459,dbSNP,Neuroblastoma,",","SUSCEPTIBILITY TO, 3",,"(NBLST3). Phenotype ontologies: neuroblastoma, susceptibility to, 3. HGVS Name(s): c.3646-18G>A, c.3646-18G>C, c.3646-18G>T.",,,,,,,,
rs754121148,Variant,0.25321832,dbSNP,Charcot-Marie,-,Tooth disease type 2;,C,"linVar: phenotype not specified;Neuroblastoma. Phenotype ontologies: Autosomal dominant inheritance, Abdominal pain, Fever, Bone pain, neuroblastoma, Ataxia, Elevated urinary vanillylmandelic acid, Sporadic, Anemia, Weight loss, Neoplasm of the nervous system, Failure to thrive, Typified by incomplete penetrance, Elevated urinary dopamine level, Skin nodule, obsolete Heterogeneous, Horner syndrome, Hypertension, Spinal cord compression, Elevated urinary homovanillic",a,"cid, Neuroblastoma, Charcot-Marie-Tooth disease type 2, Myoclonus, Diarrhea, Abnormal thorax morphology. HGVS Name(s): c.3003G>A, c.3003G>C, c.3003",G>,"T, c.3",99,G>,"A,","c.3099G>C, c.3099G>T, c.3141G>A, c.3141G>C, c.3141G>T, p.Ser1001=, p.Ser1033=, p.Ser1047=."
rs75413741,Variant,0.25321832,dbSNP,Charcot-Marie,-,Tooth disease;Charcot,-,"Marie-Tooth disease type 2;ClinVar: phenotype not specified;Neuroblastoma. Phenotype ontologies: Charcot-Marie-Tooth disease type 2, Laryngomalacia, Kyphosis, Diarrhea, Abnormal thorax morphology, Elevated urinary dopamine level, obsolete Heterogeneous, Spinal cord compression, Hypertension, Hemiplegia/hemiparesis, Scoliosis, Weight loss, Neoplasm of the nervous system, Abnormality of the voice, Failure to thrive, Gait disturbance, Autosomal dominant inheritance, Abd",o,"minal pain, Fever, Bone pain, Myoclonus, Decreased nerve conduction velocity, Incoordination, Skeletal muscle atrophy, Skin nodule, Horner syndrome",",",Reduce,d t,en,do,"n reflexes, EMG abnormality, Charcot-Marie-Tooth disease, Elevated urinary homovanillic acid, Neuroblastoma, Sporadic, Anemia, Impaired pain sensation, Typified by incomplete penetrance, Ataxia, neuroblastoma, Elevated urinary vanillylmandelic acid. HGVS Name(s): c.5208A>G, c.5250A>G, c.5313A>G, p.Ala1736=, p.Ala1750=, p.Ala1771=."
rs754196355,Variant,0.000562459,dbSNP,Neuroblastoma,",","SUSCEPTIBILITY TO, 3",,"(NBLST3). Phenotype ontologies: neuroblastoma, susceptibility to, 3. HGVS Name(s): c.2837A>G, p.Asn946Ser.",,,,,,,,
rs754234374,Variant,0.25321832,dbSNP,Charcot-Marie,-,Tooth disease type 2;,C,"linVar: phenotype not specified;Neuroblastoma. Phenotype ontologies: Skin nodule, Elevated urinary dopamine level, Spinal cord compression, Hypertension, Horner syndrome, obsolete Heterogeneous, Neuroblastoma, Elevated urinary homovanillic acid, Charcot-Marie-Tooth disease type 2, Myoclonus, Abnormal thorax morphology, Diarrhea, Autosomal dominant inheritance, Abdominal pain, Fever, Elevated urinary vanillylmandelic acid, Bone pain, Ataxia, neuroblastoma, Neoplasm of",,"the nervous system, Weight loss, Sporadic, Anemia, Failure to thrive, Typified by incomplete penetrance. HGVS Name(s): c.4240G>A, c.4282G>A, c.4345",G>,"A, p.G",ly1,41,4S,"er, p.Gly1428Ser, p.Gly1449Ser."
rs75432033,Variant,0.27798963,dbSNP,Neuroblastoma,.,Phenotype ontologies,:,"Neoplasm of the nervous system, Sporadic, Anemia, Weight loss, Typified by incomplete penetrance, Failure to thrive, Fever, Abdominal pain, Autosomal dominant inheritance, Elevated urinary vanillylmandelic acid, Bone pain, Ataxia, neuroblastoma, Myoclonus, Diarrhea, Abnormal thorax morphology, Spinal cord compression, Hypertension, obsolete Heterogeneous, Horner syndrome, Skin nodule, Elevated urinary dopamine level, Elevated urinary homovanillic acid, Neuroblastoma",.,"HGVS Name(s): n.207+35310G>A, n.207+35310G>C.",,,,,,
rs754393402,Variant,0.000562459,dbSNP,Not specified,o,type not specified;He,r,"editary cancer-predisposing syndrome;NEUROBLASTOMA, SUSCEPTIBILITY TO, 3 (NBLST3). Phenotype ontologies: neuroblastoma, susceptibility to, 3. HGVS Name(s): c.2569C>T, p.His857Tyr.",,,,,,,,
rs754427541,Variant,0.000562459,dbSNP,Neuroblastoma,",","SUSCEPTIBILITY TO, 3",,"(NBLST3). Phenotype ontologies: neuroblastoma, susceptibility to, 3. HGVS Name(s): c.901A>G, c.901A>T, p.Met301Leu, p.Met301Val.",,,,,,,,
rs7544928,Variant,0.25321832,dbSNP,Neuroblastoma,.,Phenotype ontologies,:,"Failure to thrive, Typified by incomplete penetrance, Neoplasm of the nervous system, Sporadic, Weight loss, Anemia, Elevated urinary vanillylmandelic acid, Bone pain, neuroblastoma, Ataxia, Autosomal dominant inheritance, Abdominal pain, Fever, Abnormal thorax morphology, Diarrhea, Myoclonus, Neuroblastoma, Elevated urinary homovanillic acid, Skin nodule, Elevated urinary dopamine level, Spinal cord compression, Hypertension, Horner syndrome, obsolete Heterogeneous",.,"HGVS Name(s): c.*1118G>A, c.5367-634G>A.",,,,,,
rs754655331,Variant,0.000562459,dbSNP,Neuroblastoma,",","SUSCEPTIBILITY TO, 3",,"(NBLST3). Phenotype ontologies: neuroblastoma, susceptibility to, 3. HGVS Name(s): c.3938+4A>G, c.3938+4A>T.",,,,,,,,
rs754768477,Variant,0.000562459,dbSNP,Neuroblastoma,",","SUSCEPTIBILITY TO, 3",,"(NBLST3). Phenotype ontologies: neuroblastoma, susceptibility to, 3. HGVS Name(s): c.262C>A, n.534+5821C>A, p.Arg88Ser.",,,,,,,,
rs754810505,Variant,0.000562459,dbSNP,Not specified,o,type not specified;He,r,"editary cancer-predisposing syndrome;NEUROBLASTOMA, SUSCEPTIBILITY TO, 3 (NBLST3). Phenotype ontologies: neuroblastoma, susceptibility to, 3. HGVS Name(s): c.1787T>C, p.Met596Thr.",,,,,,,,
rs754971913,Variant,0.000562459,dbSNP,Neuroblastoma,",","SUSCEPTIBILITY TO, 3",,"(NBLST3). Phenotype ontologies: neuroblastoma, susceptibility to, 3. HGVS Name(s): c.1705G>A, p.Val569Met.",,,,,,,,
rs755083691,Variant,0.25321832,dbSNP,Neuroblastoma,.,Phenotype ontologies,:,"Abnormal thorax morphology, Diarrhea, Myoclonus, Elevated urinary homovanillic acid, Neuroblastoma, Elevated urinary dopamine level, Skin nodule, obsolete Heterogeneous, Horner syndrome, Spinal cord compression, Hypertension, Failure to thrive, Typified by incomplete penetrance, Weight loss, Sporadic, Anemia, Neoplasm of the nervous system, neuroblastoma, Bone pain, Ataxia, Elevated urinary vanillylmandelic acid, Autosomal dominant inheritance, Abdominal pain, Fever",.,"HGVS Name(s): c.*1715G>T, c.5367-37G>T.",,,,,,
rs755231246,Variant,0.000562459,dbSNP,Not specified,o,type not specified;NE,U,"ROBLASTOMA, SUSCEPTIBILITY TO, 3 (NBLST3). Phenotype ontologies: neuroblastoma, susceptibility to, 3. HGVS Name(s): c.-415T>C, n.534+5145T>C.",,,,,,,,
rs755251438,Variant,0.000562459,dbSNP,Not specified,o,type not specified;NE,U,"ROBLASTOMA, SUSCEPTIBILITY TO, 3 (NBLST3). Phenotype ontologies: neuroblastoma, susceptibility to, 3. HGVS Name(s): c.2816-7T>C.",,,,,,,,
rs755261455,Variant,0.000562459,dbSNP,Hereditary cancer-predisposing syndrome,n,cer-predisposing synd,r,"ome;NEUROBLASTOMA, SUSCEPTIBILITY TO, 3 (NBLST3). Phenotype ontologies: neuroblastoma, susceptibility to, 3. HGVS Name(s): c.2795G>C, p.Gly932Ala.",,,,,,,,
rs755276699,Variant,0.000562459,dbSNP,Hereditary cancer-predisposing syndrome,n,cer-predisposing synd,r,"ome;NEUROBLASTOMA, SUSCEPTIBILITY TO, 3 (NBLST3). Phenotype ontologies: neuroblastoma, susceptibility to, 3. HGVS Name(s): c.1923-3069T>C, c.4228A>G, p.Lys1410Glu.",,,,,,,,
rs755314640,Variant,0.25321832,dbSNP,Charcot-Marie,-,Tooth disease type 2A,1,";ClinVar: phenotype not specified;Neuroblastoma. Phenotype ontologies: Charcot-Marie-Tooth disease type 2A1, Failure to thrive, Typified by incomplete penetrance, Neoplasm of the nervous system, Sporadic, Weight loss, Anemia, Elevated urinary vanillylmandelic acid, Bone pain, neuroblastoma, Ataxia, Autosomal dominant inheritance, Fever, Abdominal pain, Abnormal thorax morphology, Diarrhea, Myoclonus, Neuroblastoma, Elevated urinary homovanillic acid, Skin nodule, Ele",v,"ated urinary dopamine level, Spinal cord compression, Hypertension, obsolete Heterogeneous, Horner syndrome. HGVS Name(s): c.2692G>A, c.2788G>A, c.",28,"30G>A,",p.,Gl,y8,"98Ser, p.Gly930Ser, p.Gly944Ser."
rs755433685,Variant,0.000562459,dbSNP,Neuroblastoma,",","SUSCEPTIBILITY TO, 3",,"(NBLST3). Phenotype ontologies: neuroblastoma, susceptibility to, 3. HGVS Name(s): c.1021A>G, p.Ser341Gly.",,,,,,,,
rs755502856,Variant,0.000562459,dbSNP,ALK-related d,i,"sorder;NEUROBLASTOMA,",,"SUSCEPTIBILITY TO, 3 (NBLST3). Phenotype ontologies: neuroblastoma, susceptibility to, 3. HGVS Name(s): c.2487+4_2487+5insA.",,,,,,,,
rs755537480,Variant,0.000562459,dbSNP,Not specified,o,type not specified;He,r,"editary cancer-predisposing syndrome;NEUROBLASTOMA, SUSCEPTIBILITY TO, 3 (NBLST3). Phenotype ontologies: neuroblastoma, susceptibility to, 3. HGVS Name(s): c.3091C>T, p.Leu1031=.",,,,,,,,
rs755660917,Variant,0.000562459,dbSNP,Hereditary cancer-predisposing syndrome,n,cer-predisposing synd,r,"ome;NEUROBLASTOMA, SUSCEPTIBILITY TO, 3 (NBLST3). Phenotype ontologies: neuroblastoma, susceptibility to, 3. HGVS Name(s): c.1146G>A, c.1146G>C, p.Gly382=.",,,,,,,,
rs7557557,Variant,0.25321832,dbSNP,Neuroblastoma,.,Phenotype ontologies,:,"Neoplasm of the nervous system, Anemia, Sporadic, Weight loss, Failure to thrive, Typified by incomplete penetrance, Autosomal dominant inheritance, Fever, Abdominal pain, Elevated urinary vanillylmandelic acid, Bone pain, Ataxia, neuroblastoma, Myoclonus, Diarrhea, Abnormal thorax morphology, Skin nodule, Elevated urinary dopamine level, Hypertension, Spinal cord compression, Horner syndrome, obsolete Heterogeneous, Elevated urinary homovanillic acid, Neuroblastoma",.,"HGVS Name(s): c.1315-591G>A, c.365-591G>A, c.907-591G>A.",,,,,,
rs755804208,Variant,0.000562459,dbSNP,Neuroblastoma,",","SUSCEPTIBILITY TO, 3",,"(NBLST3). Phenotype ontologies: neuroblastoma, susceptibility to, 3. HGVS Name(s): c.3163A>C, c.3163A>T, p.Ile1055Leu, p.Ile1055Phe.",,,,,,,,
rs755866386,Variant,0.25321832,dbSNP,Charcot-Marie,-,Tooth disease type 2;,N,"euroblastoma. Phenotype ontologies: Fever, Abdominal pain, Autosomal dominant inheritance, Elevated urinary vanillylmandelic acid, Ataxia, Bone pain, neuroblastoma, Neoplasm of the nervous system, Sporadic, Weight loss, Anemia, Typified by incomplete penetrance, Failure to thrive, Spinal cord compression, Hypertension, obsolete Heterogeneous, Horner syndrome, Skin nodule, Elevated urinary dopamine level, Elevated urinary homovanillic acid, Neuroblastoma, Myoclonus, C",h,"arcot-Marie-Tooth disease type 2, Abnormal thorax morphology, Diarrhea. HGVS Name(s): c.721-15A>G.",,,,,,
rs756091827,Variant,0.32279584,dbSNP,Carcinoma of esophagus,e,sophagus;Lung adenoca,r,"cinoma;Malignant melanoma of skin;Neoplasm;Neuroblastoma;Non-Hodgkin lymphoma. Phenotype ontologies: non-Hodgkins lymphoma, Failure to thrive, Weight loss, Neoplasm of the nervous system, Bone pain, Fever, esophageal carcinoma, Abdominal pain, Autosomal dominant inheritance, Diarrhea, Abnormal thorax morphology, obsolete Heterogeneous, Spinal cord compression, Hypertension, Elevated urinary dopamine level, Typified by incomplete penetrance, cutaneous melanoma, Anemia",",","Sporadic, neuroblastoma, Ataxia, Elevated urinary vanillylmandelic acid, neoplasm, Myoclonus, Neuroblastoma, Elevated urinary homovanillic acid, H",or,ner sy,ndr,om,"e,","non-small cell lung adenocarcinoma, Neoplasm, lung adenocarcinoma, Skin nodule. HGVS Name(s): c.-128C>G, c.-128C>T, c.173C>G, c.173C>T, c.215C>G, c.215C>T, c.218C>G, c.218C>T, p.Thr58Ile, p.Thr58Ser, p.Thr72Ile, p.Thr72Ser, p.Thr73Ile, p.Thr73Ser."
rs756198031,Variant,0.25321832,dbSNP,Neuroblastoma,.,Phenotype ontologies,:,"Elevated urinary homovanillic acid, Neuroblastoma, obsolete Heterogeneous, Horner syndrome, Hypertension, Spinal cord compression, Elevated urinary dopamine level, Skin nodule, Abnormal thorax morphology, Diarrhea, Myoclonus, Bone pain, Ataxia, neuroblastoma, Elevated urinary vanillylmandelic acid, Abdominal pain, Fever, Autosomal dominant inheritance, Typified by incomplete penetrance, Failure to thrive, Anemia, Sporadic, Weight loss, Neoplasm of the nervous system",.,"HGVS Name(s): c.*1901C>T, c.*3716C>T.",,,,,,
rs7567672,Variant,0.25321832,dbSNP,Neuroblastoma,.,Phenotype ontologies,:,"Autosomal dominant inheritance, Abdominal pain, Fever, Ataxia, Bone pain, neuroblastoma, Elevated urinary vanillylmandelic acid, Sporadic, Weight loss, Anemia, Neoplasm of the nervous system, Failure to thrive, Typified by incomplete penetrance, Elevated urinary dopamine level, Skin nodule, obsolete Heterogeneous, Horner syndrome, Hypertension, Spinal cord compression, Neuroblastoma, Elevated urinary homovanillic acid, Myoclonus, Abnormal thorax morphology, Diarrhea",.,HGVS Name(s): c.199+614G>A.,,,,,,
rs757355779,Variant,0.27798963,dbSNP,Not specified,o,type not specified;Co,n,"genital central hypoventilation;Haddad syndrome;Hereditary cancer-predisposing syndrome;NEUROBLASTOMA, SUSCEPTIBILITY TO, 2 (NBLST2). Phenotype ontologies: Haddad syndrome, neuroblastoma, susceptibility to, 2, central hypoventilation syndrome, congenital, 1, with or without Hirschsprung disease, Autosomal dominant inheritance, Aganglionic megacolon, neuroblastoma. HGVS Name(s): c.726A>C, c.726A>G, p.Ala242=.",,,,,,,,
rs757558,Variant,0.31848878,dbSNP,Height;Neurob,l,astoma;Weight. Phenot,y,"pe ontologies: Myoclonus, Horner syndrome, Skin nodule, Neuroblastoma, Elevated urinary homovanillic acid, Sporadic, Anemia, Typified by incomplete penetrance, body height, Elevated urinary vanillylmandelic acid, Ataxia, neuroblastoma, Abnormal thorax morphology, Diarrhea, Spinal cord compression, Hypertension, obsolete Heterogeneous, Elevated urinary dopamine level, Neoplasm of the nervous system, Weight loss, body weight, Failure to thrive, Fever, Abdominal pain, A",u,"tosomal dominant inheritance, Bone pain. HGVS Name(s): c.*61-6738C>A.",,,,,,
rs758341143,Variant,0.000562459,dbSNP,Neuroblastoma,",","SUSCEPTIBILITY TO, 3",,"(NBLST3). Phenotype ontologies: neuroblastoma, susceptibility to, 3. HGVS Name(s): c.1282+19C>G, c.1282+19C>T.",,,,,,,,
rs7584646,Variant,0.25321832,dbSNP,Neuroblastoma,.,Phenotype ontologies,:,"Diarrhea, Abnormal thorax morphology, Myoclonus, Elevated urinary homovanillic acid, Neuroblastoma, obsolete Heterogeneous, Horner syndrome, Hypertension, Spinal cord compression, Elevated urinary dopamine level, Skin nodule, Typified by incomplete penetrance, Failure to thrive, Weight loss, Sporadic, Anemia, Neoplasm of the nervous system, Ataxia, Bone pain, neuroblastoma, Elevated urinary vanillylmandelic acid, Fever, Abdominal pain, Autosomal dominant inheritance",.,"HGVS Name(s): c.*234+2884T>A, c.*234+2884T>C, c.*234+2884T>G, c.1160+2884T>A, c.1160+2884T>C, c.1160+2884T>G, c.1568+2884T>A, c.1568+2884T>C, c.15",68,+2884T,>G.,,,
rs758494304,Variant,0.000562459,dbSNP,Familial isol,a,ted pituitary adenoma,;,"NEUROBLASTOMA, SUSCEPTIBILITY TO, 3 (NBLST3). Phenotype ontologies: familial isolated pituitary adenoma, neuroblastoma, susceptibility to, 3. HGVS Name(s): c.1582G>A, p.Ala528Thr.",,,,,,,,
rs758535870,Variant,0.000562459,dbSNP,Neuroblastoma,",","SUSCEPTIBILITY TO, 3",,"(NBLST3). Phenotype ontologies: neuroblastoma, susceptibility to, 3. HGVS Name(s): c.2355+19G>A, c.2355+19G>T.",,,,,,,,
rs758649392,Variant,0.000562459,dbSNP,Hereditary cancer-predisposing syndrome,n,cer-predisposing synd,r,"ome;NEUROBLASTOMA, SUSCEPTIBILITY TO, 3 (NBLST3). Phenotype ontologies: neuroblastoma, susceptibility to, 3. HGVS Name(s): c.2304T>C, p.Asp768=.",,,,,,,,
rs7587476,Variant,0.25321832,dbSNP,Neuroblastoma,.,Phenotype ontologies,:,"Failure to thrive, Typified by incomplete penetrance, Neoplasm of the nervous system, Sporadic, Anemia, Weight loss, Elevated urinary vanillylmandelic acid, Bone pain, neuroblastoma, Ataxia, Autosomal dominant inheritance, Abdominal pain, Fever, Abnormal thorax morphology, Diarrhea, Myoclonus, Neuroblastoma, Elevated urinary homovanillic acid, Skin nodule, Elevated urinary dopamine level, Spinal cord compression, Hypertension, obsolete Heterogeneous, Horner syndrome",.,"HGVS Name(s): c.364+3134A>G, c.364+3134A>T.",,,,,,
rs758860363,Variant,0.000562459,dbSNP,Neuroblastoma,",","SUSCEPTIBILITY TO, 3",,"(NBLST3). Phenotype ontologies: neuroblastoma, susceptibility to, 3. HGVS Name(s): c.1983C>A, p.Asn661Lys.",,,,,,,,
rs759034681,Variant,0.25321832,dbSNP,Neuroblastoma,.,Phenotype ontologies,:,"Neuroblastoma, Elevated urinary homovanillic acid, Skin nodule, Elevated urinary dopamine level, Spinal cord compression, Hypertension, obsolete Heterogeneous, Horner syndrome, Abnormal thorax morphology, Diarrhea, Myoclonus, Elevated urinary vanillylmandelic acid, Ataxia, Bone pain, neuroblastoma, Autosomal dominant inheritance, Fever, Abdominal pain, Failure to thrive, Typified by incomplete penetrance, Neoplasm of the nervous system, Sporadic, Weight loss, Anemia",.,"HGVS Name(s): c.*1195C>T, c.5367-557C>T.",,,,,,
rs759086883,Variant,0.000562459,dbSNP,Hereditary cancer-predisposing syndrome,n,cer-predisposing synd,r,"ome;NEUROBLASTOMA, SUSCEPTIBILITY TO, 3 (NBLST3). Phenotype ontologies: neuroblastoma, susceptibility to, 3. HGVS Name(s): c.2844C>T, p.Pro948=.",,,,,,,,
rs75913938,Variant,0.27798963,dbSNP,Not specified,o,type not specified;Co,n,"genital central hypoventilation;NEUROBLASTOMA, SUSCEPTIBILITY TO, 2 (NBLST2). Phenotype ontologies: neuroblastoma, central hypoventilation syndrome, congenital, 1, with or without Hirschsprung disease, neuroblastoma, susceptibility to, 2, Aganglionic megacolon, Autosomal dominant inheritance. HGVS Name(s): c.*80G>A, c.*80G>T.",,,,,,,,
rs759189006,Variant,0.000562459,dbSNP,Neuroblastoma,",","SUSCEPTIBILITY TO, 3",,"(NBLST3). Phenotype ontologies: neuroblastoma, susceptibility to, 3. HGVS Name(s): c.3507_3509del, p.Ile1171del.",,,,,,,,
rs759250272,Variant,0.000562459,dbSNP,Neuroblastoma,",","SUSCEPTIBILITY TO, 3",,"(NBLST3). Phenotype ontologies: neuroblastoma, susceptibility to, 3. HGVS Name(s): c.843T>A, p.His281Gln.",,,,,,,,
rs759295991,Variant,0.000562459,dbSNP,Neuroblastoma,",","SUSCEPTIBILITY TO, 3",,"(NBLST3). Phenotype ontologies: neuroblastoma, susceptibility to, 3. HGVS Name(s): c.1648-16C>G.",,,,,,,,
rs759426382,Variant,0.000562459,dbSNP,Neuroblastoma,",","SUSCEPTIBILITY TO, 3",,"(NBLST3). Phenotype ontologies: neuroblastoma, susceptibility to, 3. HGVS Name(s): c.1049C>T, p.Ser350Leu.",,,,,,,,
rs759574066,Variant,0.000562459,dbSNP,Neuroblastoma,",","SUSCEPTIBILITY TO, 3",,"(NBLST3). Phenotype ontologies: neuroblastoma, susceptibility to, 3. HGVS Name(s): c.758T>C, p.Phe253Ser.",,,,,,,,
rs759751032,Variant,0.25321832,dbSNP,Not specified,o,type not specified;Ne,u,"roblastoma. Phenotype ontologies: Myoclonus, Diarrhea, Abnormal thorax morphology, Skin nodule, Elevated urinary dopamine level, Spinal cord compression, Hypertension, obsolete Heterogeneous, Horner syndrome, Neuroblastoma, Elevated urinary homovanillic acid, Neoplasm of the nervous system, Anemia, Sporadic, Weight loss, Failure to thrive, Typified by incomplete penetrance, Autosomal dominant inheritance, Abdominal pain, Fever, Elevated urinary vanillylmandelic acid,",,"Bone pain, Ataxia, neuroblastoma. HGVS Name(s): c.1168A>G, c.1264A>G, c.1306A>G, p.Met390Val, p.Met422Val, p.Met436Val.",,,,,,
rs759792321,Variant,0.27798963,dbSNP,Haddad syndro,m,e;Hereditary cancer-p,r,"edisposing syndrome;NEUROBLASTOMA, SUSCEPTIBILITY TO, 2 (NBLST2). Phenotype ontologies: Haddad syndrome, neuroblastoma, susceptibility to, 2, central hypoventilation syndrome, congenital, 1, with or without Hirschsprung disease, Autosomal dominant inheritance, Aganglionic megacolon, neuroblastoma. HGVS Name(s): c.649G>A, c.649G>C, p.Gly217Arg.",,,,,,,,
rs759891849,Variant,0.000562459,dbSNP,Neuroblastoma,",","SUSCEPTIBILITY TO, 3",,"(NBLST3). Phenotype ontologies: neuroblastoma, susceptibility to, 3. HGVS Name(s): c.2415C>G, c.2415C>T, p.Ile805=, p.Ile805Met.",,,,,,,,
rs759935726,Variant,0.000562459,dbSNP,Neuroblastoma,",","SUSCEPTIBILITY TO, 3",,"(NBLST3). Phenotype ontologies: neuroblastoma, susceptibility to, 3. HGVS Name(s): c.3310T>A, c.3310T>C, p.Ser1104Pro, p.Ser1104Thr.",,,,,,,,
rs760038434,Variant,0.000562459,dbSNP,Hereditary cancer-predisposing syndrome,n,cer-predisposing synd,r,"ome;NEUROBLASTOMA, SUSCEPTIBILITY TO, 3 (NBLST3). Phenotype ontologies: neuroblastoma, susceptibility to, 3. HGVS Name(s): c.1841G>T, p.Trp614Leu.",,,,,,,,
rs76015112,Variant,0.25321832,dbSNP,Cutaneous mas,t,ocytosis childhood;Ma,s,"tocytosis;Neuroblastoma pediatric. Phenotype ontologies: Mastocytosis, neuroblastoma, cutaneous mastocytosis. HGVS Name(s): c.481T>A, c.481T>C, n.48-31913T>A, n.48-31913T>C, p.Ser161Pro, p.Ser161Thr.",,,,,,,,
rs760213029,Variant,0.000562459,dbSNP,Hereditary cancer-predisposing syndrome,n,cer-predisposing synd,r,"ome;NEUROBLASTOMA, SUSCEPTIBILITY TO, 3 (NBLST3). Phenotype ontologies: neuroblastoma, susceptibility to, 3. HGVS Name(s): c.1874T>C, p.Phe625Ser.",,,,,,,,
rs760253167,Variant,0.25321832,dbSNP,Charcot-Marie,-,Tooth disease type 2;,C,"linVar: phenotype not specified;Neuroblastoma. Phenotype ontologies: Neuroblastoma, Elevated urinary homovanillic acid, Elevated urinary dopamine level, Skin nodule, obsolete Heterogeneous, Horner syndrome, Spinal cord compression, Hypertension, Diarrhea, Abnormal thorax morphology, Charcot-Marie-Tooth disease type 2, Myoclonus, Ataxia, Bone pain, neuroblastoma, Elevated urinary vanillylmandelic acid, Autosomal dominant inheritance, Abdominal pain, Fever, Failure to",t,"hrive, Typified by incomplete penetrance, Sporadic, Anemia, Weight loss, Neoplasm of the nervous system. HGVS Name(s): c.4113G>T, c.4155G>T, c.4218",G>,"T, p.L",eu1,37,1P,"he, p.Leu1385Phe, p.Leu1406Phe."
rs760263961,Variant,0.000562459,dbSNP,Neuroblastoma,",","SUSCEPTIBILITY TO, 3",,"(NBLST3). Phenotype ontologies: neuroblastoma, susceptibility to, 3. HGVS Name(s): c.3450+19_3450+20del.",,,,,,,,
rs760401344,Variant,0.000562459,dbSNP,Neuroblastoma,",","SUSCEPTIBILITY TO, 3",,"(NBLST3). Phenotype ontologies: neuroblastoma, susceptibility to, 3. HGVS Name(s): c.1989G>A, c.1989G>T, p.Glu663=, p.Glu663Asp.",,,,,,,,
rs760419450,Variant,0.000562459,dbSNP,Neuroblastoma,",","SUSCEPTIBILITY TO, 3",,"(NBLST3). Phenotype ontologies: neuroblastoma, susceptibility to, 3. HGVS Name(s): c.1913-16G>A, c.1913-16G>T.",,,,,,,,
rs760572684,Variant,0.25321832,dbSNP,Gastrointesti,n,al stromal tumor (GIS,T,");Hereditary cancer-predisposing syndrome;Neuroblastoma;Paragangliomas 3 (PGL3). Phenotype ontologies: Hyperpigmentation of the skin, obsolete Heterogeneous, Hypertension, Neoplasm of the small intestine, Adult onset, Gastrointestinal stroma tumor, Autosomal dominant inheritance, Abdominal pain, Fever, Bone pain, Neurofibroma, Neoplasm of the nervous system, Skin rash, Neoplasm of the stomach, Skin nodule, Horner syndrome, Urticaria, Esophageal neoplasm, Paragangliom",a,", Hyperhidrosis, Renal cell carcinoma, Neoplasm of the colon, neuroblastoma, Abnormality of the liver, Sarcoma, Elevated urinary dopamine level, Sp",in,al cor,d c,om,pr,"ession, Gastrointestinal hemorrhage, Adrenal pheochromocytoma, Abnormal thorax morphology, Diarrhea, Glomus jugular tumor, Weight loss, Failure to thrive, GIST-plus syndrome, Pheochromocytoma, Dysphagia, Chemodectoma, Palpitations, Extraadrenal pheochromocytoma, Elevated urinary homovanillic acid, Neuroblastoma, gastrointestinal stromal tumor, Myoclonus, Nausea and vomiting, Tachycardia, Neoplasm of the rectum, Loss of voice, Intestinal obstruction, Ataxia, Elevated urinary vanillylmandelic acid, Anemia, Sporadic, Constipation, Typified by incomplete penetrance, Large hands. HGVS Name(s): c.197C>A, c.197C>G, c.197C>T, c.227C>A, c.227C>G, c.227C>T, c.38C>A, c.38C>G, c.38C>T, p.Ala13Glu, p.Ala13Gly, p.Ala13Val, p.Ala66Glu, p.Ala66Gly, p.Ala66Val, p.Ala76Glu, p.Ala76Gly, p.Ala76Val."
rs760638643,Variant,0.27798963,dbSNP,Haddad syndro,m,e;Hereditary cancer-p,r,"edisposing syndrome;NEUROBLASTOMA, SUSCEPTIBILITY TO, 2 (NBLST2). Phenotype ontologies: neuroblastoma, susceptibility to, 2, Haddad syndrome, central hypoventilation syndrome, congenital, 1, with or without Hirschsprung disease, Autosomal dominant inheritance, Aganglionic megacolon, neuroblastoma. HGVS Name(s): c.648_650del, c.650_651insCGG, p.Gly217del, p.Gly217dup.",,,,,,,,
rs760840075,Variant,0.000562459,dbSNP,Neuroblastoma,",","SUSCEPTIBILITY TO, 3",,"(NBLST3). Phenotype ontologies: neuroblastoma, susceptibility to, 3. HGVS Name(s): c.668-17T>A, c.668-17T>C.",,,,,,,,
rs760894224,Variant,0.000562459,dbSNP,Neuroblastoma,",","SUSCEPTIBILITY TO, 3",,"(NBLST3). Phenotype ontologies: neuroblastoma, susceptibility to, 3. HGVS Name(s): c.732T>C, p.Asn244=.",,,,,,,,
rs760931577,Variant,0.000562459,dbSNP,Neuroblastoma,",","SUSCEPTIBILITY TO, 3",,"(NBLST3). Phenotype ontologies: neuroblastoma, susceptibility to, 3. HGVS Name(s): c.3863G>A, c.3863G>C, p.Cys1288Ser, p.Cys1288Tyr.",,,,,,,,
rs761018157,Variant,0.27798963,dbSNP,Not specified,o,type not specified;Co,n,"genital central hypoventilation;Haddad syndrome;Hereditary cancer-predisposing syndrome;NEUROBLASTOMA, SUSCEPTIBILITY TO, 2 (NBLST2);PHOX2B-related disorder. Phenotype ontologies: neuroblastoma, Autosomal dominant inheritance, Aganglionic megacolon, central hypoventilation syndrome, congenital, 1, with or without Hirschsprung disease, neuroblastoma, susceptibility to, 2, Haddad syndrome. HGVS Name(s): c.765_779del, c.779_780insGGCAGCGGCGGCAGC, p.Ala256_Ala260del, p.A",l,a256_Ala260dup.,,,,,,
rs761184891,Variant,0.000562459,dbSNP,Neuroblastoma,",","SUSCEPTIBILITY TO, 3",,"(NBLST3). Phenotype ontologies: neuroblastoma, susceptibility to, 3. HGVS Name(s): c.1749T>A, p.His583Gln.",,,,,,,,
rs761243714,Variant,0.000562459,dbSNP,Neuroblastoma,",","SUSCEPTIBILITY TO, 3",,"(NBLST3). Phenotype ontologies: neuroblastoma, susceptibility to, 3. HGVS Name(s): c.3173-13C>A, c.3173-13C>G, c.3173-13C>T.",,,,,,,,
rs761343609,Variant,0.25321832,dbSNP,Charcot-Marie,-,Tooth disease type 2;,C,"linVar: phenotype not specified;Neuroblastoma;Pheochromocytoma. Phenotype ontologies: obsolete Heterogeneous, Hypertension, Abnormality of the eye, Renal artery stenosis, Charcot-Marie-Tooth disease type 2, Abdominal pain, Fever, Autosomal dominant inheritance, Bone pain, Congestive heart failure, Neoplasm of the nervous system, Horner syndrome, Neoplasm, Skin nodule, Abnormality of metabolism/homeostasis, Hyperhidrosis, Cerebral hemorrhage, neuroblastoma, Abnormalit",y,"of the nervous system, pheochromocytoma, Spinal cord compression, Elevated urinary dopamine level, Abnormality of the endocrine system, Diarrhea,",Ab,normal,th,or,ax,"morphology, adrenal gland pheochromocytoma, Weight loss, Failure to thrive, Pheochromocytoma, Episodic hypertension, Neuroblastoma, Elevated urinary homovanillic acid, Hemangioma, Myoclonus, Abnormality of blood and blood-forming tissues, Tachycardia, Cafe-au-lait spot, Abnormality of the cardiovascular system, Ataxia, Elevated urinary vanillylmandelic acid, Abnormality of the genitourinary system, Proteinuria, Anemia, Sporadic, Typified by incomplete penetrance, Hypercalcemia. HGVS Name(s): c.215G>A, p.Arg72His."
rs762218807,Variant,0.25321832,dbSNP,Neuroblastoma,.,Phenotype ontologies,:,"Myoclonus, Abnormal thorax morphology, Diarrhea, Skin nodule, Elevated urinary dopamine level, Hypertension, Spinal cord compression, obsolete Heterogeneous, Horner syndrome, Neuroblastoma, Elevated urinary homovanillic acid, Neoplasm of the nervous system, Sporadic, Weight loss, Anemia, Failure to thrive, Typified by incomplete penetrance, Autosomal dominant inheritance, Abdominal pain, Fever, Elevated urinary vanillylmandelic acid, neuroblastoma, Bone pain, Ataxia",.,"HGVS Name(s): c.*1882A>C, c.*3697A>C.",,,,,,
rs762234006,Variant,0.27798963,dbSNP,Not specified,o,type not specified;Ha,d,"dad syndrome;Hereditary cancer-predisposing syndrome;NEUROBLASTOMA, SUSCEPTIBILITY TO, 2 (NBLST2). Phenotype ontologies: central hypoventilation syndrome, congenital, 1, with or without Hirschsprung disease, neuroblastoma, susceptibility to, 2, Haddad syndrome, neuroblastoma, Aganglionic megacolon, Autosomal dominant inheritance. HGVS Name(s): c.932G>A, p.Ser311Asn.",,,,,,,,
rs7624303,Variant,0.25321832,dbSNP,Neuroblastoma,.,Phenotype ontologies,:,"Myoclonus, Diarrhea, Abnormal thorax morphology, Skin nodule, Elevated urinary dopamine level, Spinal cord compression, Hypertension, Horner syndrome, obsolete Heterogeneous, Elevated urinary homovanillic acid, Neuroblastoma, Neoplasm of the nervous system, Sporadic, Anemia, Weight loss, Failure to thrive, Typified by incomplete penetrance, Autosomal dominant inheritance, Abdominal pain, Fever, Elevated urinary vanillylmandelic acid, Ataxia, Bone pain, neuroblastoma",.,HGVS Name(s): c.320+9443A>G.,,,,,,
rs7632059,Variant,0.25321832,dbSNP,Neuroblastoma,.,Phenotype ontologies,:,"Skin nodule, Elevated urinary dopamine level, Spinal cord compression, Hypertension, Horner syndrome, obsolete Heterogeneous, Elevated urinary homovanillic acid, Neuroblastoma, Myoclonus, Abnormal thorax morphology, Diarrhea, Autosomal dominant inheritance, Abdominal pain, Fever, Elevated urinary vanillylmandelic acid, Ataxia, Bone pain, neuroblastoma, Neoplasm of the nervous system, Anemia, Sporadic, Weight loss, Failure to thrive, Typified by incomplete penetrance",.,HGVS Name(s): c.584-45417T>G.,,,,,,
rs763380864,Variant,0.27798963,dbSNP,Not specified,o,type not specified;Co,n,"genital central hypoventilation;Neuroblastoma. Phenotype ontologies: Elevated urinary homovanillic acid, Neuroblastoma, Horner syndrome, Skin nodule, Myoclonus, Elevated urinary vanillylmandelic acid, Ataxia, neuroblastoma, central hypoventilation syndrome, congenital, 1, with or without Hirschsprung disease, Typified by incomplete penetrance, Sporadic, Anemia, Hypertension, Spinal cord compression, obsolete Heterogeneous, Elevated urinary dopamine level, Diarrhea, A",b,"normal thorax morphology, Bone pain, Fever, Abdominal pain, Autosomal dominant inheritance, Failure to thrive, Neoplasm of the nervous system, Weig",ht,loss.,HG,VS,N,"ame(s): c.*24_*32del, c.*27_*32del, c.*30_*32del, c.*33_*32insGCG, c.*33_*32insGCGGCG, c.*33_*32insGCGGCGGCG."
rs763386544,Variant,0.25321832,dbSNP,Neuroblastoma,.,Phenotype ontologies,:,"Elevated urinary homovanillic acid, Neuroblastoma, Elevated urinary dopamine level, Skin nodule, obsolete Heterogeneous, Horner syndrome, Hypertension, Spinal cord compression, Abnormal thorax morphology, Diarrhea, Myoclonus, Bone pain, Ataxia, neuroblastoma, Elevated urinary vanillylmandelic acid, Autosomal dominant inheritance, Fever, Abdominal pain, Failure to thrive, Typified by incomplete penetrance, Sporadic, Anemia, Weight loss, Neoplasm of the nervous system",.,"HGVS Name(s): c.*1134G>A, c.5367-618G>A.",,,,,,
rs763503560,Variant,0.000562459,dbSNP,Hereditary cancer-predisposing syndrome,n,cer-predisposing synd,r,"ome;NEUROBLASTOMA, SUSCEPTIBILITY TO, 3 (NBLST3). Phenotype ontologies: neuroblastoma, susceptibility to, 3. HGVS Name(s): c.2384T>C, p.Ile795Thr.",,,,,,,,
rs763543532,Variant,0.000562459,dbSNP,Hereditary cancer-predisposing syndrome,n,cer-predisposing synd,r,"ome;NEUROBLASTOMA, SUSCEPTIBILITY TO, 3 (NBLST3). Phenotype ontologies: neuroblastoma, susceptibility to, 3. HGVS Name(s): c.1374C>T, n.380+5862G>A, p.His458=.",,,,,,,,
rs763576249,Variant,0.000562459,dbSNP,Hereditary cancer-predisposing syndrome,n,cer-predisposing synd,r,"ome;NEUROBLASTOMA, SUSCEPTIBILITY TO, 3 (NBLST3). Phenotype ontologies: neuroblastoma, susceptibility to, 3. HGVS Name(s): c.2718C>T, p.Cys906=.",,,,,,,,
rs763675187,Variant,0.000562459,dbSNP,Neuroblastoma,",","SUSCEPTIBILITY TO, 3",,"(NBLST3). Phenotype ontologies: neuroblastoma, susceptibility to, 3. HGVS Name(s): c.2487+15G>A.",,,,,,,,
rs763679404,Variant,0.25321832,dbSNP,Charcot-Marie,-,Tooth disease type 2;,C,"linVar: phenotype not specified;Neuroblastoma. Phenotype ontologies: Myoclonus, Charcot-Marie-Tooth disease type 2, Abnormal thorax morphology, Diarrhea, Spinal cord compression, Hypertension, obsolete Heterogeneous, Horner syndrome, Skin nodule, Elevated urinary dopamine level, Elevated urinary homovanillic acid, Neuroblastoma, Neoplasm of the nervous system, Weight loss, Sporadic, Anemia, Typified by incomplete penetrance, Failure to thrive, Abdominal pain, Fever,",A,"utosomal dominant inheritance, Elevated urinary vanillylmandelic acid, neuroblastoma, Bone pain, Ataxia. HGVS Name(s): c.1203A>G, c.1299A>G, c.1341",A>,"G, p.S",er4,1,"=,","p.Ser433=, p.Ser447=."
rs763771560,Variant,0.000562459,dbSNP,Hereditary cancer-predisposing syndrome,n,cer-predisposing synd,r,"ome;NEUROBLASTOMA, SUSCEPTIBILITY TO, 3 (NBLST3). Phenotype ontologies: neuroblastoma, susceptibility to, 3. HGVS Name(s): c.2503C>T, p.Pro835Ser.",,,,,,,,
rs7637803,Variant,0.25321832,dbSNP,Neuroblastoma,.,Phenotype ontologies,:,"Elevated urinary vanillylmandelic acid, Bone pain, neuroblastoma, Ataxia, Fever, Abdominal pain, Autosomal dominant inheritance, Typified by incomplete penetrance, Failure to thrive, Neoplasm of the nervous system, Sporadic, Weight loss, Anemia, Elevated urinary homovanillic acid, Neuroblastoma, Hypertension, Spinal cord compression, obsolete Heterogeneous, Horner syndrome, Skin nodule, Elevated urinary dopamine level, Abnormal thorax morphology, Diarrhea, Myoclonus",.,"HGVS Name(s): c.-180+13254G>A, c.-180+13254G>C, c.3140-1129C>G, c.3140-1129C>T, c.3560-1129C>G, c.3560-1129C>T, c.3665-1129C>G, c.3665-1129C>T.",,,,,,
rs763792752,Variant,0.000562459,dbSNP,Neuroblastoma,",","SUSCEPTIBILITY TO, 3",,"(NBLST3). Phenotype ontologies: neuroblastoma, susceptibility to, 3. HGVS Name(s): c.3748A>G, c.3748A>T, p.Ile1250Phe, p.Ile1250Val.",,,,,,,,
rs763798074,Variant,0.000562459,dbSNP,Neuroblastoma,",","SUSCEPTIBILITY TO, 3",,"(NBLST3). Phenotype ontologies: neuroblastoma, susceptibility to, 3. HGVS Name(s): c.1913-17G>A, c.1913-17G>T.",,,,,,,,
rs763856615,Variant,0.000562459,dbSNP,Hereditary cancer-predisposing syndrome,n,cer-predisposing synd,r,"ome;NEUROBLASTOMA, SUSCEPTIBILITY TO, 3 (NBLST3). Phenotype ontologies: neuroblastoma, susceptibility to, 3. HGVS Name(s): c.1551T>C, p.His517=.",,,,,,,,
rs763928856,Variant,0.000562459,dbSNP,Neuroblastoma,",","SUSCEPTIBILITY TO, 3",,"(NBLST3). Phenotype ontologies: neuroblastoma, susceptibility to, 3. HGVS Name(s): c.2204+18G>A, c.2204+18G>T.",,,,,,,,
rs763986679,Variant,0.000562459,dbSNP,Hereditary cancer-predisposing syndrome,n,cer-predisposing synd,r,"ome;NEUROBLASTOMA, SUSCEPTIBILITY TO, 3 (NBLST3). Phenotype ontologies: neuroblastoma, susceptibility to, 3. HGVS Name(s): c.731A>C, p.Asn244Thr.",,,,,,,,
rs7639867,Variant,0.25321832,dbSNP,Neuroblastoma,.,Phenotype ontologies,:,"Elevated urinary homovanillic acid, Neuroblastoma, Elevated urinary dopamine level, Skin nodule, obsolete Heterogeneous, Horner syndrome, Hypertension, Spinal cord compression, Abnormal thorax morphology, Diarrhea, Myoclonus, Bone pain, neuroblastoma, Ataxia, Elevated urinary vanillylmandelic acid, Autosomal dominant inheritance, Fever, Abdominal pain, Failure to thrive, Typified by incomplete penetrance, Sporadic, Anemia, Weight loss, Neoplasm of the nervous system",.,"HGVS Name(s): c.583+26479C>A, c.583+26479C>G.",,,,,,
rs764014697,Variant,0.000562459,dbSNP,Neuroblastoma,",","SUSCEPTIBILITY TO, 3",,"(NBLST3). Phenotype ontologies: neuroblastoma, susceptibility to, 3. HGVS Name(s): c.2677G>A, c.2677G>C, p.Gly893Arg.",,,,,,,,
rs764036965,Variant,0.000562459,dbSNP,Neuroblastoma,",","SUSCEPTIBILITY TO, 3",,"(NBLST3). Phenotype ontologies: neuroblastoma, susceptibility to, 3. HGVS Name(s): c.3004C>G, c.3004C>T, p.His1002Asp, p.His1002Tyr.",,,,,,,,
rs764123976,Variant,0.000562459,dbSNP,Hereditary cancer-predisposing syndrome,n,cer-predisposing synd,r,"ome;NEUROBLASTOMA, SUSCEPTIBILITY TO, 3 (NBLST3). Phenotype ontologies: neuroblastoma, susceptibility to, 3. HGVS Name(s): c.3495C>G, c.3495C>T, p.Leu1165=.",,,,,,,,
rs764146326,Variant,0.31848878,dbSNP,B-cell chronic lymphocytic leukemia,c,,;,breast neoplasm;Gallbladder cancer;gastric adenocarcinoma;Glioblastoma;Hepatocellular Carcinoma;Hereditary cancer-predisposing syndrome;Li-Fraumeni syndrome;LI-FRAUMENI SYNDROME 1 (LFS1);Lung adenocarcinoma;Malignant melanoma of skin;Malignant neoplasm of body of uterus;Multiple myeloma;Neuroblastoma;Ovarian neoplasm;Ovarian Serous Cystadenocarcinoma;Pancreatic adenocarcinoma;Papillary renal cell carcinoma type 1;Squamous cell carcinoma of the head and neck;Squamous,c,ell carcinoma of the skin;squamous cell lung carcinoma;Transitional cell carcinoma of the bladder;Uterine Carcinosarcoma. Phenotype ontologies: Ele,va,ted ur,ina,ry,d,"opamine level, Neoplasm of the central nervous system, Sarcoma, Spinal cord compression, Osteosarcoma, uterine corpus cancer, Neoplasm of the skeletal system, gastric adenocarcinoma, Acute leukemia, Abnormal thorax morphology, Diarrhea, Nephroblastoma, head and neck squamous cell carcinoma, Glioblastoma multiforme, Neoplasm of the adrenal cortex, Weight loss, Neoplasm of the breast, Ovarian neoplasm, Failure to thrive, Squamous cell carcinoma of the skin, non-small cell lung adenocarcinoma, Soft tissue sarcoma, Leukemia, squamous cell lung carcinoma, Neuroblastoma, Elevated urinary homovanillic acid, multiple myeloma, central nervous system cancer, Myoclonus, ovarian serous cystadenocarcinoma, breast carcinoma, glioma, pancreatic adenocarcinoma, uterine neoplasm, chronic lymphocytic leukemia, carcinosarcoma of the corpus uteri, Ataxia, Elevated urinary vanillylmandelic acid, Anemia, Sporadic, Hepatocellular carcinoma, Neoplasm of the skin, Lymphoma, Typified by incomplete penetrance, Uterine Carcinosarcoma, Breast carcinoma, obsolete Heterogeneous, Hypertension, Multiple myeloma, hepatocellular carcinoma, Li-Fraumeni syndrome, Colon cancer, Autosomal dominant inheritance, Fever, breast neoplasm, Abdominal pain, Bone pain, Neoplasm of the nervous system, glioblastoma multiforme, ovarian carcinoma, lung adenocarcinoma, ovarian neoplasm, Neoplasm of the pancreas, Skin nodule, Horner syndrome, pancreatic carcinoma, gallbladder carcinoma, Prostate cancer, Transitional cell carcinoma of the bladder, Neoplasm of the colon, gallbladder neoplasm, Melanoma, Adrenocortical carcinoma, neuroblastoma, glioblastoma, skin squamous cell carcinoma, gallbladder cancer, cutaneous melanoma, Neoplasm of the lung. HGVS Name(s): c.782+402G>A, c.782+402G>C, c.782+402G>T, c.820G>A, c.820G>C, c.820G>T, c.841G>A, c.841G>C, c.841G>T, p.Asp274Asn, p.Asp274His, p.Asp274Tyr, p.Asp281Asn, p.Asp281His, p.Asp281Tyr."
rs7641536,Variant,0.25321832,dbSNP,Neuroblastoma,.,Phenotype ontologies,:,"Elevated urinary vanillylmandelic acid, Bone pain, Ataxia, neuroblastoma, Abdominal pain, Fever, Autosomal dominant inheritance, Typified by incomplete penetrance, Failure to thrive, Neoplasm of the nervous system, Weight loss, Sporadic, Anemia, Elevated urinary homovanillic acid, Neuroblastoma, Hypertension, Spinal cord compression, Horner syndrome, obsolete Heterogeneous, Skin nodule, Elevated urinary dopamine level, Abnormal thorax morphology, Diarrhea, Myoclonus",.,,,,,,,
rs764293538,Variant,0.000562459,dbSNP,Neuroblastoma,",","SUSCEPTIBILITY TO, 3",,"(NBLST3). Phenotype ontologies: neuroblastoma, susceptibility to, 3. HGVS Name(s): c.1817+13C>A, c.1817+13C>T.",,,,,,,,
rs764315663,Variant,0.000562459,dbSNP,Neuroblastoma,",","SUSCEPTIBILITY TO, 3",,"(NBLST3). Phenotype ontologies: neuroblastoma, susceptibility to, 3. HGVS Name(s): c.3645+14A>G.",,,,,,,,
rs764470906,Variant,0.27798963,dbSNP,Not specified,o,type not specified;Co,n,"genital central hypoventilation;Haddad syndrome;Hereditary cancer-predisposing syndrome;NEUROBLASTOMA, SUSCEPTIBILITY TO, 2 (NBLST2). Phenotype ontologies: Haddad syndrome, neuroblastoma, susceptibility to, 2, central hypoventilation syndrome, congenital, 1, with or without Hirschsprung disease, Autosomal dominant inheritance, Aganglionic megacolon, neuroblastoma. HGVS Name(s): c.741C>A, c.741C>G, p.Ala247=.",,,,,,,,
rs764532876,Variant,0.000562459,dbSNP,Neuroblastoma,",","SUSCEPTIBILITY TO, 3",,"(NBLST3). Phenotype ontologies: neuroblastoma, susceptibility to, 3. HGVS Name(s): c.839T>A, c.839T>C, p.Leu280Gln, p.Leu280Pro.",,,,,,,,
rs764605446,Variant,0.000562459,dbSNP,Neuroblastoma,",","SUSCEPTIBILITY TO, 3",,"(NBLST3). Phenotype ontologies: neuroblastoma, susceptibility to, 3. HGVS Name(s): c.2914+17G>A.",,,,,,,,
rs764607514,Variant,0.000562459,dbSNP,Hereditary cancer-predisposing syndrome,n,cer-predisposing synd,r,"ome;NEUROBLASTOMA, SUSCEPTIBILITY TO, 3 (NBLST3). Phenotype ontologies: neuroblastoma, susceptibility to, 3. HGVS Name(s): c.2328G>A, p.Gly776=.",,,,,,,,
rs764739691,Variant,0.000562459,dbSNP,Neuroblastoma,",","SUSCEPTIBILITY TO, 3",,"(NBLST3). Phenotype ontologies: neuroblastoma, susceptibility to, 3. HGVS Name(s): c.1547-5C>G, c.1547-5C>T.",,,,,,,,
rs764924128,Variant,0.000642801,dbSNP,Neuroblastoma,",","SUSCEPTIBILITY TO, 3",,"(NBLST3). Phenotype ontologies: neuroblastoma, susceptibility to, 3. HGVS Name(s): c.1154+15del.",,,,,,,,
rs765139446,Variant,0.000562459,dbSNP,Hereditary cancer-predisposing syndrome,n,cer-predisposing synd,r,"ome;NEUROBLASTOMA, SUSCEPTIBILITY TO, 3 (NBLST3). Phenotype ontologies: neuroblastoma, susceptibility to, 3. HGVS Name(s): c.1219A>C, p.Ile407Leu.",,,,,,,,
rs765149352,Variant,0.25321832,dbSNP,Neuroblastoma,.,Phenotype ontologies,:,"Elevated urinary homovanillic acid, Neuroblastoma, Horner syndrome, obsolete Heterogeneous, Spinal cord compression, Hypertension, Elevated urinary dopamine level, Skin nodule, Abnormal thorax morphology, Diarrhea, Myoclonus, Bone pain, Ataxia, neuroblastoma, Elevated urinary vanillylmandelic acid, Abdominal pain, Fever, Autosomal dominant inheritance, Typified by incomplete penetrance, Failure to thrive, Weight loss, Sporadic, Anemia, Neoplasm of the nervous system",.,"HGVS Name(s): c.*1571C>T, c.*3386C>T.",,,,,,
rs76519832,Variant,0.25321832,dbSNP,Charcot-Marie,-,Tooth disease;Charcot,-,"Marie-Tooth disease type 2;ClinVar: phenotype not specified;Neuroblastoma. Phenotype ontologies: Charcot-Marie-Tooth disease type 2, Laryngomalacia, Kyphosis, Diarrhea, Abnormal thorax morphology, Elevated urinary dopamine level, obsolete Heterogeneous, Spinal cord compression, Hypertension, Hemiplegia/hemiparesis, Scoliosis, Weight loss, Neoplasm of the nervous system, Abnormality of the voice, Failure to thrive, Gait disturbance, Autosomal dominant inheritance, Abd",o,"minal pain, Fever, Bone pain, Myoclonus, Decreased nerve conduction velocity, Incoordination, Skeletal muscle atrophy, Skin nodule, Horner syndrome",",",Reduce,d t,en,do,"n reflexes, EMG abnormality, Charcot-Marie-Tooth disease, Elevated urinary homovanillic acid, Neuroblastoma, Sporadic, Anemia, Impaired pain sensation, Typified by incomplete penetrance, Ataxia, neuroblastoma, Elevated urinary vanillylmandelic acid. HGVS Name(s): c.4013+6A>G, c.4055+6A>G, c.4118+6A>G."
rs765309299,Variant,0.000562459,dbSNP,Hereditary cancer-predisposing syndrome,n,cer-predisposing synd,r,"ome;NEUROBLASTOMA, SUSCEPTIBILITY TO, 3 (NBLST3). Phenotype ontologies: neuroblastoma, susceptibility to, 3. HGVS Name(s): c.182C>T, n.534+5741C>T, p.Pro61Leu.",,,,,,,,
rs765615879,Variant,0.000562459,dbSNP,Hereditary cancer-predisposing syndrome,n,cer-predisposing synd,r,"ome;NEUROBLASTOMA, SUSCEPTIBILITY TO, 3 (NBLST3). Phenotype ontologies: neuroblastoma, susceptibility to, 3. HGVS Name(s): c.831C>G, c.831C>T, p.Ser277=.",,,,,,,,
rs765725604,Variant,0.25321832,dbSNP,Neuroblastoma,.,Phenotype ontologies,:,"Abnormal thorax morphology, Diarrhea, Myoclonus, Neuroblastoma, Elevated urinary homovanillic acid, obsolete Heterogeneous, Horner syndrome, Hypertension, Spinal cord compression, Elevated urinary dopamine level, Skin nodule, Typified by incomplete penetrance, Failure to thrive, Anemia, Sporadic, Weight loss, Neoplasm of the nervous system, Bone pain, Ataxia, neuroblastoma, Elevated urinary vanillylmandelic acid, Abdominal pain, Fever, Autosomal dominant inheritance",.,"HGVS Name(s): c.*2026G>A, c.*3841G>A.",,,,,,
rs765773161,Variant,0.000562459,dbSNP,Hereditary cancer-predisposing syndrome,n,cer-predisposing synd,r,"ome;NEUROBLASTOMA, SUSCEPTIBILITY TO, 3 (NBLST3). Phenotype ontologies: neuroblastoma, susceptibility to, 3. HGVS Name(s): c.1516C>G, n.272-698G>C, p.Leu506Val.",,,,,,,,
rs766072801,Variant,0.000562459,dbSNP,Hereditary cancer-predisposing syndrome,n,cer-predisposing synd,r,"ome;NEUROBLASTOMA, SUSCEPTIBILITY TO, 3 (NBLST3). Phenotype ontologies: neuroblastoma, susceptibility to, 3. HGVS Name(s): c.1923-3671T>A, c.4830A>T, p.Lys1610Asn.",,,,,,,,
rs7660927,Variant,0.27798963,dbSNP,Neuroblastoma,,or malignant cutaneou,s,"melanoma. Phenotype ontologies: neuroblastoma, cutaneous melanoma. HGVS Name(s): c.-318-5071G>A, c.196-5071G>A.",,,,,,,,
rs766100418,Variant,0.000562459,dbSNP,Not specified,o,type not specified;NE,U,"ROBLASTOMA, SUSCEPTIBILITY TO, 3 (NBLST3). Phenotype ontologies: neuroblastoma, susceptibility to, 3. HGVS Name(s): c.1154+1G>A, c.1154+1G>T.",,,,,,,,
rs766322560,Variant,0.000562459,dbSNP,Hereditary cancer-predisposing syndrome,n,cer-predisposing synd,r,"ome;NEUROBLASTOMA, SUSCEPTIBILITY TO, 3 (NBLST3). Phenotype ontologies: neuroblastoma, susceptibility to, 3. HGVS Name(s): c.2521G>A, p.Ala841Thr.",,,,,,,,
rs766551269,Variant,0.000562459,dbSNP,Neuroblastoma,",","SUSCEPTIBILITY TO, 3",,"(NBLST3). Phenotype ontologies: neuroblastoma, susceptibility to, 3. HGVS Name(s): c.2803G>A, p.Gly935Arg.",,,,,,,,
rs766699720,Variant,0.000562459,dbSNP,Not specified,o,type not specified;He,r,"editary cancer-predisposing syndrome;NEUROBLASTOMA, SUSCEPTIBILITY TO, 3 (NBLST3). Phenotype ontologies: neuroblastoma, susceptibility to, 3. HGVS Name(s): c.2632+11dup.",,,,,,,,
rs766742720,Variant,0.000562459,dbSNP,Neuroblastoma,",","SUSCEPTIBILITY TO, 3",,"(NBLST3). Phenotype ontologies: neuroblastoma, susceptibility to, 3. HGVS Name(s): c.2712T>A, p.His904Gln.",,,,,,,,
rs766767855,Variant,0.27798963,dbSNP,Not specified,o,type not specified;Co,n,"genital central hypoventilation;Haddad syndrome;Hereditary cancer-predisposing syndrome;NEUROBLASTOMA, SUSCEPTIBILITY TO, 2 (NBLST2);PHOX2B-related disorder. Phenotype ontologies: Haddad syndrome, neuroblastoma, susceptibility to, 2, central hypoventilation syndrome, congenital, 1, with or without Hirschsprung disease, Aganglionic megacolon, Autosomal dominant inheritance, neuroblastoma. HGVS Name(s): c.760G>A, p.Ala254Thr.",,,,,,,,
rs766777095,Variant,0.000562459,dbSNP,Neuroblastoma,",","SUSCEPTIBILITY TO, 3",,"(NBLST3). Phenotype ontologies: neuroblastoma, susceptibility to, 3. HGVS Name(s): c.3678T>C, p.Leu1226=.",,,,,,,,
rs766821017,Variant,0.000562459,dbSNP,Neuroblastoma,",","SUSCEPTIBILITY TO, 3",,"(NBLST3). Phenotype ontologies: neuroblastoma, susceptibility to, 3. HGVS Name(s): c.1853G>A, p.Gly618Glu.",,,,,,,,
rs76718398,Variant,0.25321832,dbSNP,Not specified,o,type not specified;Ne,u,"roblastoma. Phenotype ontologies: Elevated urinary homovanillic acid, Neuroblastoma, Elevated urinary dopamine level, Skin nodule, obsolete Heterogeneous, Horner syndrome, Hypertension, Spinal cord compression, Abnormal thorax morphology, Diarrhea, Myoclonus, Ataxia, Bone pain, neuroblastoma, Elevated urinary vanillylmandelic acid, Autosomal dominant inheritance, Fever, Abdominal pain, Failure to thrive, Typified by incomplete penetrance, Sporadic, Weight loss, Anemi",a,", Neoplasm of the nervous system. HGVS Name(s): c.499G>A, c.829G>A, p.Gly167Ser, p.Gly277Ser.",,,,,,
rs767578442,Variant,0.000562459,dbSNP,Hereditary cancer-predisposing syndrome,n,cer-predisposing synd,r,"ome;NEUROBLASTOMA, SUSCEPTIBILITY TO, 3 (NBLST3). Phenotype ontologies: neuroblastoma, susceptibility to, 3. HGVS Name(s): c.1356G>A, n.380+5880C>T, p.Gly452=.",,,,,,,,
rs767630195,Variant,0.000562459,dbSNP,Hereditary cancer-predisposing syndrome,n,cer-predisposing synd,r,"ome;NEUROBLASTOMA, SUSCEPTIBILITY TO, 3 (NBLST3). Phenotype ontologies: neuroblastoma, susceptibility to, 3. HGVS Name(s): c.748A>G, p.Lys250Glu.",,,,,,,,
rs767873201,Variant,0.27798963,dbSNP,Haddad syndro,m,e;Hereditary cancer-p,r,"edisposing syndrome;NEUROBLASTOMA, SUSCEPTIBILITY TO, 2 (NBLST2);PHOX2B-related disorder. Phenotype ontologies: central hypoventilation syndrome, congenital, 1, with or without Hirschsprung disease, neuroblastoma, susceptibility to, 2, Haddad syndrome, neuroblastoma, Autosomal dominant inheritance, Aganglionic megacolon. HGVS Name(s): c.929A>G, p.Lys310Arg.",,,,,,,,
rs7679676,Variant,0.27798963,dbSNP,Neuroblastoma,.,Phenotype ontologies,:,"Myoclonus, Diarrhea, Abnormal thorax morphology, Elevated urinary dopamine level, Skin nodule, Horner syndrome, obsolete Heterogeneous, Hypertension, Spinal cord compression, Elevated urinary homovanillic acid, Neuroblastoma, Anemia, Sporadic, Weight loss, Neoplasm of the nervous system, Failure to thrive, Typified by incomplete penetrance, Autosomal dominant inheritance, Fever, Abdominal pain, neuroblastoma, Bone pain, Ataxia, Elevated urinary vanillylmandelic acid",.,"HGVS Name(s): n.337+49214T>G, n.618-1656T>G.",,,,,,
rs767998637,Variant,0.000562459,dbSNP,Neuroblastoma,",","SUSCEPTIBILITY TO, 3",,"(NBLST3). Phenotype ontologies: neuroblastoma, susceptibility to, 3. HGVS Name(s): c.2012C>T, p.Pro671Leu.",,,,,,,,
rs768069628,Variant,0.000642801,dbSNP,Neuroblastoma,",","SUSCEPTIBILITY TO, 3",,"(NBLST3). Phenotype ontologies: neuroblastoma, susceptibility to, 3. HGVS Name(s): c.2356-11del.",,,,,,,,
rs768588824,Variant,0.000642801,dbSNP,Neuroblastoma,",","SUSCEPTIBILITY TO, 3",,"(NBLST3). Phenotype ontologies: neuroblastoma, susceptibility to, 3. HGVS Name(s): c.788del.",,,,,,,,
rs769781641,Variant,0.25321832,dbSNP,Not specified,o,type not specified;Ne,u,"roblastoma. Phenotype ontologies: Weight loss, Sporadic, Anemia, Neoplasm of the nervous system, Failure to thrive, Typified by incomplete penetrance, Autosomal dominant inheritance, Abdominal pain, Fever, Bone pain, Ataxia, neuroblastoma, Elevated urinary vanillylmandelic acid, Myoclonus, Abnormal thorax morphology, Diarrhea, Elevated urinary dopamine level, Skin nodule, Horner syndrome, obsolete Heterogeneous, Spinal cord compression, Hypertension, Neuroblastoma, E",l,"evated urinary homovanillic acid. HGVS Name(s): c.264A>G, p.Gly88=.",,,,,,
rs770785401,Variant,0.000562459,dbSNP,Neuroblastoma,",","SUSCEPTIBILITY TO, 3",,"(NBLST3). Phenotype ontologies: neuroblastoma, susceptibility to, 3. HGVS Name(s): c.3359+16C>G, c.3359+16C>T.",,,,,,,,
rs770841700,Variant,0.27798963,dbSNP,Congenital ce,n,tral hypoventilation;,N,"EUROBLASTOMA, SUSCEPTIBILITY TO, 2 (NBLST2). Phenotype ontologies: neuroblastoma, central hypoventilation syndrome, congenital, 1, with or without Hirschsprung disease, neuroblastoma, susceptibility to, 2, Aganglionic megacolon, Autosomal dominant inheritance. HGVS Name(s): c.*19C>A.",,,,,,,,
rs770888701,Variant,0.000562459,dbSNP,Neuroblastoma,",","SUSCEPTIBILITY TO, 3",,"(NBLST3). Phenotype ontologies: neuroblastoma, susceptibility to, 3. HGVS Name(s): c.1923-3136del, c.4297del, p.Glu1433ArgfsTer44.",,,,,,,,
rs771383153,Variant,0.27798963,dbSNP,Central hypov,e,"ntilation syndrome, c",o,"ngenital, 1, with or without Hirschsprung disease;ClinVar: phenotype not specified;Haddad syndrome;Hereditary cancer-predisposing syndrome;NEUROBLASTOMA, SUSCEPTIBILITY TO, 2 (NBLST2). Phenotype ontologies: Aganglionic megacolon, Autosomal dominant inheritance, neuroblastoma, neuroblastoma, susceptibility to, 2, Haddad syndrome, central hypoventilation syndrome, congenital, 1, with or without Hirschsprung disease. HGVS Name(s): c.741_758del, c.758_759insCGCGGCAGCGGCG",G,"CGGC, p.Ala255_Ala260del, p.Ala255_Ala260dup.",,,,,,
rs77172218,Variant,0.25321832,dbSNP,Charcot-Marie,-,Tooth disease;Charcot,-,"Marie-Tooth disease type 2;ClinVar: phenotype not specified;Neuroblastoma. Phenotype ontologies: Neoplasm of the nervous system, Weight loss, Scoliosis, Gait disturbance, Failure to thrive, Abnormality of the voice, Abdominal pain, Fever, Autosomal dominant inheritance, Bone pain, Kyphosis, Laryngomalacia, Charcot-Marie-Tooth disease type 2, Abnormal thorax morphology, Diarrhea, Hypertension, Spinal cord compression, obsolete Heterogeneous, Elevated urinary dopamine",l,"evel, Hemiplegia/hemiparesis, Impaired pain sensation, Sporadic, Anemia, Typified by incomplete penetrance, Elevated urinary vanillylmandelic acid,",n,eurobl,ast,om,"a,","Ataxia, Myoclonus, Incoordination, Decreased nerve conduction velocity, Reduced tendon reflexes, Horner syndrome, Skin nodule, Skeletal muscle atrophy, Neuroblastoma, Elevated urinary homovanillic acid, Charcot-Marie-Tooth disease, EMG abnormality. HGVS Name(s): c.4756G>A, c.4756G>C, c.4798G>A, c.4798G>C, c.4861G>A, c.4861G>C, p.Val1586Leu, p.Val1586Met, p.Val1600Leu, p.Val1600Met, p.Val1621Leu, p.Val1621Met."
rs771929965,Variant,0.25321832,dbSNP,Charcot-Marie,-,Tooth disease type 2;,N,"euroblastoma. Phenotype ontologies: Diarrhea, Abnormal thorax morphology, Charcot-Marie-Tooth disease type 2, Myoclonus, Neuroblastoma, Elevated urinary homovanillic acid, Skin nodule, Elevated urinary dopamine level, Spinal cord compression, Hypertension, obsolete Heterogeneous, Horner syndrome, Failure to thrive, Typified by incomplete penetrance, Neoplasm of the nervous system, Sporadic, Anemia, Weight loss, Elevated urinary vanillylmandelic acid, neuroblastoma, B",o,"ne pain, Ataxia, Autosomal dominant inheritance, Fever, Abdominal pain. HGVS Name(s): c.364-15A>C, c.364-15A>G.",,,,,,
rs77226427,Variant,0.32279584,dbSNP,Neuroblastoma,,pediatric. Phenotype,o,"ntologies: neuroblastoma. HGVS Name(s): c.101C>A, c.101C>T, c.287C>A, c.287C>T, c.296C>A, c.296C>T, c.395C>A, c.395C>T, n.190+163G>A, n.190+163G>T, p.Ser132Leu, p.Ser132Ter, p.Ser34Leu, p.Ser34Ter, p.Ser96Leu, p.Ser96Ter, p.Ser99Leu, p.Ser99Ter.",,,,,,,,
rs772358257,Variant,0.27798963,dbSNP,Haddad syndro,m,"e;NEUROBLASTOMA, SUSC",E,"PTIBILITY TO, 2 (NBLST2). Phenotype ontologies: neuroblastoma, susceptibility to, 2, Haddad syndrome, central hypoventilation syndrome, congenital, 1, with or without Hirschsprung disease, Autosomal dominant inheritance, Aganglionic megacolon, neuroblastoma. HGVS Name(s): c.880G>A, c.880G>C, p.Val294Ile, p.Val294Leu.",,,,,,,,
rs772429569,Variant,0.25321832,dbSNP,Not specified,o,type not specified;Ne,u,"roblastoma. Phenotype ontologies: neuroblastoma, Bone pain, Ataxia, Elevated urinary vanillylmandelic acid, Autosomal dominant inheritance, Fever, Abdominal pain, Failure to thrive, Typified by incomplete penetrance, Weight loss, Sporadic, Anemia, Neoplasm of the nervous system, Neuroblastoma, Elevated urinary homovanillic acid, Elevated urinary dopamine level, Skin nodule, obsolete Heterogeneous, Horner syndrome, Spinal cord compression, Hypertension, Abnormal thora",x,"morphology, Diarrhea, Myoclonus. HGVS Name(s): c.4137T>C, c.4137T>G, c.4179T>C, c.4179T>G, c.4242T>C, c.4242T>G, p.His1379=, p.His1379Gln, p.His13",93,"=, p.H",is1,39,3G,"ln, p.His1414=, p.His1414Gln."
rs772760264,Variant,0.25321832,dbSNP,Neuroblastoma,.,Phenotype ontologies,:,"Sporadic, Anemia, Weight loss, Neoplasm of the nervous system, Failure to thrive, Typified by incomplete penetrance, Autosomal dominant inheritance, Abdominal pain, Fever, Ataxia, Bone pain, neuroblastoma, Elevated urinary vanillylmandelic acid, Myoclonus, Diarrhea, Abnormal thorax morphology, Elevated urinary dopamine level, Skin nodule, Horner syndrome, obsolete Heterogeneous, Hypertension, Spinal cord compression, Neuroblastoma, Elevated urinary homovanillic acid",.,"HGVS Name(s): c.*3148G>A, c.*4963G>A.",,,,,,
rs7730742,Variant,0.27798963,dbSNP,Neuroblastoma,.,Phenotype ontologies,:,"Bone pain, Ataxia, neuroblastoma, Elevated urinary vanillylmandelic acid, Autosomal dominant inheritance, Abdominal pain, Fever, Failure to thrive, Typified by incomplete penetrance, Sporadic, Weight loss, Anemia, Neoplasm of the nervous system, Neuroblastoma, Elevated urinary homovanillic acid, Elevated urinary dopamine level, Skin nodule, Horner syndrome, obsolete Heterogeneous, Spinal cord compression, Hypertension, Abnormal thorax morphology, Diarrhea, Myoclonus",.,HGVS Name(s): c.334+764G>A.,,,,,,
rs774521395,Variant,0.27798963,dbSNP,Haddad syndro,m,e;Hereditary cancer-p,r,"edisposing syndrome;NEUROBLASTOMA, SUSCEPTIBILITY TO, 2 (NBLST2). Phenotype ontologies: Autosomal dominant inheritance, Aganglionic megacolon, neuroblastoma, Haddad syndrome, neuroblastoma, susceptibility to, 2, central hypoventilation syndrome, congenital, 1, with or without Hirschsprung disease. HGVS Name(s): c.497C>A, c.497C>T, p.Ala166Glu, p.Ala166Val.",,,,,,,,
rs77474900,Variant,0.25321832,dbSNP,Neuroblastoma,.,Phenotype ontologies,:,"Elevated urinary homovanillic acid, Neuroblastoma, Skin nodule, Elevated urinary dopamine level, Spinal cord compression, Hypertension, Horner syndrome, obsolete Heterogeneous, Abnormal thorax morphology, Diarrhea, Myoclonus, Elevated urinary vanillylmandelic acid, neuroblastoma, Bone pain, Ataxia, Autosomal dominant inheritance, Abdominal pain, Fever, Failure to thrive, Typified by incomplete penetrance, Neoplasm of the nervous system, Weight loss, Sporadic, Anemia",.,"HGVS Name(s): c.*2452A>G, c.*4267A>G.",,,,,,
rs77538589,Variant,0.31848878,dbSNP,DUANE-RADIAL,R,AY SYNDROME (DRRS);Ne,u,"roblastoma pediatric. Phenotype ontologies: Duane anomaly, Radial deviation of the hand, Small thenar eminence, neuroblastoma, Epicanthus, Variable expressivity, Nystagmus, Absent radius, Anal atresia, Conductive hearing impairment, Hearing impairment, Crossed fused renal ectopia, Choanal stenosis, Retinal coloboma, Abnormality of the anus, Impaired convergence, Autosomal dominant inheritance, Vesicoureteral reflux, Limited wrist movement, Short humerus, Anal stenosi",s,", Finger syndactyly, External ophthalmoplegia, Aganglionic megacolon, Fused cervical vertebrae, Abnormal ventricular septum morphology, Syndactyly,",I,ris co,lob,om,"a,","Renal malrotation, Renal hypoplasia/aplasia, Hypoplasia of the radius, Facial palsy, Pectoralis major hypoplasia, Visual impairment, Hypertelorism, Triphalangeal thumb, Aplasia/Hypoplasia of the 1st metacarpal, Short thumb, Aplasia of metacarpal bones, Cataract, Aplasia/Hypoplasia of the radius, Talipes, Strabismus, Horseshoe kidney, Preaxial foot polydactyly, Radioulnar synostosis, Preaxial hand polydactyly, Facial asymmetry, Pes planus, Atrial septal defect, Microcornea, Upper limb muscle hypoplasia, Limited elbow movement, Sandal gap, Aplasia/Hypoplasia affecting the eye, Thrombocytopenia, Optic atrophy, Hypoplasia of deltoid muscle, Scoliosis, Abnormal atrial septum morphology, Microphthalmia, Choanal atresia, Abnormal localization of kidney, Renal hypoplasia, Preaxial polydactyly, Short hallux, Leukocytosis, Absent thumb, Abnormal nasopharynx morphology, Phenotypic variability, Blepharophimosis, Rectovaginal fistula, Ventricular septal defect, Aplasia/Hypoplasia of the thumb, Optic disc coloboma, Vertebral segmentation defect, Abnormal forearm morphology, Duane-radial ray syndrome, Tetralogy of Fallot, Sensorineural hearing impairment, Ectopic kidney, Hypoplasia of the ulna, Limited interphalangeal movement, Carpal bone hypoplasia, Ptosis, Optic disc hypoplasia, Toe syndactyly, Abnormality of the humerus, Abnormal pinna morphology, Pectoralis hypoplasia, Chorioretinal coloboma, Renal agenesis, Abnormality of the thenar eminence. HGVS Name(s): c.349G>A, p.Gly117Arg."
rs775451005,Variant,0.25321832,dbSNP,Charcot-Marie,-,Tooth disease type 2;,N,"euroblastoma;Pheochromocytoma. Phenotype ontologies: Abdominal pain, Fever, Autosomal dominant inheritance, Bone pain, Congestive heart failure, Neoplasm of the nervous system, Hypertension, obsolete Heterogeneous, Renal artery stenosis, Abnormality of the eye, Charcot-Marie-Tooth disease type 2, Abnormality of the nervous system, neuroblastoma, Neoplasm, Horner syndrome, Skin nodule, Abnormality of metabolism/homeostasis, Hyperhidrosis, Cerebral hemorrhage, adrenal",g,"land pheochromocytoma, Weight loss, Failure to thrive, Spinal cord compression, pheochromocytoma, Abnormality of the endocrine system, Elevated uri",na,ry dop,ami,ne,l,"evel, Diarrhea, Abnormal thorax morphology, Cafe-au-lait spot, Abnormality of the cardiovascular system, Abnormality of the genitourinary system, Elevated urinary vanillylmandelic acid, Ataxia, Proteinuria, Anemia, Sporadic, Hypercalcemia, Typified by incomplete penetrance, Pheochromocytoma, Neuroblastoma, Elevated urinary homovanillic acid, Episodic hypertension, Hemangioma, Myoclonus, Abnormality of blood and blood-forming tissues, Tachycardia. HGVS Name(s): c.*1829dup, c.*3644dup."
rs775569375,Variant,0.27798963,dbSNP,Congenital ce,n,tral hypoventilation;,N,"EUROBLASTOMA, SUSCEPTIBILITY TO, 2 (NBLST2). Phenotype ontologies: neuroblastoma, susceptibility to, 2, Aganglionic megacolon, Autosomal dominant inheritance, neuroblastoma, central hypoventilation syndrome, congenital, 1, with or without Hirschsprung disease. HGVS Name(s): n.241+219C>T.",,,,,,,,
rs775958997,Variant,0.25321832,dbSNP,Neuroblastoma,.,Phenotype ontologies,:,"Failure to thrive, Typified by incomplete penetrance, Anemia, Sporadic, Weight loss, Neoplasm of the nervous system, neuroblastoma, Bone pain, Ataxia, Elevated urinary vanillylmandelic acid, Autosomal dominant inheritance, Fever, Abdominal pain, Diarrhea, Abnormal thorax morphology, Myoclonus, Neuroblastoma, Elevated urinary homovanillic acid, Elevated urinary dopamine level, Skin nodule, obsolete Heterogeneous, Horner syndrome, Spinal cord compression, Hypertension",.,"HGVS Name(s): c.*2927C>A, c.*4742C>A.",,,,,,
rs7761842,Variant,0.27798963,dbSNP,Neuroblastoma,,or malignant cutaneou,s,"melanoma. Phenotype ontologies: cutaneous melanoma, neuroblastoma.",,,,,,,,
rs776498322,Variant,0.27798963,dbSNP,Congenital ce,n,tral hypoventilation;,N,"EUROBLASTOMA, SUSCEPTIBILITY TO, 2 (NBLST2). Phenotype ontologies: neuroblastoma, susceptibility to, 2, Autosomal dominant inheritance, Aganglionic megacolon, central hypoventilation syndrome, congenital, 1, with or without Hirschsprung disease, neuroblastoma. HGVS Name(s): c.*18G>A.",,,,,,,,
rs7765425,Variant,0.27798963,dbSNP,Neuroblastoma,.,Phenotype ontologies,:,"Elevated urinary vanillylmandelic acid, Bone pain, Ataxia, neuroblastoma, Autosomal dominant inheritance, Fever, Abdominal pain, Failure to thrive, Typified by incomplete penetrance, Neoplasm of the nervous system, Weight loss, Sporadic, Anemia, Elevated urinary homovanillic acid, Neuroblastoma, Skin nodule, Elevated urinary dopamine level, Spinal cord compression, Hypertension, Horner syndrome, obsolete Heterogeneous, Abnormal thorax morphology, Diarrhea, Myoclonus",.,"HGVS Name(s): c.46-46275G>A, c.46-46275G>T.",,,,,,
rs77798934,Variant,0.000562459,dbSNP,Neuroblastoma,",","SUSCEPTIBILITY TO, 3",,"(NBLST3). Phenotype ontologies: neuroblastoma, susceptibility to, 3. HGVS Name(s): c.3172+8C>A, c.3172+8C>T.",,,,,,,,
rs778240671,Variant,0.25321832,dbSNP,Charcot-Marie,-,Tooth disease type 2;,C,"linVar: phenotype not specified;Neuroblastoma. Phenotype ontologies: Abdominal pain, Fever, Autosomal dominant inheritance, Elevated urinary vanillylmandelic acid, Bone pain, Ataxia, neuroblastoma, Neoplasm of the nervous system, Anemia, Sporadic, Weight loss, Typified by incomplete penetrance, Failure to thrive, Spinal cord compression, Hypertension, obsolete Heterogeneous, Horner syndrome, Skin nodule, Elevated urinary dopamine level, Elevated urinary homovanillic",a,"cid, Neuroblastoma, Myoclonus, Charcot-Marie-Tooth disease type 2, Diarrhea, Abnormal thorax morphology. HGVS Name(s): c.4935T>C, c.4977T>C, c.5040",T>,"C, p.S",er1,64,5=,", p.Ser1659=, p.Ser1680=."
rs778288202,Variant,0.25321832,dbSNP,Charcot-Marie,-,Tooth disease type 2;,C,"linVar: phenotype not specified;Neuroblastoma. Phenotype ontologies: Elevated urinary homovanillic acid, Neuroblastoma, obsolete Heterogeneous, Horner syndrome, Hypertension, Spinal cord compression, Elevated urinary dopamine level, Skin nodule, Abnormal thorax morphology, Diarrhea, Myoclonus, Charcot-Marie-Tooth disease type 2, neuroblastoma, Bone pain, Ataxia, Elevated urinary vanillylmandelic acid, Fever, Abdominal pain, Autosomal dominant inheritance, Typified by",,"incomplete penetrance, Failure to thrive, Sporadic, Weight loss, Anemia, Neoplasm of the nervous system. HGVS Name(s): c.2378A>G, c.2474A>G, c.2516",A>,"G, p.T",yr7,93,Cy,"s, p.Tyr825Cys, p.Tyr839Cys."
rs778460384,Variant,0.32279584,dbSNP,Not specified,o,type not specified;Go,r,"lin syndrome;Hereditary cancer-predisposing syndrome;Neuroblastoma. Phenotype ontologies: Parietal bossing, Orofacial cleft, Proptosis, Bone pain, Microphthalmia, Spina bifida, Abdominal pain, Abnormality of the sense of smell, Milia, Hemivertebrae, Scoliosis, Vertebral wedging, Cleft upper lip, Polycystic ovaries, Neoplasm, Skin nodule, Aplasia/Hypoplasia affecting the eye, Meningioma, Coarse facial features, Polydactyly, Abnormal sternum morphology, Frontal bossing",",","Bifid ribs, Irregular ossification of hand bones, Spinal cord compression, Intellectual disability, Abnormality of limbs, Diarrhea, Neoplasm of th",e,"heart,",Ab,no,rm,"al carotid artery morphology, Supernumerary ribs, Carious teeth, Renal cyst, Orbital cyst, Vertebral segmentation defect, Abnormality of the neck, Macrocephaly, Short 4th metacarpal, Optic disc coloboma, Abnormal form of the vertebral bodies, Elevated urinary vanillylmandelic acid, Abnormality of the genitourinary system, Gynecomastia, Odontogenic keratocysts of the jaw, Abnormality of the skeletal system, Typified by incomplete penetrance, Neoplasm of the skin, Sporadic, Anemia, Bone cyst, Hypertension, obsolete Heterogeneous, Finger syndactyly, Abnormality of the eye, Cryptorchidism, Abnormality of head or neck, Tall stature, Abnormal rib morphology, Fever, Autosomal dominant inheritance, Short ribs, Neoplasm of the nervous system, Basal cell carcinoma, Nystagmus, Horner syndrome, Conductive hearing impairment, Vertebral fusion, Sprengel anomaly, Cleft palate, Melanocytic nevus, Variable expressivity, Seizure, Abnormality of the nervous system, neuroblastoma, Down-sloping shoulders, Hydrocephalus, Epicanthus, Brachydactyly, Osteolysis, Motor delay, Elevated urinary dopamine level, Sarcoma, Abnormal thorax morphology, Palmoplantar keratoderma, Strabismus, Cataract, Chorea, Aplasia/Hypoplasia of the corpus callosum, nevoid basal cell carcinoma syndrome, Failure to thrive, Abnormality of the musculature, Mandibular prognathia, Ovarian neoplasm, Weight loss, Neuroblastoma, Elevated urinary homovanillic acid, Arachnodactyly, Intestinal polyposis, Visual impairment, Wide nasal bridge, Myoclonus, Hypertelorism, Ataxia, Abnormal dental enamel morphology, Abnormality of the cardiovascular system, Abnormal pleura morphology, Skin ulcer, Hand polydactyly, Cognitive impairment, Skin tags, Iris coloboma. HGVS Name(s): c.199-1708G>A, c.199-1708G>C, c.4-1708G>A, c.4-1708G>C, c.55G>A, c.55G>C, p.Gly19Arg, p.Gly19Ser."
rs77885116,Variant,0.25321832,dbSNP,Neuroblastoma,.,Phenotype ontologies,:,"Failure to thrive, Typified by incomplete penetrance, Weight loss, Sporadic, Anemia, Neoplasm of the nervous system, Bone pain, Ataxia, neuroblastoma, Elevated urinary vanillylmandelic acid, Autosomal dominant inheritance, Abdominal pain, Fever, Diarrhea, Abnormal thorax morphology, Myoclonus, Elevated urinary homovanillic acid, Neuroblastoma, Elevated urinary dopamine level, Skin nodule, Horner syndrome, obsolete Heterogeneous, Spinal cord compression, Hypertension",.,"HGVS Name(s): c.*3079T>C, c.*4894T>C.",,,,,,
rs779707422,Variant,0.32279584,dbSNP,Astrocytoma;B,r,Brainstem glioma;Enceph,a,"locraniocutaneous lipomatosis;gastric adenocarcinoma;Medulloblastoma (MDB);Neuroblastoma;Rosette-forming glioneuronal tumor. Phenotype ontologies: obsolete Heterogeneous, Hypertension, Opacification of the corneal stroma, Cerebellar hypoplasia, Bone cyst, Agenesis of corpus callosum, Rosette-forming glioneuronal tumor, Cryptorchidism, Fever, Abdominal pain, Autosomal dominant inheritance, Alopecia, Bone pain, Multiple central nervous system lipomas, Microphthalmia, a",s,"trocytoma, Neoplasm of the nervous system, Multiple lipomas, Horner syndrome, Abnormal anterior chamber morphology, Hypertonia, Skin nodule, Cortic",al,dyspl,asi,"a,",A,"trial septal defect, Craniofacial hyperostosis, Peripheral pulmonary artery stenosis, Retinopathy, Ventriculomegaly, neuroblastoma, Seizure, Abnormal tricuspid valve morphology, Hydrocephalus, Hypoplasia of the corpus callosum, Brain Stem Glioma, Cerebral cortical atrophy, Osteolysis, Subvalvular aortic stenosis, Spinal cord compression, Eyelid coloboma, Elevated urinary dopamine level, Arachnoid cyst, Hypoplasia of the iris, Hemiplegia/hemiparesis, Neoplasm of the skeletal system, Diarrhea, Abnormal thorax morphology, gastric adenocarcinoma, Sclerocornea, Abnormality of speech or vocalization, Skeletal dysplasia, Weight loss, Failure to thrive, Pelvic kidney, Aplasia/Hypoplasia of the corpus callosum, Macrocephaly, rosette-forming glioneuronal tumor of fourth ventricule, Neuroblastoma, Elevated urinary homovanillic acid, Myoclonus, Lipoma, Dandy-Walker malformation, astrocytoma (excluding glioblastoma), Cerebral calcification, encephalocraniocutaneous lipomatosis, Ataxia, Limbal dermoid, Elevated urinary vanillylmandelic acid, medulloblastoma, Abnormal aortic morphology, Iris coloboma, Anemia, Sporadic, Pulmonary arterial hypertension, Cognitive impairment, Typified by incomplete penetrance, Global developmental delay. HGVS Name(s): c.1359C>A, c.1359C>G, c.1359C>T, c.1371C>A, c.1371C>G, c.1371C>T, c.1626C>A, c.1626C>G, c.1626C>T, c.1632C>A, c.1632C>G, c.1632C>T, c.1638C>A, c.1638C>G, c.1638C>T, c.1818C>A, c.1818C>G, c.1818C>T, p.Asn453=, p.Asn453Lys, p.Asn457=, p.Asn457Lys, p.Asn542=, p.Asn542Lys, p.Asn544=, p.Asn544Lys, p.Asn546=, p.Asn546Lys, p.Asn606=, p.Asn606Lys."
rs781479217,Variant,0.000642801,dbSNP,Neuroblastoma,",","SUSCEPTIBILITY TO, 3",,"(NBLST3). Phenotype ontologies: neuroblastoma, susceptibility to, 3. HGVS Name(s): c.3067+17del.",,,,,,,,
rs781647693,Variant,0.27798963,dbSNP,Congenital ce,n,tral hypoventilation;,N,"EUROBLASTOMA, SUSCEPTIBILITY TO, 2 (NBLST2). Phenotype ontologies: central hypoventilation syndrome, congenital, 1, with or without Hirschsprung disease, neuroblastoma, neuroblastoma, susceptibility to, 2, Aganglionic megacolon, Autosomal dominant inheritance. HGVS Name(s): c.*1401C>G.",,,,,,,,
rs7837606,Variant,0.32279584,dbSNP,Neuroblastoma,.,Phenotype ontologies,:,"Elevated urinary homovanillic acid, Neuroblastoma, Spinal cord compression, Hypertension, obsolete Heterogeneous, Horner syndrome, Skin nodule, Elevated urinary dopamine level, Diarrhea, Abnormal thorax morphology, Myoclonus, Elevated urinary vanillylmandelic acid, Bone pain, Ataxia, neuroblastoma, Abdominal pain, Fever, Autosomal dominant inheritance, Typified by incomplete penetrance, Failure to thrive, Neoplasm of the nervous system, Sporadic, Weight loss, Anemia",.,"HGVS Name(s): c.147-2402A>G, c.147-2402A>T, c.195-2402A>G, c.195-2402A>T, c.381-2402A>G, c.381-2402A>T, c.414-2402A>G, c.414-2402A>T, c.453-2402A>","G,",c.453,-24,2,A>,T.
rs78490707,Variant,0.25321832,dbSNP,Neuroblastoma,.,Phenotype ontologies,:,"Fever, Abdominal pain, Autosomal dominant inheritance, Elevated urinary vanillylmandelic acid, Ataxia, Bone pain, neuroblastoma, Neoplasm of the nervous system, Sporadic, Anemia, Weight loss, Typified by incomplete penetrance, Failure to thrive, Spinal cord compression, Hypertension, Horner syndrome, obsolete Heterogeneous, Skin nodule, Elevated urinary dopamine level, Neuroblastoma, Elevated urinary homovanillic acid, Myoclonus, Abnormal thorax morphology, Diarrhea",.,"HGVS Name(s): c.*279C>G, c.*279C>T, c.5367-1473C>G, c.5367-1473C>T.",,,,,,
rs78742798,Variant,0.31848878,dbSNP,Neuroblastoma,.,Phenotype ontologies,:,"Elevated urinary dopamine level, Skin nodule, Horner syndrome, obsolete Heterogeneous, Hypertension, Spinal cord compression, Neuroblastoma, Elevated urinary homovanillic acid, Myoclonus, Diarrhea, Abnormal thorax morphology, Autosomal dominant inheritance, Fever, Abdominal pain, neuroblastoma, Bone pain, Ataxia, Elevated urinary vanillylmandelic acid, Anemia, Sporadic, Weight loss, Neoplasm of the nervous system, Failure to thrive, Typified by incomplete penetrance",.,,,,,,,
rs78868210,Variant,0.25321832,dbSNP,Neuroblastoma,.,Phenotype ontologies,:,"Abnormal thorax morphology, Diarrhea, Myoclonus, Neuroblastoma, Elevated urinary homovanillic acid, Elevated urinary dopamine level, Skin nodule, obsolete Heterogeneous, Horner syndrome, Hypertension, Spinal cord compression, Failure to thrive, Typified by incomplete penetrance, Sporadic, Anemia, Weight loss, Neoplasm of the nervous system, Bone pain, Ataxia, neuroblastoma, Elevated urinary vanillylmandelic acid, Autosomal dominant inheritance, Abdominal pain, Fever",.,"HGVS Name(s): c.*1927T>C, c.*3742T>C.",,,,,,
rs79021388,Variant,0.32279584,dbSNP,Neuroblastoma,.,Phenotype ontologies,:,"Diarrhea, Abnormal thorax morphology, Myoclonus, Elevated urinary homovanillic acid, Neuroblastoma, Horner syndrome, obsolete Heterogeneous, Spinal cord compression, Hypertension, Elevated urinary dopamine level, Skin nodule, Typified by incomplete penetrance, Failure to thrive, Sporadic, Anemia, Weight loss, Neoplasm of the nervous system, Bone pain, Ataxia, neuroblastoma, Elevated urinary vanillylmandelic acid, Abdominal pain, Fever, Autosomal dominant inheritance",.,"HGVS Name(s): c.1345-12212G>A, c.1345-12212G>C, c.1345-12212G>T, c.1348-12212G>A, c.1348-12212G>C, c.1348-12212G>T.",,,,,,
rs79097900,Variant,0.25321832,dbSNP,Neuroblastoma,.,Phenotype ontologies,:,"Elevated urinary vanillylmandelic acid, Bone pain, neuroblastoma, Ataxia, Fever, Abdominal pain, Autosomal dominant inheritance, Typified by incomplete penetrance, Failure to thrive, Neoplasm of the nervous system, Weight loss, Sporadic, Anemia, Neuroblastoma, Elevated urinary homovanillic acid, Spinal cord compression, Hypertension, Horner syndrome, obsolete Heterogeneous, Skin nodule, Elevated urinary dopamine level, Abnormal thorax morphology, Diarrhea, Myoclonus",.,HGVS Name(s): c.113+39573T>C.,,,,,,
rs7971776,Variant,0.31353796,dbSNP,Neuroblastoma,.,Phenotype ontologies,:,"Skin nodule, Elevated urinary dopamine level, Hypertension, Spinal cord compression, obsolete Heterogeneous, Horner syndrome, Elevated urinary homovanillic acid, Neuroblastoma, Myoclonus, Diarrhea, Abnormal thorax morphology, Autosomal dominant inheritance, Fever, Abdominal pain, Elevated urinary vanillylmandelic acid, neuroblastoma, Bone pain, Ataxia, Neoplasm of the nervous system, Anemia, Sporadic, Weight loss, Failure to thrive, Typified by incomplete penetrance",.,,,,,,,
rs7980416,Variant,0.31353796,dbSNP,Neuroblastoma,.,Phenotype ontologies,:,"Elevated urinary homovanillic acid, Neuroblastoma, Spinal cord compression, Hypertension, Horner syndrome, obsolete Heterogeneous, Skin nodule, Elevated urinary dopamine level, Diarrhea, Abnormal thorax morphology, Myoclonus, Elevated urinary vanillylmandelic acid, neuroblastoma, Bone pain, Ataxia, Abdominal pain, Fever, Autosomal dominant inheritance, Typified by incomplete penetrance, Failure to thrive, Neoplasm of the nervous system, Sporadic, Anemia, Weight loss",.,HGVS Name(s): n.390+17655C>T.,,,,,,
rs79904886,Variant,0.000562459,dbSNP,Hereditary cancer-predisposing syndrome,n,cer-predisposing synd,r,"ome;NEUROBLASTOMA, SUSCEPTIBILITY TO, 3 (NBLST3). Phenotype ontologies: neuroblastoma, susceptibility to, 3. HGVS Name(s): c.1563C>G, c.1563C>T, p.Leu521=.",,,,,,,,
rs79914694,Variant,0.27798963,dbSNP,Neuroblastoma,.,Phenotype ontologies,:,"Typified by incomplete penetrance, Failure to thrive, Sporadic, Weight loss, Anemia, Neoplasm of the nervous system, neuroblastoma, Bone pain, Ataxia, Elevated urinary vanillylmandelic acid, Fever, Abdominal pain, Autosomal dominant inheritance, Diarrhea, Abnormal thorax morphology, Myoclonus, Neuroblastoma, Elevated urinary homovanillic acid, obsolete Heterogeneous, Horner syndrome, Spinal cord compression, Hypertension, Elevated urinary dopamine level, Skin nodule",.,"HGVS Name(s): c.795+3373A>T, n.387-1007T>A.",,,,,,
rs7994542,Variant,0.31353796,dbSNP,Neuroblastoma,.,Phenotype ontologies,:,"neuroblastoma, Bone pain, Ataxia, Elevated urinary vanillylmandelic acid, Autosomal dominant inheritance, Abdominal pain, Fever, Failure to thrive, Typified by incomplete penetrance, Sporadic, Anemia, Weight loss, Neoplasm of the nervous system, Elevated urinary homovanillic acid, Neuroblastoma, Elevated urinary dopamine level, Skin nodule, obsolete Heterogeneous, Horner syndrome, Hypertension, Spinal cord compression, Diarrhea, Abnormal thorax morphology, Myoclonus",.,"HGVS Name(s): n.159-15506G>A, n.512-3316C>T.",,,,,,
rs8017950,Variant,0.31353796,dbSNP,Neuroblastoma,.,Phenotype ontologies,:,"Elevated urinary vanillylmandelic acid, Bone pain, Ataxia, neuroblastoma, Fever, Abdominal pain, Autosomal dominant inheritance, Typified by incomplete penetrance, Failure to thrive, Neoplasm of the nervous system, Anemia, Sporadic, Weight loss, Elevated urinary homovanillic acid, Neuroblastoma, Hypertension, Spinal cord compression, obsolete Heterogeneous, Horner syndrome, Skin nodule, Elevated urinary dopamine level, Diarrhea, Abnormal thorax morphology, Myoclonus",.,HGVS Name(s): n.287G>A.,,,,,,
rs80359143,Variant,0.31353796,dbSNP,Breast and/or,,ovarian cancer;BREAST,-,"OVARIAN CANCER, FAMILIAL, SUSCEPTIBILITY TO, 2 (BROVCA2);ClinVar: phenotype not specified;Hereditary breast ovarian cancer syndrome;Hereditary cancer-predisposing syndrome;Neuroblastoma. Phenotype ontologies: Abnormal thorax morphology, Diarrhea, Elevated urinary dopamine level, Hypertension, Spinal cord compression, obsolete Heterogeneous, Breast carcinoma, Neoplasm of the nervous system, Weight loss, Failure to thrive, Autosomal dominant inheritance, Fever, Abdomin",a,"l pain, Bone pain, Myoclonus, Skin nodule, Non-Mendelian inheritance, Horner syndrome, Neuroblastoma, Elevated urinary homovanillic acid, Sporadic,",A,"nemia,",he,re,di,"tary breast ovarian cancer syndrome, Typified by incomplete penetrance, breast-ovarian cancer, familial, susceptibility to, 2, Elevated urinary vanillylmandelic acid, Ataxia, neuroblastoma. HGVS Name(s): c.8918G>A, c.8918G>C, p.Arg2973His, p.Arg2973Pro."
rs8068445,Variant,0.31848878,dbSNP,Neuroblastoma,.,Phenotype ontologies,:,"Neuroblastoma, Elevated urinary homovanillic acid, obsolete Heterogeneous, Horner syndrome, Spinal cord compression, Hypertension, Elevated urinary dopamine level, Skin nodule, Diarrhea, Abnormal thorax morphology, Myoclonus, Bone pain, Ataxia, neuroblastoma, Elevated urinary vanillylmandelic acid, Abdominal pain, Fever, Autosomal dominant inheritance, Typified by incomplete penetrance, Failure to thrive, Sporadic, Anemia, Weight loss, Neoplasm of the nervous system",.,,,,,,,
rs8068707,Variant,0.31848878,dbSNP,Neuroblastoma,.,Phenotype ontologies,:,"Autosomal dominant inheritance, Abdominal pain, Fever, Elevated urinary vanillylmandelic acid, Ataxia, Bone pain, neuroblastoma, Neoplasm of the nervous system, Sporadic, Anemia, Weight loss, Failure to thrive, Typified by incomplete penetrance, Skin nodule, Elevated urinary dopamine level, Hypertension, Spinal cord compression, obsolete Heterogeneous, Horner syndrome, Neuroblastoma, Elevated urinary homovanillic acid, Myoclonus, Abnormal thorax morphology, Diarrhea",.,,,,,,,
rs8073596,Variant,0.31848878,dbSNP,Neuroblastoma,.,Phenotype ontologies,:,"Weight loss, Sporadic, Anemia, Neoplasm of the nervous system, Failure to thrive, Typified by incomplete penetrance, Autosomal dominant inheritance, Abdominal pain, Fever, Bone pain, Ataxia, neuroblastoma, Elevated urinary vanillylmandelic acid, Myoclonus, Abnormal thorax morphology, Diarrhea, Elevated urinary dopamine level, Skin nodule, obsolete Heterogeneous, Horner syndrome, Spinal cord compression, Hypertension, Neuroblastoma, Elevated urinary homovanillic acid",.,"HGVS Name(s): c.104-692G>A, c.104-692G>C.",,,,,,
rs8083994,Variant,0.31848878,dbSNP,Neuroblastoma,.,Phenotype ontologies,:,"Failure to thrive, Typified by incomplete penetrance, Anemia, Sporadic, Weight loss, Neoplasm of the nervous system, Bone pain, Ataxia, neuroblastoma, Elevated urinary vanillylmandelic acid, Autosomal dominant inheritance, Fever, Abdominal pain, Abnormal thorax morphology, Diarrhea, Myoclonus, Neuroblastoma, Elevated urinary homovanillic acid, Elevated urinary dopamine level, Skin nodule, Horner syndrome, obsolete Heterogeneous, Hypertension, Spinal cord compression",.,"HGVS Name(s): n.294+21435A>C, n.294+21435A>G.",,,,,,
rs8181023,Variant,0.32279584,dbSNP,Neuroblastoma,.,Phenotype ontologies,:,"Elevated urinary vanillylmandelic acid, Bone pain, Ataxia, neuroblastoma, Fever, Abdominal pain, Autosomal dominant inheritance, Typified by incomplete penetrance, Failure to thrive, Neoplasm of the nervous system, Anemia, Sporadic, Weight loss, Elevated urinary homovanillic acid, Neuroblastoma, Spinal cord compression, Hypertension, Horner syndrome, obsolete Heterogeneous, Skin nodule, Elevated urinary dopamine level, Abnormal thorax morphology, Diarrhea, Myoclonus",.,,,,,,,
rs863225281,Variant,0.25321832,dbSNP,Benign Soft T,i,ssue Neoplasm of Unce,r,"tain Differentiation;Hereditary cancer-predisposing syndrome;Lung adenocarcinoma;Neuroblastoma;NEUROBLASTOMA, SUSCEPTIBILITY TO, 3 (NBLST3);non-small cell lung carcinoma. Phenotype ontologies: Weight loss, Neoplasm of the nervous system, Failure to thrive, neuroblastoma, susceptibility to, 3, Non-small cell lung carcinoma, Autosomal dominant inheritance, Fever, Abdominal pain, Bone pain, non-small cell lung carcinoma, Diarrhea, Abnormal thorax morphology, Elevated ur",i,"nary dopamine level, obsolete Heterogeneous, Hypertension, Spinal cord compression, Sporadic, Anemia, Typified by incomplete penetrance, neuroblast",om,"a, Ata",xia,",",El,"evated urinary vanillylmandelic acid, Myoclonus, lung adenocarcinoma, Skin nodule, Horner syndrome, non-small cell lung adenocarcinoma, Neuroblastoma, Elevated urinary homovanillic acid. HGVS Name(s): c.3522C>A, c.3522C>G, c.3522C>T, p.Phe1174=, p.Phe1174Leu."
rs863225283,Variant,0.25321832,dbSNP,Neuroblastoma,;,"NEUROBLASTOMA, SUSCEP",T,"IBILITY TO, 3 (NBLST3). Phenotype ontologies: Elevated urinary dopamine level, Hypertension, Spinal cord compression, obsolete Heterogeneous, Abnormal thorax morphology, Diarrhea, Autosomal dominant inheritance, Abdominal pain, Fever, Bone pain, Neoplasm of the nervous system, Weight loss, Failure to thrive, neuroblastoma, susceptibility to, 3, Skin nodule, Horner syndrome, Neuroblastoma, Elevated urinary homovanillic acid, Myoclonus, Elevated urinary vanillylmandeli",c,"acid, Ataxia, neuroblastoma, Sporadic, Anemia, Typified by incomplete penetrance. HGVS Name(s): c.3734T>A, c.3734T>G, p.Phe1245Cys, p.Phe1245Tyr.",,,,,,
rs863225284,Variant,0.25321832,dbSNP,Neuroblastoma,;,"NEUROBLASTOMA, SUSCEP",T,"IBILITY TO, 3 (NBLST3). Phenotype ontologies: Horner syndrome, Skin nodule, Elevated urinary homovanillic acid, Neuroblastoma, Myoclonus, Elevated urinary vanillylmandelic acid, neuroblastoma, Ataxia, Sporadic, Anemia, Typified by incomplete penetrance, Hypertension, Spinal cord compression, obsolete Heterogeneous, Elevated urinary dopamine level, Abnormal thorax morphology, Diarrhea, Abdominal pain, Fever, Autosomal dominant inheritance, Bone pain, Neoplasm of the n",e,"rvous system, Weight loss, neuroblastoma, susceptibility to, 3, Failure to thrive. HGVS Name(s): c.3735C>A, c.3735C>G, c.3735C>T, p.Phe1245=, p.Phe",12,45Leu.,,,,
rs863225285,Variant,0.25321832,dbSNP,Hereditary cancer-predisposing syndrome,n,cer-predisposing synd,r,"ome;Neuroblastoma;NEUROBLASTOMA, SUSCEPTIBILITY TO, 3 (NBLST3). Phenotype ontologies: Myoclonus, Elevated urinary homovanillic acid, Neuroblastoma, Skin nodule, Horner syndrome, Typified by incomplete penetrance, Sporadic, Anemia, Elevated urinary vanillylmandelic acid, neuroblastoma, Ataxia, Diarrhea, Abnormal thorax morphology, Elevated urinary dopamine level, Spinal cord compression, Hypertension, obsolete Heterogeneous, Failure to thrive, neuroblastoma, susceptib",i,"lity to, 3, Neoplasm of the nervous system, Weight loss, Bone pain, Autosomal dominant inheritance, Fever, Abdominal pain. HGVS Name(s): c.3833A>C,",c,.3833A,">G,",c,0.3,"833A>T, p.Tyr1278Cys, p.Tyr1278Phe, p.Tyr1278Ser."
rs864309584,Variant,0.25321832,dbSNP,Not specified,o,type not specified;Fa,m,"ilial isolated pituitary adenoma;Neuroblastoma;NEUROBLASTOMA, SUSCEPTIBILITY TO, 3 (NBLST3). Phenotype ontologies: Skin nodule, Horner syndrome, Neuroblastoma, Elevated urinary homovanillic acid, familial isolated pituitary adenoma, Myoclonus, neuroblastoma, Ataxia, Elevated urinary vanillylmandelic acid, Sporadic, Anemia, Typified by incomplete penetrance, Elevated urinary dopamine level, obsolete Heterogeneous, Spinal cord compression, Hypertension, Diarrhea, Abnor",m,"al thorax morphology, Autosomal dominant inheritance, Fever, Abdominal pain, Bone pain, Weight loss, Neoplasm of the nervous system, Failure to thr",iv,"e, neu",rob,la,st,"oma, susceptibility to, 3. HGVS Name(s): c.3271G>A, c.3271G>C, c.3271G>T, p.Asp1091Asn, p.Asp1091His, p.Asp1091Tyr."
rs867021284,Variant,0.25321832,dbSNP,Neuroblastoma,.,Phenotype ontologies,:,"Anemia, Sporadic, Weight loss, Neoplasm of the nervous system, Failure to thrive, Typified by incomplete penetrance, Autosomal dominant inheritance, Abdominal pain, Fever, Ataxia, Bone pain, neuroblastoma, Elevated urinary vanillylmandelic acid, Myoclonus, Diarrhea, Abnormal thorax morphology, Elevated urinary dopamine level, Skin nodule, Horner syndrome, obsolete Heterogeneous, Spinal cord compression, Hypertension, Elevated urinary homovanillic acid, Neuroblastoma",.,HGVS Name(s): c.-146C>T.,,,,,,
rs867595,Variant,0.32279584,dbSNP,Neuroblastoma,.,Phenotype ontologies,:,"Neoplasm of the nervous system, Weight loss, Sporadic, Anemia, Typified by incomplete penetrance, Failure to thrive, Fever, Abdominal pain, Autosomal dominant inheritance, Elevated urinary vanillylmandelic acid, Ataxia, Bone pain, neuroblastoma, Myoclonus, Abnormal thorax morphology, Diarrhea, Spinal cord compression, Hypertension, obsolete Heterogeneous, Horner syndrome, Skin nodule, Elevated urinary dopamine level, Elevated urinary homovanillic acid, Neuroblastoma",.,"HGVS Name(s): c.149-28586T>G, n.1378+34130A>C.",,,,,,
rs868389032,Variant,0.25321832,dbSNP,Charcot-Marie,-,Tooth disease type 2;,C,"linVar: phenotype not specified;Neuroblastoma. Phenotype ontologies: Autosomal dominant inheritance, Fever, Abdominal pain, neuroblastoma, Bone pain, Ataxia, Elevated urinary vanillylmandelic acid, Weight loss, Sporadic, Anemia, Neoplasm of the nervous system, Failure to thrive, Typified by incomplete penetrance, Elevated urinary dopamine level, Skin nodule, obsolete Heterogeneous, Horner syndrome, Spinal cord compression, Hypertension, Neuroblastoma, Elevated urinar",y,"homovanillic acid, Charcot-Marie-Tooth disease type 2, Myoclonus, Diarrhea, Abnormal thorax morphology. HGVS Name(s): c.3516A>C, c.3516A>G, c.3612",A>,"C, c.3",612,A>,"G,","c.3654A>C, c.3654A>G, p.Arg1172=, p.Arg1204=, p.Arg1218=."
rs882362,Variant,0.32279584,dbSNP,Neuroblastoma,.,Phenotype ontologies,:,"Neoplasm of the nervous system, Sporadic, Weight loss, Anemia, Failure to thrive, Typified by incomplete penetrance, Autosomal dominant inheritance, Fever, Abdominal pain, Elevated urinary vanillylmandelic acid, Ataxia, Bone pain, neuroblastoma, Myoclonus, Abnormal thorax morphology, Diarrhea, Skin nodule, Elevated urinary dopamine level, Hypertension, Spinal cord compression, obsolete Heterogeneous, Horner syndrome, Elevated urinary homovanillic acid, Neuroblastoma",.,"HGVS Name(s): c.3325-10510A>G, c.3325-10510A>T.",,,,,,
rs885769,Variant,0.27798963,dbSNP,Basal cell ca,r,cinoma MTAG;Neuroblas,t,"oma. Phenotype ontologies: Elevated urinary homovanillic acid, Neuroblastoma, Horner syndrome, Skin nodule, Myoclonus, Elevated urinary vanillylmandelic acid, basal cell carcinoma, neuroblastoma, Ataxia, Typified by incomplete penetrance, Sporadic, Anemia, Spinal cord compression, Hypertension, obsolete Heterogeneous, Elevated urinary dopamine level, Diarrhea, Abnormal thorax morphology, Bone pain, Fever, Abdominal pain, Autosomal dominant inheritance, Failure to thr",i,"ve, Neoplasm of the nervous system, Weight loss. HGVS Name(s): n.940-2667T>A, n.940-2667T>C.",,,,,,
rs886044965,Variant,0.25321832,dbSNP,Neuroblastoma,.,Phenotype ontologies,:,"Abnormal thorax morphology, Diarrhea, Myoclonus, Elevated urinary homovanillic acid, Neuroblastoma, Skin nodule, Elevated urinary dopamine level, Hypertension, Spinal cord compression, obsolete Heterogeneous, Horner syndrome, Failure to thrive, Typified by incomplete penetrance, Neoplasm of the nervous system, Weight loss, Sporadic, Anemia, Elevated urinary vanillylmandelic acid, Bone pain, Ataxia, neuroblastoma, Autosomal dominant inheritance, Fever, Abdominal pain",.,HGVS Name(s): c.-79-4A>G.,,,,,,
rs886044966,Variant,0.25321832,dbSNP,Not specified,o,type not specified;Ne,u,"roblastoma. Phenotype ontologies: Autosomal dominant inheritance, Abdominal pain, Fever, Elevated urinary vanillylmandelic acid, Bone pain, neuroblastoma, Ataxia, Neoplasm of the nervous system, Anemia, Sporadic, Weight loss, Failure to thrive, Typified by incomplete penetrance, Skin nodule, Elevated urinary dopamine level, Hypertension, Spinal cord compression, obsolete Heterogeneous, Horner syndrome, Elevated urinary homovanillic acid, Neuroblastoma, Myoclonus, Dia",r,"rhea, Abnormal thorax morphology. HGVS Name(s): c.364-10A>G.",,,,,,
rs886044967,Variant,0.25321832,dbSNP,Neuroblastoma,.,Phenotype ontologies,:,"Skin nodule, Elevated urinary dopamine level, Hypertension, Spinal cord compression, Horner syndrome, obsolete Heterogeneous, Elevated urinary homovanillic acid, Neuroblastoma, Myoclonus, Diarrhea, Abnormal thorax morphology, Autosomal dominant inheritance, Abdominal pain, Fever, Elevated urinary vanillylmandelic acid, Ataxia, Bone pain, neuroblastoma, Neoplasm of the nervous system, Sporadic, Weight loss, Anemia, Failure to thrive, Typified by incomplete penetrance",.,HGVS Name(s): c.608+7T>C.,,,,,,
rs886044975,Variant,0.25321832,dbSNP,Charcot-Marie,-,Tooth disease type 2;,N,"euroblastoma;Pheochromocytoma. Phenotype ontologies: Horner syndrome, Neoplasm, Skin nodule, Cerebral hemorrhage, Abnormality of metabolism/homeostasis, Hyperhidrosis, Abnormality of the nervous system, neuroblastoma, obsolete Heterogeneous, Hypertension, Abnormality of the eye, Renal artery stenosis, Charcot-Marie-Tooth disease type 2, Bone pain, Abdominal pain, Fever, Autosomal dominant inheritance, Congestive heart failure, Neoplasm of the nervous system, Episodic",,"hypertension, Neuroblastoma, Elevated urinary homovanillic acid, Hemangioma, Pheochromocytoma, Abnormality of blood and blood-forming tissues, Tach",yc,"ardia,",My,oc,lo,"nus, Ataxia, Elevated urinary vanillylmandelic acid, Abnormality of the genitourinary system, Proteinuria, Cafe-au-lait spot, Abnormality of the cardiovascular system, Typified by incomplete penetrance, Hypercalcemia, Anemia, Sporadic, Spinal cord compression, pheochromocytoma, Elevated urinary dopamine level, Abnormality of the endocrine system, Diarrhea, Abnormal thorax morphology, adrenal gland pheochromocytoma, Failure to thrive, Weight loss. HGVS Name(s): c.865-10_865-7del, c.883-10_883-7del."
rs886044976,Variant,0.25321832,dbSNP,Charcot-Marie,-,Tooth disease type 2;,C,"linVar: phenotype not specified;Neuroblastoma;Pheochromocytoma. Phenotype ontologies: adrenal gland pheochromocytoma, Weight loss, Failure to thrive, pheochromocytoma, Spinal cord compression, Elevated urinary dopamine level, Abnormality of the endocrine system, Abnormal thorax morphology, Diarrhea, Abnormality of the cardiovascular system, Cafe-au-lait spot, Ataxia, Abnormality of the genitourinary system, Elevated urinary vanillylmandelic acid, Proteinuria, Sporadi",c,", Anemia, Typified by incomplete penetrance, Hypercalcemia, Pheochromocytoma, Episodic hypertension, Neuroblastoma, Elevated urinary homovanillic a",ci,"d, Hem",ang,io,ma,", Myoclonus, Abnormality of blood and blood-forming tissues, Tachycardia, Fever, Abdominal pain, Autosomal dominant inheritance, Bone pain, Congestive heart failure, Neoplasm of the nervous system, obsolete Heterogeneous, Hypertension, Abnormality of the eye, Renal artery stenosis, Charcot-Marie-Tooth disease type 2, neuroblastoma, Abnormality of the nervous system, Horner syndrome, Neoplasm, Skin nodule, Abnormality of metabolism/homeostasis, Hyperhidrosis, Cerebral hemorrhage. HGVS Name(s): c.1020-5del, c.1038-5del."
rs886044977,Variant,0.25321832,dbSNP,Not specified,o,type not specified;Ne,u,"roblastoma. Phenotype ontologies: Horner syndrome, obsolete Heterogeneous, Hypertension, Spinal cord compression, Elevated urinary dopamine level, Skin nodule, Elevated urinary homovanillic acid, Neuroblastoma, Myoclonus, Abnormal thorax morphology, Diarrhea, Abdominal pain, Fever, Autosomal dominant inheritance, neuroblastoma, Bone pain, Ataxia, Elevated urinary vanillylmandelic acid, Anemia, Sporadic, Weight loss, Neoplasm of the nervous system, Typified by incompl",e,"te penetrance, Failure to thrive. HGVS Name(s): c.1222T>C, c.1318T>C, c.1360T>C, p.Leu408=, p.Leu440=, p.Leu454=.",,,,,,
rs886044985,Variant,0.25321832,dbSNP,Neuroblastoma,.,Phenotype ontologies,:,"Skin nodule, Elevated urinary dopamine level, Spinal cord compression, Hypertension, Horner syndrome, obsolete Heterogeneous, Elevated urinary homovanillic acid, Neuroblastoma, Myoclonus, Abnormal thorax morphology, Diarrhea, Autosomal dominant inheritance, Abdominal pain, Fever, Elevated urinary vanillylmandelic acid, Ataxia, Bone pain, neuroblastoma, Neoplasm of the nervous system, Sporadic, Anemia, Weight loss, Failure to thrive, Typified by incomplete penetrance",.,"HGVS Name(s): c.3793C>T, c.3835C>T, c.3898C>T, p.Pro1265Ser, p.Pro1279Ser, p.Pro1300Ser.",,,,,,
rs886044986,Variant,0.25321832,dbSNP,Charcot-Marie,-,Tooth disease type 2;,N,"euroblastoma;Pheochromocytoma. Phenotype ontologies: Skin nodule, Neoplasm, Horner syndrome, Hyperhidrosis, Abnormality of metabolism/homeostasis, Cerebral hemorrhage, Abnormality of the nervous system, neuroblastoma, Renal artery stenosis, Abnormality of the eye, Hypertension, obsolete Heterogeneous, Charcot-Marie-Tooth disease type 2, Autosomal dominant inheritance, Fever, Abdominal pain, Bone pain, Neoplasm of the nervous system, Congestive heart failure, Pheochro",m,"ocytoma, Hemangioma, Elevated urinary homovanillic acid, Neuroblastoma, Episodic hypertension, Myoclonus, Tachycardia, Abnormality of blood and blo",od,#NAME?,ng,ti,ss,"ues, Cafe-au-lait spot, Abnormality of the cardiovascular system, Proteinuria, Abnormality of the genitourinary system, Elevated urinary vanillylmandelic acid, Ataxia, Sporadic, Anemia, Hypercalcemia, Typified by incomplete penetrance, Abnormality of the endocrine system, Elevated urinary dopamine level, pheochromocytoma, Spinal cord compression, Diarrhea, Abnormal thorax morphology, adrenal gland pheochromocytoma, Weight loss, Failure to thrive. HGVS Name(s): c.*281_*282del, c.*283_*282insTA, c.5367-1470_5367-1469insTA, c.5367-1471_5367-1470del."
rs886044990,Variant,0.25321832,dbSNP,Charcot-Marie,-,Tooth disease type 2;,N,"euroblastoma;Pheochromocytoma. Phenotype ontologies: Cerebral hemorrhage, Abnormality of metabolism/homeostasis, Hyperhidrosis, Neoplasm, Horner syndrome, Skin nodule, Abnormality of the nervous system, neuroblastoma, Charcot-Marie-Tooth disease type 2, Hypertension, obsolete Heterogeneous, Renal artery stenosis, Abnormality of the eye, Congestive heart failure, Neoplasm of the nervous system, Bone pain, Abdominal pain, Fever, Autosomal dominant inheritance, Tachycar",d,"ia, Abnormality of blood and blood-forming tissues, Myoclonus, Elevated urinary homovanillic acid, Neuroblastoma, Episodic hypertension, Hemangioma",",",Pheoch,rom,oc,yt,"oma, Hypercalcemia, Typified by incomplete penetrance, Anemia, Sporadic, Elevated urinary vanillylmandelic acid, Abnormality of the genitourinary system, Ataxia, Proteinuria, Abnormality of the cardiovascular system, Cafe-au-lait spot, Diarrhea, Abnormal thorax morphology, pheochromocytoma, Spinal cord compression, Abnormality of the endocrine system, Elevated urinary dopamine level, Failure to thrive, Weight loss, adrenal gland pheochromocytoma. HGVS Name(s): c.*281_*286del, c.*287_*286insTACACA, c.5367-1466_5367-1465insTACACA, c.5367-1471_5367-1466del."
rs886044992,Variant,0.25321832,dbSNP,Neuroblastoma,.,Phenotype ontologies,:,"Diarrhea, Abnormal thorax morphology, Myoclonus, Elevated urinary homovanillic acid, Neuroblastoma, Elevated urinary dopamine level, Skin nodule, Horner syndrome, obsolete Heterogeneous, Spinal cord compression, Hypertension, Failure to thrive, Typified by incomplete penetrance, Sporadic, Anemia, Weight loss, Neoplasm of the nervous system, Ataxia, Bone pain, neuroblastoma, Elevated urinary vanillylmandelic acid, Autosomal dominant inheritance, Abdominal pain, Fever",.,"HGVS Name(s): c.*305C>T, c.5367-1447C>T.",,,,,,
rs886044993,Variant,0.25321832,dbSNP,Charcot-Marie,-,Tooth disease type 2;,N,"euroblastoma;Pheochromocytoma. Phenotype ontologies: Charcot-Marie-Tooth disease type 2, obsolete Heterogeneous, Hypertension, Abnormality of the eye, Renal artery stenosis, Congestive heart failure, Neoplasm of the nervous system, Fever, Abdominal pain, Autosomal dominant inheritance, Bone pain, Abnormality of metabolism/homeostasis, Hyperhidrosis, Cerebral hemorrhage, Horner syndrome, Neoplasm, Skin nodule, neuroblastoma, Abnormality of the nervous system, Diarrhea",",","Abnormal thorax morphology, pheochromocytoma, Spinal cord compression, Elevated urinary dopamine level, Abnormality of the endocrine system, Weigh",t,"loss,",Fai,lu,re,"to thrive, adrenal gland pheochromocytoma, Myoclonus, Abnormality of blood and blood-forming tissues, Tachycardia, Pheochromocytoma, Episodic hypertension, Elevated urinary homovanillic acid, Neuroblastoma, Hemangioma, Sporadic, Anemia, Typified by incomplete penetrance, Hypercalcemia, Abnormality of the cardiovascular system, Cafe-au-lait spot, Ataxia, Abnormality of the genitourinary system, Elevated urinary vanillylmandelic acid, Proteinuria. HGVS Name(s): c.*456_*457del, c.5367-1296_5367-1295del."
rs886044994,Variant,0.25321832,dbSNP,Neuroblastoma,.,Phenotype ontologies,:,"neuroblastoma, Bone pain, Ataxia, Elevated urinary vanillylmandelic acid, Autosomal dominant inheritance, Fever, Abdominal pain, Failure to thrive, Typified by incomplete penetrance, Anemia, Sporadic, Weight loss, Neoplasm of the nervous system, Elevated urinary homovanillic acid, Neuroblastoma, Elevated urinary dopamine level, Skin nodule, obsolete Heterogeneous, Horner syndrome, Spinal cord compression, Hypertension, Diarrhea, Abnormal thorax morphology, Myoclonus",.,"HGVS Name(s): c.*744C>A, c.5367-1008C>A.",,,,,,
rs886044995,Variant,0.25321832,dbSNP,Charcot-Marie,-,Tooth disease type 2;,N,"euroblastoma;Pheochromocytoma. Phenotype ontologies: Tachycardia, Abnormality of blood and blood-forming tissues, Myoclonus, Episodic hypertension, Elevated urinary homovanillic acid, Neuroblastoma, Hemangioma, Pheochromocytoma, Typified by incomplete penetrance, Hypercalcemia, Sporadic, Anemia, Ataxia, Elevated urinary vanillylmandelic acid, Abnormality of the genitourinary system, Proteinuria, Abnormality of the cardiovascular system, Cafe-au-lait spot, Abnormal th",o,"rax morphology, Diarrhea, Spinal cord compression, pheochromocytoma, Elevated urinary dopamine level, Abnormality of the endocrine system, Failure",to,thriv,"e,",We,ig,"ht loss, adrenal gland pheochromocytoma, Cerebral hemorrhage, Abnormality of metabolism/homeostasis, Hyperhidrosis, Horner syndrome, Neoplasm, Skin nodule, neuroblastoma, Abnormality of the nervous system, Charcot-Marie-Tooth disease type 2, obsolete Heterogeneous, Hypertension, Abnormality of the eye, Renal artery stenosis, Congestive heart failure, Neoplasm of the nervous system, Bone pain, Fever, Abdominal pain, Autosomal dominant inheritance. HGVS Name(s): c.*1104C>T, c.5367-648C>T."
rs886044997,Variant,0.25321832,dbSNP,Neuroblastoma,.,Phenotype ontologies,:,"Abdominal pain, Fever, Autosomal dominant inheritance, neuroblastoma, Bone pain, Ataxia, Elevated urinary vanillylmandelic acid, Weight loss, Sporadic, Anemia, Neoplasm of the nervous system, Typified by incomplete penetrance, Failure to thrive, Horner syndrome, obsolete Heterogeneous, Hypertension, Spinal cord compression, Elevated urinary dopamine level, Skin nodule, Elevated urinary homovanillic acid, Neuroblastoma, Myoclonus, Diarrhea, Abnormal thorax morphology",.,"HGVS Name(s): c.*182T>C, c.*1997T>C.",,,,,,
rs886044998,Variant,0.25321832,dbSNP,Neuroblastoma,.,Phenotype ontologies,:,"Abnormal thorax morphology, Diarrhea, Myoclonus, Elevated urinary homovanillic acid, Neuroblastoma, obsolete Heterogeneous, Horner syndrome, Spinal cord compression, Hypertension, Elevated urinary dopamine level, Skin nodule, Typified by incomplete penetrance, Failure to thrive, Anemia, Sporadic, Weight loss, Neoplasm of the nervous system, Bone pain, neuroblastoma, Ataxia, Elevated urinary vanillylmandelic acid, Fever, Abdominal pain, Autosomal dominant inheritance",.,"HGVS Name(s): c.*184G>T, c.*1999G>T.",,,,,,
rs886044999,Variant,0.25321832,dbSNP,Neuroblastoma,.,Phenotype ontologies,:,"Elevated urinary vanillylmandelic acid, Ataxia, Bone pain, neuroblastoma, Autosomal dominant inheritance, Abdominal pain, Fever, Failure to thrive, Typified by incomplete penetrance, Neoplasm of the nervous system, Weight loss, Sporadic, Anemia, Elevated urinary homovanillic acid, Neuroblastoma, Skin nodule, Elevated urinary dopamine level, Hypertension, Spinal cord compression, obsolete Heterogeneous, Horner syndrome, Diarrhea, Abnormal thorax morphology, Myoclonus",.,"HGVS Name(s): c.*2379T>C, c.*564T>C.",,,,,,
rs886045000,Variant,0.25321832,dbSNP,Neuroblastoma,.,Phenotype ontologies,:,"Fever, Abdominal pain, Autosomal dominant inheritance, neuroblastoma, Bone pain, Ataxia, Elevated urinary vanillylmandelic acid, Sporadic, Weight loss, Anemia, Neoplasm of the nervous system, Typified by incomplete penetrance, Failure to thrive, obsolete Heterogeneous, Horner syndrome, Hypertension, Spinal cord compression, Elevated urinary dopamine level, Skin nodule, Elevated urinary homovanillic acid, Neuroblastoma, Myoclonus, Diarrhea, Abnormal thorax morphology",.,"HGVS Name(s): c.*2412A>G, c.*597A>G.",,,,,,
rs886045001,Variant,0.25321832,dbSNP,Neuroblastoma,.,Phenotype ontologies,:,"Myoclonus, Diarrhea, Abnormal thorax morphology, Horner syndrome, obsolete Heterogeneous, Hypertension, Spinal cord compression, Elevated urinary dopamine level, Skin nodule, Elevated urinary homovanillic acid, Neuroblastoma, Sporadic, Anemia, Weight loss, Neoplasm of the nervous system, Typified by incomplete penetrance, Failure to thrive, Abdominal pain, Fever, Autosomal dominant inheritance, neuroblastoma, Bone pain, Ataxia, Elevated urinary vanillylmandelic acid",.,"HGVS Name(s): c.*2687G>A, c.*872G>A.",,,,,,
rs886045002,Variant,0.25321832,dbSNP,Neuroblastoma,.,Phenotype ontologies,:,"Typified by incomplete penetrance, Failure to thrive, Sporadic, Weight loss, Anemia, Neoplasm of the nervous system, neuroblastoma, Bone pain, Ataxia, Elevated urinary vanillylmandelic acid, Abdominal pain, Fever, Autosomal dominant inheritance, Abnormal thorax morphology, Diarrhea, Myoclonus, Elevated urinary homovanillic acid, Neuroblastoma, Horner syndrome, obsolete Heterogeneous, Spinal cord compression, Hypertension, Elevated urinary dopamine level, Skin nodule",.,"HGVS Name(s): c.*2743G>A, c.*928G>A.",,,,,,
rs886045003,Variant,0.25321832,dbSNP,Neuroblastoma,.,Phenotype ontologies,:,"Elevated urinary homovanillic acid, Neuroblastoma, Spinal cord compression, Hypertension, Horner syndrome, obsolete Heterogeneous, Skin nodule, Elevated urinary dopamine level, Diarrhea, Abnormal thorax morphology, Myoclonus, Elevated urinary vanillylmandelic acid, neuroblastoma, Bone pain, Ataxia, Fever, Abdominal pain, Autosomal dominant inheritance, Typified by incomplete penetrance, Failure to thrive, Neoplasm of the nervous system, Anemia, Sporadic, Weight loss",.,"HGVS Name(s): c.*2786G>A, c.*971G>A.",,,,,,
rs886045004,Variant,0.25321832,dbSNP,Neuroblastoma,.,Phenotype ontologies,:,"Typified by incomplete penetrance, Failure to thrive, Neoplasm of the nervous system, Sporadic, Anemia, Weight loss, Elevated urinary vanillylmandelic acid, Bone pain, neuroblastoma, Ataxia, Abdominal pain, Fever, Autosomal dominant inheritance, Abnormal thorax morphology, Diarrhea, Myoclonus, Neuroblastoma, Elevated urinary homovanillic acid, Hypertension, Spinal cord compression, Horner syndrome, obsolete Heterogeneous, Skin nodule, Elevated urinary dopamine level",.,"HGVS Name(s): c.*1025G>A, c.*2840G>A.",,,,,,
rs886045006,Variant,0.25321832,dbSNP,Neuroblastoma,.,Phenotype ontologies,:,"Elevated urinary vanillylmandelic acid, Bone pain, Ataxia, neuroblastoma, Autosomal dominant inheritance, Abdominal pain, Fever, Failure to thrive, Typified by incomplete penetrance, Neoplasm of the nervous system, Weight loss, Sporadic, Anemia, Neuroblastoma, Elevated urinary homovanillic acid, Skin nodule, Elevated urinary dopamine level, Spinal cord compression, Hypertension, Horner syndrome, obsolete Heterogeneous, Diarrhea, Abnormal thorax morphology, Myoclonus",.,"HGVS Name(s): c.*1219C>T, c.*3034C>T.",,,,,,
rs886045007,Variant,0.25321832,dbSNP,Neuroblastoma,.,Phenotype ontologies,:,"Neoplasm of the nervous system, Anemia, Sporadic, Weight loss, Failure to thrive, Typified by incomplete penetrance, Autosomal dominant inheritance, Fever, Abdominal pain, Elevated urinary vanillylmandelic acid, Bone pain, neuroblastoma, Ataxia, Myoclonus, Diarrhea, Abnormal thorax morphology, Skin nodule, Elevated urinary dopamine level, Hypertension, Spinal cord compression, obsolete Heterogeneous, Horner syndrome, Elevated urinary homovanillic acid, Neuroblastoma",.,"HGVS Name(s): c.*1331T>C, c.*3146T>C.",,,,,,
rs886045008,Variant,0.25321832,dbSNP,Neuroblastoma,.,Phenotype ontologies,:,"Abdominal pain, Fever, Autosomal dominant inheritance, Elevated urinary vanillylmandelic acid, Bone pain, Ataxia, neuroblastoma, Neoplasm of the nervous system, Weight loss, Sporadic, Anemia, Typified by incomplete penetrance, Failure to thrive, Hypertension, Spinal cord compression, obsolete Heterogeneous, Horner syndrome, Skin nodule, Elevated urinary dopamine level, Elevated urinary homovanillic acid, Neuroblastoma, Myoclonus, Diarrhea, Abnormal thorax morphology",.,"HGVS Name(s): c.*1387C>A, c.*1387C>T, c.*3202C>A, c.*3202C>T.",,,,,,
rs886045010,Variant,0.25321832,dbSNP,Neuroblastoma,.,Phenotype ontologies,:,"Typified by incomplete penetrance, Failure to thrive, Neoplasm of the nervous system, Anemia, Sporadic, Weight loss, Elevated urinary vanillylmandelic acid, Bone pain, neuroblastoma, Ataxia, Abdominal pain, Fever, Autosomal dominant inheritance, Abnormal thorax morphology, Diarrhea, Myoclonus, Elevated urinary homovanillic acid, Neuroblastoma, Hypertension, Spinal cord compression, Horner syndrome, obsolete Heterogeneous, Skin nodule, Elevated urinary dopamine level",.,"HGVS Name(s): c.*2143A>G, c.*3958A>G.",,,,,,
rs886045013,Variant,0.25321832,dbSNP,Neuroblastoma,.,Phenotype ontologies,:,"Autosomal dominant inheritance, Fever, Abdominal pain, Elevated urinary vanillylmandelic acid, Bone pain, Ataxia, neuroblastoma, Neoplasm of the nervous system, Weight loss, Sporadic, Anemia, Failure to thrive, Typified by incomplete penetrance, Skin nodule, Elevated urinary dopamine level, Spinal cord compression, Hypertension, obsolete Heterogeneous, Horner syndrome, Elevated urinary homovanillic acid, Neuroblastoma, Myoclonus, Abnormal thorax morphology, Diarrhea",.,"HGVS Name(s): c.*2481T>C, c.*4296T>C.",,,,,,
rs886045014,Variant,0.25321832,dbSNP,Neuroblastoma,.,Phenotype ontologies,:,"Abnormal thorax morphology, Diarrhea, Myoclonus, Neuroblastoma, Elevated urinary homovanillic acid, Elevated urinary dopamine level, Skin nodule, Horner syndrome, obsolete Heterogeneous, Spinal cord compression, Hypertension, Failure to thrive, Typified by incomplete penetrance, Weight loss, Sporadic, Anemia, Neoplasm of the nervous system, neuroblastoma, Bone pain, Ataxia, Elevated urinary vanillylmandelic acid, Autosomal dominant inheritance, Fever, Abdominal pain",.,"HGVS Name(s): c.*2798G>A, c.*4613G>A.",,,,,,
rs886045015,Variant,0.25321832,dbSNP,Neuroblastoma,.,Phenotype ontologies,:,"Myoclonus, Abnormal thorax morphology, Diarrhea, Hypertension, Spinal cord compression, Horner syndrome, obsolete Heterogeneous, Skin nodule, Elevated urinary dopamine level, Elevated urinary homovanillic acid, Neuroblastoma, Neoplasm of the nervous system, Weight loss, Sporadic, Anemia, Typified by incomplete penetrance, Failure to thrive, Abdominal pain, Fever, Autosomal dominant inheritance, Elevated urinary vanillylmandelic acid, neuroblastoma, Bone pain, Ataxia",.,"HGVS Name(s): c.*2882A>G, c.*4697A>G.",,,,,,
rs886045016,Variant,0.25321832,dbSNP,Neuroblastoma,.,Phenotype ontologies,:,"Failure to thrive, Typified by incomplete penetrance, Weight loss, Sporadic, Anemia, Neoplasm of the nervous system, neuroblastoma, Bone pain, Ataxia, Elevated urinary vanillylmandelic acid, Autosomal dominant inheritance, Fever, Abdominal pain, Abnormal thorax morphology, Diarrhea, Myoclonus, Elevated urinary homovanillic acid, Neuroblastoma, Elevated urinary dopamine level, Skin nodule, Horner syndrome, obsolete Heterogeneous, Hypertension, Spinal cord compression",.,"HGVS Name(s): c.*3104G>A, c.*4919G>A.",,,,,,
rs886059409,Variant,0.27798963,dbSNP,Congenital ce,n,tral hypoventilation;,N,"EUROBLASTOMA, SUSCEPTIBILITY TO, 2 (NBLST2). Phenotype ontologies: Autosomal dominant inheritance, Aganglionic megacolon, neuroblastoma, susceptibility to, 2, neuroblastoma, central hypoventilation syndrome, congenital, 1, with or without Hirschsprung disease. HGVS Name(s): c.*1701A>G.",,,,,,,,
rs886059410,Variant,0.27798963,dbSNP,Congenital ce,n,tral hypoventilation;,N,"EUROBLASTOMA, SUSCEPTIBILITY TO, 2 (NBLST2). Phenotype ontologies: neuroblastoma, central hypoventilation syndrome, congenital, 1, with or without Hirschsprung disease, Autosomal dominant inheritance, Aganglionic megacolon, neuroblastoma, susceptibility to, 2. HGVS Name(s): c.*1644A>T.",,,,,,,,
rs886059411,Variant,0.27798963,dbSNP,Congenital ce,n,tral hypoventilation;,N,"EUROBLASTOMA, SUSCEPTIBILITY TO, 2 (NBLST2). Phenotype ontologies: central hypoventilation syndrome, congenital, 1, with or without Hirschsprung disease, neuroblastoma, Aganglionic megacolon, Autosomal dominant inheritance, neuroblastoma, susceptibility to, 2. HGVS Name(s): c.*1627G>A.",,,,,,,,
rs886059412,Variant,0.27798963,dbSNP,Congenital ce,n,tral hypoventilation;,N,"EUROBLASTOMA, SUSCEPTIBILITY TO, 2 (NBLST2). Phenotype ontologies: neuroblastoma, central hypoventilation syndrome, congenital, 1, with or without Hirschsprung disease, neuroblastoma, susceptibility to, 2, Autosomal dominant inheritance, Aganglionic megacolon. HGVS Name(s): c.*1269A>G.",,,,,,,,
rs886059413,Variant,0.27798963,dbSNP,Congenital ce,n,tral hypoventilation;,N,"EUROBLASTOMA, SUSCEPTIBILITY TO, 2 (NBLST2). Phenotype ontologies: Aganglionic megacolon, Autosomal dominant inheritance, neuroblastoma, susceptibility to, 2, central hypoventilation syndrome, congenital, 1, with or without Hirschsprung disease, neuroblastoma. HGVS Name(s): c.*58G>C, c.*58G>T.",,,,,,,,
rs886059414,Variant,0.27798963,dbSNP,Congenital ce,n,tral hypoventilation;,N,"EUROBLASTOMA, SUSCEPTIBILITY TO, 2 (NBLST2). Phenotype ontologies: central hypoventilation syndrome, congenital, 1, with or without Hirschsprung disease, neuroblastoma, neuroblastoma, susceptibility to, 2, Aganglionic megacolon, Autosomal dominant inheritance. HGVS Name(s): n.241+234G>T.",,,,,,,,
rs886059415,Variant,0.27798963,dbSNP,Congenital ce,n,tral hypoventilation;,N,"EUROBLASTOMA, SUSCEPTIBILITY TO, 2 (NBLST2). Phenotype ontologies: Aganglionic megacolon, Autosomal dominant inheritance, neuroblastoma, susceptibility to, 2, central hypoventilation syndrome, congenital, 1, with or without Hirschsprung disease, neuroblastoma. HGVS Name(s): n.241+289C>T.",,,,,,,,
rs887117495,Variant,0.27798963,dbSNP,Congenital ce,n,tral hypoventilation;,N,"EUROBLASTOMA, SUSCEPTIBILITY TO, 2 (NBLST2). Phenotype ontologies: Autosomal dominant inheritance, Aganglionic megacolon, neuroblastoma, susceptibility to, 2, neuroblastoma, central hypoventilation syndrome, congenital, 1, with or without Hirschsprung disease. HGVS Name(s): n.241+183G>A.",,,,,,,,
rs889285461,Variant,0.25321832,dbSNP,Neuroblastoma,.,Phenotype ontologies,:,"Myoclonus, Abnormal thorax morphology, Diarrhea, obsolete Heterogeneous, Horner syndrome, Hypertension, Spinal cord compression, Elevated urinary dopamine level, Skin nodule, Neuroblastoma, Elevated urinary homovanillic acid, Sporadic, Anemia, Weight loss, Neoplasm of the nervous system, Typified by incomplete penetrance, Failure to thrive, Fever, Abdominal pain, Autosomal dominant inheritance, Bone pain, Ataxia, neuroblastoma, Elevated urinary vanillylmandelic acid",.,"HGVS Name(s): c.*1006C>T, c.*2821C>T.",,,,,,
rs895459,Variant,0.25321832,dbSNP,Neuroblastoma,.,Phenotype ontologies,:,"Horner syndrome, obsolete Heterogeneous, Spinal cord compression, Hypertension, Elevated urinary dopamine level, Skin nodule, Elevated urinary homovanillic acid, Neuroblastoma, Myoclonus, Abnormal thorax morphology, Diarrhea, Abdominal pain, Fever, Autosomal dominant inheritance, Bone pain, neuroblastoma, Ataxia, Elevated urinary vanillylmandelic acid, Sporadic, Weight loss, Anemia, Neoplasm of the nervous system, Typified by incomplete penetrance, Failure to thrive",.,"HGVS Name(s): c.*570-5025C>T, c.1496-5025C>T, c.1904-5025C>T.",,,,,,
rs907548,Variant,0.25321832,dbSNP,Neuroblastoma,.,Phenotype ontologies,:,"Neuroblastoma, Elevated urinary homovanillic acid, Spinal cord compression, Hypertension, Horner syndrome, obsolete Heterogeneous, Skin nodule, Elevated urinary dopamine level, Diarrhea, Abnormal thorax morphology, Myoclonus, Elevated urinary vanillylmandelic acid, Bone pain, Ataxia, neuroblastoma, Fever, Abdominal pain, Autosomal dominant inheritance, Typified by incomplete penetrance, Failure to thrive, Neoplasm of the nervous system, Anemia, Sporadic, Weight loss",.,,,,,,,
rs920003650,Variant,0.25321832,dbSNP,Not specified,o,type not specified;Ne,u,"roblastoma. Phenotype ontologies: Bone pain, Ataxia, neuroblastoma, Elevated urinary vanillylmandelic acid, Autosomal dominant inheritance, Abdominal pain, Fever, Failure to thrive, Typified by incomplete penetrance, Sporadic, Anemia, Weight loss, Neoplasm of the nervous system, Elevated urinary homovanillic acid, Neuroblastoma, Elevated urinary dopamine level, Skin nodule, Horner syndrome, obsolete Heterogeneous, Spinal cord compression, Hypertension, Abnormal thora",x,"morphology, Diarrhea, Myoclonus. HGVS Name(s): c.*1618C>G, c.5367-134C>G.",,,,,,
rs921963841,Variant,0.27798963,dbSNP,Congenital ce,n,tral hypoventilation;,N,"EUROBLASTOMA, SUSCEPTIBILITY TO, 2 (NBLST2). Phenotype ontologies: central hypoventilation syndrome, congenital, 1, with or without Hirschsprung disease, neuroblastoma, Autosomal dominant inheritance, Aganglionic megacolon, neuroblastoma, susceptibility to, 2. HGVS Name(s): c.*1582T>C.",,,,,,,,
rs9287300,Variant,0.25321832,dbSNP,Neuroblastoma,.,Phenotype ontologies,:,"Horner syndrome, obsolete Heterogeneous, Spinal cord compression, Hypertension, Elevated urinary dopamine level, Skin nodule, Elevated urinary homovanillic acid, Neuroblastoma, Myoclonus, Abnormal thorax morphology, Diarrhea, Fever, Abdominal pain, Autosomal dominant inheritance, Bone pain, Ataxia, neuroblastoma, Elevated urinary vanillylmandelic acid, Sporadic, Anemia, Weight loss, Neoplasm of the nervous system, Typified by incomplete penetrance, Failure to thrive",.,"HGVS Name(s): c.5500+881C>A, c.5500+881C>T.",,,,,,
rs9295536,Variant,0.27798963,dbSNP,Migraine;Neur,o,blastoma. Phenotype o,n,"tologies: Failure to thrive, Neoplasm of the nervous system, Weight loss, Bone pain, obsolete_migraine disorder, Abdominal pain, Fever, Autosomal dominant inheritance, Abnormal thorax morphology, Diarrhea, Hypertension, Spinal cord compression, obsolete Heterogeneous, Elevated urinary dopamine level, migraine disorder, Typified by incomplete penetrance, Sporadic, Anemia, Elevated urinary vanillylmandelic acid, neuroblastoma, Ataxia, Migraine, Myoclonus, Elevated urin",a,"ry homovanillic acid, Neuroblastoma, Horner syndrome, Skin nodule. HGVS Name(s): n.1334+20780C>A, n.1334+20780C>G.",,,,,,
rs932206,Variant,0.25321832,dbSNP,Neuroblastoma,.,Phenotype ontologies,:,"Typified by incomplete penetrance, Failure to thrive, Neoplasm of the nervous system, Sporadic, Weight loss, Anemia, Elevated urinary vanillylmandelic acid, Bone pain, neuroblastoma, Ataxia, Fever, Abdominal pain, Autosomal dominant inheritance, Diarrhea, Abnormal thorax morphology, Myoclonus, Elevated urinary homovanillic acid, Neuroblastoma, Hypertension, Spinal cord compression, Horner syndrome, obsolete Heterogeneous, Skin nodule, Elevated urinary dopamine level",.,HGVS Name(s): n.548-10446C>T.,,,,,,
rs9350051,Variant,0.27798963,dbSNP,Neuroblastoma,.,Phenotype ontologies,:,"Typified by incomplete penetrance, Failure to thrive, Sporadic, Anemia, Weight loss, Neoplasm of the nervous system, neuroblastoma, Bone pain, Ataxia, Elevated urinary vanillylmandelic acid, Fever, Abdominal pain, Autosomal dominant inheritance, Diarrhea, Abnormal thorax morphology, Myoclonus, Neuroblastoma, Elevated urinary homovanillic acid, Horner syndrome, obsolete Heterogeneous, Hypertension, Spinal cord compression, Elevated urinary dopamine level, Skin nodule",.,,,,,,,
rs9358606,Variant,0.27798963,dbSNP,Neuroblastoma,.,Phenotype ontologies,:,"Elevated urinary vanillylmandelic acid, Ataxia, Bone pain, neuroblastoma, Autosomal dominant inheritance, Fever, Abdominal pain, Failure to thrive, Typified by incomplete penetrance, Neoplasm of the nervous system, Sporadic, Weight loss, Anemia, Neuroblastoma, Elevated urinary homovanillic acid, Skin nodule, Elevated urinary dopamine level, Spinal cord compression, Hypertension, Horner syndrome, obsolete Heterogeneous, Diarrhea, Abnormal thorax morphology, Myoclonus",.,"HGVS Name(s): n.196+11238T>G, n.331+70381T>G.",,,,,,
rs939114,Variant,0.25321832,dbSNP,Neuroblastoma,.,Phenotype ontologies,:,"Spinal cord compression, Hypertension, Horner syndrome, obsolete Heterogeneous, Skin nodule, Elevated urinary dopamine level, Elevated urinary homovanillic acid, Neuroblastoma, Myoclonus, Diarrhea, Abnormal thorax morphology, Abdominal pain, Fever, Autosomal dominant inheritance, Elevated urinary vanillylmandelic acid, neuroblastoma, Bone pain, Ataxia, Neoplasm of the nervous system, Weight loss, Sporadic, Anemia, Typified by incomplete penetrance, Failure to thrive",.,HGVS Name(s): c.583+42556C>A.,,,,,,
rs9393227,Variant,0.27798963,dbSNP,Neuroblastoma,;,Total cerebellar volu,m,"e excluding Crus I vermis. Phenotype ontologies: Myoclonus, Diarrhea, Abnormal thorax morphology, Spinal cord compression, Hypertension, Horner syndrome, obsolete Heterogeneous, Skin nodule, Elevated urinary dopamine level, Elevated urinary homovanillic acid, Neuroblastoma, Neoplasm of the nervous system, Weight loss, Sporadic, Anemia, Typified by incomplete penetrance, Failure to thrive, Abdominal pain, Fever, Autosomal dominant inheritance, Elevated urinary vanilly",l,"mandelic acid, Bone pain, Ataxia, neuroblastoma. HGVS Name(s): n.1161-10064G>A, n.1161-10064G>C, n.1161-10064G>T.",,,,,,
rs943700412,Variant,0.25321832,dbSNP,Neuroblastoma,.,Phenotype ontologies,:,"Neoplasm of the nervous system, Sporadic, Anemia, Weight loss, Failure to thrive, Typified by incomplete penetrance, Autosomal dominant inheritance, Abdominal pain, Fever, Elevated urinary vanillylmandelic acid, Ataxia, Bone pain, neuroblastoma, Myoclonus, Diarrhea, Abnormal thorax morphology, Skin nodule, Elevated urinary dopamine level, Spinal cord compression, Hypertension, obsolete Heterogeneous, Horner syndrome, Elevated urinary homovanillic acid, Neuroblastoma",.,"HGVS Name(s): c.*2128C>T, c.*313C>T.",,,,,,
rs9465045,Variant,0.27798963,dbSNP,Neuroblastoma,.,Phenotype ontologies,:,"Abdominal pain, Fever, Autosomal dominant inheritance, Elevated urinary vanillylmandelic acid, Ataxia, Bone pain, neuroblastoma, Neoplasm of the nervous system, Sporadic, Anemia, Weight loss, Typified by incomplete penetrance, Failure to thrive, Spinal cord compression, Hypertension, obsolete Heterogeneous, Horner syndrome, Skin nodule, Elevated urinary dopamine level, Elevated urinary homovanillic acid, Neuroblastoma, Myoclonus, Abnormal thorax morphology, Diarrhea",.,"HGVS Name(s): c.301-4481T>C, c.445-4481T>C, c.559-4481T>C, c.637-4481T>C.",,,,,,
rs9466269,Variant,0.27798963,dbSNP,Neuroblastoma,.,Phenotype ontologies,:,"Autosomal dominant inheritance, Fever, Abdominal pain, neuroblastoma, Bone pain, Ataxia, Elevated urinary vanillylmandelic acid, Weight loss, Sporadic, Anemia, Neoplasm of the nervous system, Failure to thrive, Typified by incomplete penetrance, Elevated urinary dopamine level, Skin nodule, obsolete Heterogeneous, Horner syndrome, Spinal cord compression, Hypertension, Neuroblastoma, Elevated urinary homovanillic acid, Myoclonus, Diarrhea, Abnormal thorax morphology",.,"HGVS Name(s): n.1334+25260T>C, n.558A>G.",,,,,,
rs9466535,Variant,0.27798963,dbSNP,Neuroblastoma,.,Phenotype ontologies,:,"Failure to thrive, Typified by incomplete penetrance, Weight loss, Sporadic, Anemia, Neoplasm of the nervous system, Ataxia, Bone pain, neuroblastoma, Elevated urinary vanillylmandelic acid, Autosomal dominant inheritance, Abdominal pain, Fever, Diarrhea, Abnormal thorax morphology, Myoclonus, Elevated urinary homovanillic acid, Neuroblastoma, Elevated urinary dopamine level, Skin nodule, Horner syndrome, obsolete Heterogeneous, Spinal cord compression, Hypertension",.,"HGVS Name(s): n.331+40937G>A, n.331+40937G>C.",,,,,,
rs949455,Variant,0.25321832,dbSNP,Neuroblastoma,.,Phenotype ontologies,:,"Abnormal thorax morphology, Diarrhea, Myoclonus, Elevated urinary homovanillic acid, Neuroblastoma, Hypertension, Spinal cord compression, Horner syndrome, obsolete Heterogeneous, Skin nodule, Elevated urinary dopamine level, Typified by incomplete penetrance, Failure to thrive, Neoplasm of the nervous system, Anemia, Sporadic, Weight loss, Elevated urinary vanillylmandelic acid, Bone pain, Ataxia, neuroblastoma, Fever, Abdominal pain, Autosomal dominant inheritance",.,,,,,,,
rs957459,Variant,0.27798963,dbSNP,Neuroblastoma,.,Phenotype ontologies,:,"Elevated urinary homovanillic acid, Neuroblastoma, Skin nodule, Elevated urinary dopamine level, Hypertension, Spinal cord compression, obsolete Heterogeneous, Horner syndrome, Diarrhea, Abnormal thorax morphology, Myoclonus, Elevated urinary vanillylmandelic acid, Bone pain, Ataxia, neuroblastoma, Autosomal dominant inheritance, Fever, Abdominal pain, Failure to thrive, Typified by incomplete penetrance, Neoplasm of the nervous system, Sporadic, Weight loss, Anemia",.,"HGVS Name(s): c.891C>A, c.891C>T, c.933C>A, c.933C>T, c.993C>A, c.993C>T, p.Cys297=, p.Cys297Ter, p.Cys311=, p.Cys311Ter, p.Cys331=, p.Cys331Ter.",,,,,,
rs964285984,Variant,0.27798963,dbSNP,Haddad syndro,m,e;Hereditary cancer-p,r,"edisposing syndrome;NEUROBLASTOMA, SUSCEPTIBILITY TO, 2 (NBLST2). Phenotype ontologies: central hypoventilation syndrome, congenital, 1, with or without Hirschsprung disease, neuroblastoma, susceptibility to, 2, Haddad syndrome, neuroblastoma, Aganglionic megacolon, Autosomal dominant inheritance. HGVS Name(s): c.599C>A, c.599C>T, p.Pro200His, p.Pro200Leu.",,,,,,,,
rs9648623,Variant,0.32279584,dbSNP,Neuroblastoma,.,Phenotype ontologies,:,"Myoclonus, Diarrhea, Abnormal thorax morphology, Skin nodule, Elevated urinary dopamine level, Hypertension, Spinal cord compression, Horner syndrome, obsolete Heterogeneous, Elevated urinary homovanillic acid, Neuroblastoma, Neoplasm of the nervous system, Anemia, Sporadic, Weight loss, Failure to thrive, Typified by incomplete penetrance, Autosomal dominant inheritance, Abdominal pain, Fever, Elevated urinary vanillylmandelic acid, Ataxia, Bone pain, neuroblastoma",.,HGVS Name(s): c.814-1586G>A.,,,,,,
rs9653034,Variant,0.31848878,dbSNP,Neuroblastoma,.,Phenotype ontologies,:,"Fever, Abdominal pain, Autosomal dominant inheritance, Elevated urinary vanillylmandelic acid, Ataxia, Bone pain, neuroblastoma, Neoplasm of the nervous system, Weight loss, Sporadic, Anemia, Typified by incomplete penetrance, Failure to thrive, Hypertension, Spinal cord compression, Horner syndrome, obsolete Heterogeneous, Skin nodule, Elevated urinary dopamine level, Neuroblastoma, Elevated urinary homovanillic acid, Myoclonus, Diarrhea, Abnormal thorax morphology",.,HGVS Name(s): n.295-310C>T.,,,,,,
rs9682099,Variant,0.25321832,dbSNP,Neuroblastoma,;,Total PHF-tau SNP x S,N,"P interaction. Phenotype ontologies: Neuroblastoma, Elevated urinary homovanillic acid, Skin nodule, Horner syndrome, Myoclonus, Ataxia, neuroblastoma, Elevated urinary vanillylmandelic acid, PHF-tau measurement, Typified by incomplete penetrance, Anemia, Sporadic, Elevated urinary dopamine level, obsolete Heterogeneous, Hypertension, Spinal cord compression, Diarrhea, Abnormal thorax morphology, Bone pain, Autosomal dominant inheritance, Fever, Abdominal pain, Failu",r,"e to thrive, Weight loss, Neoplasm of the nervous system.",,,,,,
rs9745545,Variant,0.31848878,dbSNP,Neuroblastoma,,or malignant cutaneou,s,"melanoma. Phenotype ontologies: neuroblastoma, cutaneous melanoma. HGVS Name(s): c.288+684A>C, c.288+684A>G, c.288+684A>T.",,,,,,,,
rs977867,Variant,0.25321832,dbSNP,Neuroblastoma,.,Phenotype ontologies,:,"Elevated urinary vanillylmandelic acid, Ataxia, Bone pain, neuroblastoma, Autosomal dominant inheritance, Abdominal pain, Fever, Failure to thrive, Typified by incomplete penetrance, Neoplasm of the nervous system, Weight loss, Sporadic, Anemia, Neuroblastoma, Elevated urinary homovanillic acid, Skin nodule, Elevated urinary dopamine level, Spinal cord compression, Hypertension, Horner syndrome, obsolete Heterogeneous, Diarrhea, Abnormal thorax morphology, Myoclonus",.,"HGVS Name(s): n.306+30087G>A, n.306+30087G>C, n.306+30087G>T.",,,,,,
rs9827781,Variant,0.25321832,dbSNP,Neuroblastoma,.,Phenotype ontologies,:,"Elevated urinary vanillylmandelic acid, Bone pain, neuroblastoma, Ataxia, Abdominal pain, Fever, Autosomal dominant inheritance, Typified by incomplete penetrance, Failure to thrive, Neoplasm of the nervous system, Weight loss, Sporadic, Anemia, Elevated urinary homovanillic acid, Neuroblastoma, Spinal cord compression, Hypertension, Horner syndrome, obsolete Heterogeneous, Skin nodule, Elevated urinary dopamine level, Abnormal thorax morphology, Diarrhea, Myoclonus",.,HGVS Name(s): c.532-22450T>C.,,,,,,
rs9832305,Variant,0.25321832,dbSNP,Neuroblastoma,.,Phenotype ontologies,:,"neuroblastoma, Bone pain, Ataxia, Elevated urinary vanillylmandelic acid, Abdominal pain, Fever, Autosomal dominant inheritance, Typified by incomplete penetrance, Failure to thrive, Sporadic, Anemia, Weight loss, Neoplasm of the nervous system, Elevated urinary homovanillic acid, Neuroblastoma, obsolete Heterogeneous, Horner syndrome, Hypertension, Spinal cord compression, Elevated urinary dopamine level, Skin nodule, Diarrhea, Abnormal thorax morphology, Myoclonus",.,HGVS Name(s): c.1306+1538T>C.,,,,,,
rs9857883,Variant,0.25321832,dbSNP,Body Mass Ind,e,x (BMI);Neuroblastoma,.,"Phenotype ontologies: Elevated urinary dopamine level, Hypertension, Spinal cord compression, obsolete Heterogeneous, Diarrhea, Abnormal thorax morphology, Autosomal dominant inheritance, Abdominal pain, body mass index, Fever, Bone pain, Neoplasm of the nervous system, longitudinal BMI measurement, Weight loss, Failure to thrive, Skin nodule, Horner syndrome, Neuroblastoma, Elevated urinary homovanillic acid, Myoclonus, Elevated urinary vanillylmandelic acid, Ataxi",a,", neuroblastoma, Anemia, Sporadic, Typified by incomplete penetrance. HGVS Name(s): c.321-33589A>C, c.321-33589A>T.",,,,,,
rs9863794,Variant,0.25321832,dbSNP,Neuroblastoma,.,Phenotype ontologies,:,"Failure to thrive, Typified by incomplete penetrance, Neoplasm of the nervous system, Sporadic, Anemia, Weight loss, Elevated urinary vanillylmandelic acid, Bone pain, Ataxia, neuroblastoma, Autosomal dominant inheritance, Abdominal pain, Fever, Diarrhea, Abnormal thorax morphology, Myoclonus, Elevated urinary homovanillic acid, Neuroblastoma, Skin nodule, Elevated urinary dopamine level, Hypertension, Spinal cord compression, obsolete Heterogeneous, Horner syndrome",.,"HGVS Name(s): n.326+12495G>A, n.326+12495G>C.",,,,,,
rs9892996,Variant,0.31848878,dbSNP,Neuroblastoma,.,Phenotype ontologies,:,"Skin nodule, Elevated urinary dopamine level, Spinal cord compression, Hypertension, Horner syndrome, obsolete Heterogeneous, Neuroblastoma, Elevated urinary homovanillic acid, Myoclonus, Abnormal thorax morphology, Diarrhea, Autosomal dominant inheritance, Abdominal pain, Fever, Elevated urinary vanillylmandelic acid, Bone pain, Ataxia, neuroblastoma, Neoplasm of the nervous system, Sporadic, Anemia, Weight loss, Failure to thrive, Typified by incomplete penetrance",.,,,,,,,
rs992482431,Variant,0.25321832,dbSNP,Neuroblastoma,.,Phenotype ontologies,:,"Myoclonus, Abnormal thorax morphology, Diarrhea, Horner syndrome, obsolete Heterogeneous, Spinal cord compression, Hypertension, Elevated urinary dopamine level, Skin nodule, Elevated urinary homovanillic acid, Neuroblastoma, Weight loss, Sporadic, Anemia, Neoplasm of the nervous system, Typified by incomplete penetrance, Failure to thrive, Abdominal pain, Fever, Autosomal dominant inheritance, neuroblastoma, Bone pain, Ataxia, Elevated urinary vanillylmandelic acid",.,"HGVS Name(s): c.*201A>G, c.5366+1415A>G.",,,,,,
rs994949118,Variant,0.27798963,dbSNP,Congenital ce,n,tral hypoventilation;,N,"EUROBLASTOMA, SUSCEPTIBILITY TO, 2 (NBLST2). Phenotype ontologies: neuroblastoma, central hypoventilation syndrome, congenital, 1, with or without Hirschsprung disease, Aganglionic megacolon, Autosomal dominant inheritance, neuroblastoma, susceptibility to, 2. HGVS Name(s): c.*214A>G.",,,,,,,,
rs995729981,Variant,0.25321832,dbSNP,Neuroblastoma,.,Phenotype ontologies,:,"Sporadic, Anemia, Weight loss, Neoplasm of the nervous system, Failure to thrive, Typified by incomplete penetrance, Autosomal dominant inheritance, Fever, Abdominal pain, Bone pain, neuroblastoma, Ataxia, Elevated urinary vanillylmandelic acid, Myoclonus, Abnormal thorax morphology, Diarrhea, Elevated urinary dopamine level, Skin nodule, obsolete Heterogeneous, Horner syndrome, Hypertension, Spinal cord compression, Neuroblastoma, Elevated urinary homovanillic acid",.,"HGVS Name(s): c.*162G>C, c.*1977G>C.",,,,,,
rs997748530,Variant,0.25321832,dbSNP,Neuroblastoma,.,Phenotype ontologies,:,"Myoclonus, Diarrhea, Abnormal thorax morphology, Hypertension, Spinal cord compression, obsolete Heterogeneous, Horner syndrome, Skin nodule, Elevated urinary dopamine level, Elevated urinary homovanillic acid, Neuroblastoma, Neoplasm of the nervous system, Weight loss, Sporadic, Anemia, Typified by incomplete penetrance, Failure to thrive, Fever, Abdominal pain, Autosomal dominant inheritance, Elevated urinary vanillylmandelic acid, Bone pain, neuroblastoma, Ataxia",.,"HGVS Name(s): c.*2826T>C, c.*4641T>C.",,,,,,
rs998980655,Variant,0.25321832,dbSNP,Neuroblastoma,.,Phenotype ontologies,:,"Elevated urinary homovanillic acid, Neuroblastoma, Elevated urinary dopamine level, Skin nodule, Horner syndrome, obsolete Heterogeneous, Hypertension, Spinal cord compression, Diarrhea, Abnormal thorax morphology, Myoclonus, Ataxia, Bone pain, neuroblastoma, Elevated urinary vanillylmandelic acid, Autosomal dominant inheritance, Abdominal pain, Fever, Failure to thrive, Typified by incomplete penetrance, Sporadic, Anemia, Weight loss, Neoplasm of the nervous system",.,"HGVS Name(s): c.*1224C>G, c.*1224C>T, c.5367-528C>G, c.5367-528C>T.",,,,,,
